instance,elapsed_seconds,mean_global_best,min_global_best,max_global_best,runs_with_value
cubic_100.txt,0.0,nan,nan,nan,0
cubic_100.txt,0.0579399991,109.8,103.0,116.0,10
cubic_100.txt,0.1158799982,109.8,103.0,116.0,10
cubic_100.txt,0.1738199973,109.8,103.0,116.0,10
cubic_100.txt,0.2317599964,109.8,103.0,116.0,10
cubic_100.txt,0.28969999550000003,109.8,103.0,116.0,10
cubic_100.txt,0.3476399946,109.8,103.0,116.0,10
cubic_100.txt,0.40557999370000003,109.8,103.0,116.0,10
cubic_100.txt,0.4635199928,108.8,94.0,116.0,10
cubic_100.txt,0.5214599919,98.6,87.0,115.0,10
cubic_100.txt,0.5793999910000001,87.6,84.0,94.0,10
cubic_100.txt,0.6373399901000001,87.6,84.0,94.0,10
cubic_100.txt,0.6952799892,87.6,84.0,94.0,10
cubic_100.txt,0.7532199883,87.6,84.0,94.0,10
cubic_100.txt,0.8111599874000001,87.6,84.0,94.0,10
cubic_100.txt,0.8690999865000001,87.6,84.0,94.0,10
cubic_100.txt,0.9270399856,87.6,84.0,94.0,10
cubic_100.txt,0.9849799847,87.0,84.0,89.0,10
cubic_100.txt,1.0429199838,86.3,84.0,88.0,10
cubic_100.txt,1.1008599829,86.3,84.0,88.0,10
cubic_100.txt,1.1587999820000001,86.2,84.0,88.0,10
cubic_100.txt,1.2167399811,86.2,84.0,88.0,10
cubic_100.txt,1.2746799802000002,86.2,84.0,88.0,10
cubic_100.txt,1.3326199793,86.2,84.0,88.0,10
cubic_100.txt,1.3905599784,86.2,84.0,88.0,10
cubic_100.txt,1.4484999775,86.2,84.0,88.0,10
cubic_100.txt,1.5064399766,86.0,84.0,88.0,10
cubic_100.txt,1.5643799756999999,86.0,84.0,88.0,10
cubic_100.txt,1.6223199748000001,85.6,84.0,88.0,10
cubic_100.txt,1.6802599739000001,85.4,84.0,88.0,10
cubic_100.txt,1.7381999730000002,85.4,84.0,88.0,10
cubic_100.txt,1.7961399721,85.4,84.0,88.0,10
cubic_100.txt,1.8540799712,85.4,84.0,88.0,10
cubic_100.txt,1.9120199703,85.4,84.0,88.0,10
cubic_100.txt,1.9699599694,85.4,84.0,88.0,10
cubic_100.txt,2.0278999685,85.4,84.0,88.0,10
cubic_100.txt,2.0858399676,85.4,84.0,88.0,10
cubic_100.txt,2.1437799667000004,85.4,84.0,88.0,10
cubic_100.txt,2.2017199658,85.4,84.0,88.0,10
cubic_100.txt,2.2596599649,85.4,84.0,88.0,10
cubic_100.txt,2.3175999640000002,85.4,84.0,88.0,10
cubic_100.txt,2.3755399631,85.4,84.0,88.0,10
cubic_100.txt,2.4334799622,85.4,84.0,88.0,10
cubic_100.txt,2.4914199613,85.4,84.0,88.0,10
cubic_100.txt,2.5493599604000003,85.1,84.0,88.0,10
cubic_100.txt,2.6072999594999997,85.1,84.0,88.0,10
cubic_100.txt,2.6652399586,85.1,84.0,88.0,10
cubic_100.txt,2.7231799576999998,85.1,84.0,88.0,10
cubic_100.txt,2.7811199568,85.1,84.0,88.0,10
cubic_100.txt,2.8390599559000003,85.1,84.0,88.0,10
cubic_100.txt,2.896999955,85.1,84.0,88.0,10
cubic_100.txt,2.9549399541000003,85.1,84.0,88.0,10
cubic_100.txt,3.0128799532,85.1,84.0,88.0,10
cubic_100.txt,3.0708199523000004,85.1,84.0,88.0,10
cubic_100.txt,3.1287599513999997,85.1,84.0,88.0,10
cubic_100.txt,3.1866999505,85.1,84.0,88.0,10
cubic_100.txt,3.2446399496000002,85.1,84.0,88.0,10
cubic_100.txt,3.3025799487,85.1,84.0,88.0,10
cubic_100.txt,3.3605199478000003,85.1,84.0,88.0,10
cubic_100.txt,3.4184599469,85.1,84.0,88.0,10
cubic_100.txt,3.4763999460000004,85.1,84.0,88.0,10
cubic_100.txt,3.5343399450999997,85.1,84.0,88.0,10
cubic_100.txt,3.5922799442,85.1,84.0,88.0,10
cubic_100.txt,3.6502199432999998,85.1,84.0,88.0,10
cubic_100.txt,3.7081599424,84.8,83.0,88.0,10
cubic_100.txt,3.7660999415000003,84.6,82.0,88.0,10
cubic_100.txt,3.8240399406,84.6,82.0,88.0,10
cubic_100.txt,3.8819799397000003,84.6,82.0,88.0,10
cubic_100.txt,3.9399199388,84.6,82.0,88.0,10
cubic_100.txt,3.9978599379000004,84.6,82.0,88.0,10
cubic_100.txt,4.055799937,84.6,82.0,88.0,10
cubic_100.txt,4.1137399361,84.6,82.0,88.0,10
cubic_100.txt,4.1716799352,84.6,82.0,88.0,10
cubic_100.txt,4.2296199343000005,84.6,82.0,88.0,10
cubic_100.txt,4.287559933400001,84.6,82.0,88.0,10
cubic_100.txt,4.3454999325,84.6,82.0,88.0,10
cubic_100.txt,4.4034399316,84.5,82.0,88.0,10
cubic_100.txt,4.4613799307,84.5,82.0,88.0,10
cubic_100.txt,4.5193199298,84.4,82.0,88.0,10
cubic_100.txt,4.5772599289,84.4,82.0,88.0,10
cubic_100.txt,4.6351999280000005,84.4,82.0,88.0,10
cubic_100.txt,4.693139927100001,84.4,82.0,88.0,10
cubic_100.txt,4.7510799262,84.4,82.0,88.0,10
cubic_100.txt,4.8090199253,84.4,82.0,88.0,10
cubic_100.txt,4.8669599244,84.4,82.0,88.0,10
cubic_100.txt,4.9248999235,84.0,82.0,88.0,10
cubic_100.txt,4.9828399226,84.0,82.0,88.0,10
cubic_100.txt,5.0407799217,84.0,82.0,88.0,10
cubic_100.txt,5.098719920800001,84.0,82.0,88.0,10
cubic_100.txt,5.156659919900001,84.0,82.0,88.0,10
cubic_100.txt,5.214599918999999,84.0,82.0,88.0,10
cubic_100.txt,5.2725399181,84.0,82.0,88.0,10
cubic_100.txt,5.3304799172,84.0,82.0,88.0,10
cubic_100.txt,5.3884199163,84.0,82.0,88.0,10
cubic_100.txt,5.4463599153999995,84.0,82.0,88.0,10
cubic_100.txt,5.5042999145,84.0,82.0,88.0,10
cubic_100.txt,5.5622399136,84.0,82.0,88.0,10
cubic_100.txt,5.6201799127,84.0,82.0,88.0,10
cubic_100.txt,5.6781199118000005,84.0,82.0,88.0,10
cubic_100.txt,5.7360599109,84.0,82.0,88.0,10
cubic_100.txt,5.79399991,84.0,82.0,88.0,10
cubic_1000.txt,0.0,nan,nan,nan,0
cubic_1000.txt,0.23463999987,1089.7,1062.0,1109.0,10
cubic_1000.txt,0.46927999974,1089.7,1062.0,1109.0,10
cubic_1000.txt,0.7039199996100001,1089.7,1062.0,1109.0,10
cubic_1000.txt,0.93855999948,1087.8,1060.0,1109.0,10
cubic_1000.txt,1.17319999935,1067.5,1057.0,1096.0,10
cubic_1000.txt,1.4078399992200001,1064.4,1057.0,1077.0,10
cubic_1000.txt,1.64247999909,1064.4,1057.0,1077.0,10
cubic_1000.txt,1.87711999896,1061.6,1057.0,1067.0,10
cubic_1000.txt,2.11175999883,1061.0,1053.0,1067.0,10
cubic_1000.txt,2.3463999987,995.9,893.0,1067.0,10
cubic_1000.txt,2.58103999857,928.9,890.0,1061.0,10
cubic_1000.txt,2.8156799984400003,914.6,890.0,1061.0,10
cubic_1000.txt,3.05031999831,897.1,886.0,917.0,10
cubic_1000.txt,3.28495999818,897.1,886.0,917.0,10
cubic_1000.txt,3.51959999805,897.1,886.0,917.0,10
cubic_1000.txt,3.75423999792,896.3,886.0,909.0,10
cubic_1000.txt,3.9888799977900002,896.3,886.0,909.0,10
cubic_1000.txt,4.22351999766,896.3,886.0,909.0,10
cubic_1000.txt,4.45815999753,895.1,886.0,904.0,10
cubic_1000.txt,4.6927999974,895.1,886.0,904.0,10
cubic_1000.txt,4.9274399972700005,892.2,885.0,900.0,10
cubic_1000.txt,5.16207999714,892.2,885.0,900.0,10
cubic_1000.txt,5.39671999701,892.2,885.0,900.0,10
cubic_1000.txt,5.6313599968800006,891.4,878.0,900.0,10
cubic_1000.txt,5.86599999675,891.4,878.0,900.0,10
cubic_1000.txt,6.10063999662,891.3,878.0,900.0,10
cubic_1000.txt,6.33527999649,891.3,878.0,900.0,10
cubic_1000.txt,6.56991999636,891.3,878.0,900.0,10
cubic_1000.txt,6.80455999623,890.6,878.0,897.0,10
cubic_1000.txt,7.0391999961,890.6,878.0,897.0,10
cubic_1000.txt,7.27383999597,890.6,878.0,897.0,10
cubic_1000.txt,7.50847999584,890.6,878.0,897.0,10
cubic_1000.txt,7.74311999571,890.5,878.0,897.0,10
cubic_1000.txt,7.9777599955800005,890.3,878.0,896.0,10
cubic_1000.txt,8.212399995450001,890.3,878.0,896.0,10
cubic_1000.txt,8.44703999532,889.9,878.0,896.0,10
cubic_1000.txt,8.68167999519,889.9,878.0,896.0,10
cubic_1000.txt,8.91631999506,888.0,875.0,896.0,10
cubic_1000.txt,9.15095999493,888.0,875.0,896.0,10
cubic_1000.txt,9.3855999948,887.8,875.0,895.0,10
cubic_1000.txt,9.620239994670001,886.4,875.0,894.0,10
cubic_1000.txt,9.854879994540001,886.4,875.0,894.0,10
cubic_1000.txt,10.08951999441,886.3,875.0,894.0,10
cubic_1000.txt,10.32415999428,884.6,874.0,893.0,10
cubic_1000.txt,10.558799994150002,884.6,874.0,893.0,10
cubic_1000.txt,10.79343999402,884.0,874.0,893.0,10
cubic_1000.txt,11.028079993890001,884.0,874.0,893.0,10
cubic_1000.txt,11.262719993760001,884.0,874.0,893.0,10
cubic_1000.txt,11.49735999363,884.0,874.0,893.0,10
cubic_1000.txt,11.7319999935,883.3,874.0,893.0,10
cubic_1000.txt,11.96663999337,883.3,874.0,893.0,10
cubic_1000.txt,12.20127999324,883.3,874.0,893.0,10
cubic_1000.txt,12.435919993110002,882.7,874.0,893.0,10
cubic_1000.txt,12.67055999298,882.4,874.0,891.0,10
cubic_1000.txt,12.905199992850001,882.4,874.0,891.0,10
cubic_1000.txt,13.13983999272,882.0,870.0,891.0,10
cubic_1000.txt,13.37447999259,882.0,870.0,891.0,10
cubic_1000.txt,13.60911999246,880.9,870.0,890.0,10
cubic_1000.txt,13.843759992330002,880.9,870.0,890.0,10
cubic_1000.txt,14.0783999922,880.6,870.0,887.0,10
cubic_1000.txt,14.313039992070001,880.6,870.0,887.0,10
cubic_1000.txt,14.54767999194,879.5,870.0,887.0,10
cubic_1000.txt,14.78231999181,879.5,870.0,887.0,10
cubic_1000.txt,15.01695999168,879.5,870.0,887.0,10
cubic_1000.txt,15.251599991550002,879.5,870.0,887.0,10
cubic_1000.txt,15.48623999142,879.0,870.0,887.0,10
cubic_1000.txt,15.720879991290001,879.0,870.0,887.0,10
cubic_1000.txt,15.955519991160001,879.0,870.0,887.0,10
cubic_1000.txt,16.19015999103,877.8,870.0,885.0,10
cubic_1000.txt,16.424799990900002,877.8,870.0,885.0,10
cubic_1000.txt,16.65943999077,877.8,870.0,885.0,10
cubic_1000.txt,16.89407999064,876.8,868.0,885.0,10
cubic_1000.txt,17.12871999051,876.8,868.0,885.0,10
cubic_1000.txt,17.36335999038,875.8,868.0,882.0,10
cubic_1000.txt,17.59799999025,875.8,868.0,882.0,10
cubic_1000.txt,17.83263999012,875.1,868.0,882.0,10
cubic_1000.txt,18.067279989990002,875.1,868.0,882.0,10
cubic_1000.txt,18.30191998986,875.1,868.0,882.0,10
cubic_1000.txt,18.53655998973,875.1,868.0,882.0,10
cubic_1000.txt,18.7711999896,875.1,868.0,882.0,10
cubic_1000.txt,19.00583998947,875.1,868.0,882.0,10
cubic_1000.txt,19.240479989340002,874.9,868.0,880.0,10
cubic_1000.txt,19.47511998921,874.9,868.0,880.0,10
cubic_1000.txt,19.709759989080002,874.9,868.0,880.0,10
cubic_1000.txt,19.94439998895,874.9,868.0,880.0,10
cubic_1000.txt,20.17903998882,874.6,868.0,880.0,10
cubic_1000.txt,20.41367998869,874.6,868.0,880.0,10
cubic_1000.txt,20.64831998856,874.6,868.0,880.0,10
cubic_1000.txt,20.882959988430002,874.6,868.0,880.0,10
cubic_1000.txt,21.117599988300004,874.6,868.0,880.0,10
cubic_1000.txt,21.35223998817,874.6,868.0,880.0,10
cubic_1000.txt,21.58687998804,874.6,868.0,880.0,10
cubic_1000.txt,21.82151998791,874.5,868.0,880.0,10
cubic_1000.txt,22.056159987780003,874.5,868.0,880.0,10
cubic_1000.txt,22.290799987650004,874.5,868.0,880.0,10
cubic_1000.txt,22.525439987520002,874.5,868.0,880.0,10
cubic_1000.txt,22.76007998739,873.5,868.0,878.0,10
cubic_1000.txt,22.99471998726,873.5,868.0,878.0,10
cubic_1000.txt,23.22935998713,873.5,868.0,878.0,10
cubic_1000.txt,23.463999987,872.4,868.0,878.0,10
cubic_1100.txt,0.0,nan,nan,nan,0
cubic_1100.txt,0.25687999963999997,1217.7,1194.0,1235.0,10
cubic_1100.txt,0.5137599992799999,1217.7,1194.0,1235.0,10
cubic_1100.txt,0.77063999892,1217.7,1194.0,1235.0,10
cubic_1100.txt,1.0275199985599999,1193.7,1169.0,1227.0,10
cubic_1100.txt,1.2843999982,1177.1,1165.0,1209.0,10
cubic_1100.txt,1.54127999784,1173.4,1165.0,1182.0,10
cubic_1100.txt,1.79815999748,1167.3,1157.0,1178.0,10
cubic_1100.txt,2.0550399971199997,1165.6,1157.0,1172.0,10
cubic_1100.txt,2.31191999676,1165.6,1157.0,1172.0,10
cubic_1100.txt,2.5687999964,1034.2,973.0,1167.0,10
cubic_1100.txt,2.82567999604,996.3,965.0,1156.0,10
cubic_1100.txt,3.08255999568,996.3,965.0,1156.0,10
cubic_1100.txt,3.3394399953200002,979.8,965.0,998.0,10
cubic_1100.txt,3.59631999496,979.8,965.0,998.0,10
cubic_1100.txt,3.8531999945999997,978.7,965.0,998.0,10
cubic_1100.txt,4.1100799942399995,978.1,965.0,998.0,10
cubic_1100.txt,4.36695999388,978.1,965.0,998.0,10
cubic_1100.txt,4.62383999352,978.1,965.0,998.0,10
cubic_1100.txt,4.88071999316,975.3,965.0,998.0,10
cubic_1100.txt,5.1375999928,972.1,959.0,978.0,10
cubic_1100.txt,5.39447999244,971.8,959.0,978.0,10
cubic_1100.txt,5.65135999208,971.7,959.0,978.0,10
cubic_1100.txt,5.9082399917199995,971.7,959.0,978.0,10
cubic_1100.txt,6.16511999136,971.7,959.0,978.0,10
cubic_1100.txt,6.421999991,971.7,959.0,978.0,10
cubic_1100.txt,6.6788799906400005,971.7,959.0,978.0,10
cubic_1100.txt,6.935759990279999,971.0,958.0,978.0,10
cubic_1100.txt,7.19263998992,970.8,958.0,978.0,10
cubic_1100.txt,7.44951998956,970.8,958.0,978.0,10
cubic_1100.txt,7.7063999891999995,970.8,958.0,978.0,10
cubic_1100.txt,7.963279988839999,970.0,958.0,978.0,10
cubic_1100.txt,8.220159988479999,967.1,958.0,978.0,10
cubic_1100.txt,8.47703998812,966.0,948.0,978.0,10
cubic_1100.txt,8.73391998776,966.0,948.0,978.0,10
cubic_1100.txt,8.990799987399999,965.3,948.0,977.0,10
cubic_1100.txt,9.24767998704,965.3,948.0,977.0,10
cubic_1100.txt,9.50455998668,965.3,948.0,977.0,10
cubic_1100.txt,9.76143998632,965.3,948.0,977.0,10
cubic_1100.txt,10.01831998596,965.3,948.0,977.0,10
cubic_1100.txt,10.2751999856,964.5,948.0,977.0,10
cubic_1100.txt,10.53207998524,964.5,948.0,977.0,10
cubic_1100.txt,10.78895998488,963.9,948.0,977.0,10
cubic_1100.txt,11.04583998452,963.9,948.0,977.0,10
cubic_1100.txt,11.30271998416,963.9,948.0,977.0,10
cubic_1100.txt,11.559599983799998,963.9,948.0,977.0,10
cubic_1100.txt,11.816479983439999,963.9,948.0,977.0,10
cubic_1100.txt,12.07335998308,963.9,948.0,977.0,10
cubic_1100.txt,12.33023998272,963.9,948.0,977.0,10
cubic_1100.txt,12.58711998236,963.9,948.0,977.0,10
cubic_1100.txt,12.843999982,963.9,948.0,977.0,10
cubic_1100.txt,13.10087998164,963.9,948.0,977.0,10
cubic_1100.txt,13.357759981280001,963.1,948.0,977.0,10
cubic_1100.txt,13.614639980919998,962.7,948.0,977.0,10
cubic_1100.txt,13.871519980559999,962.7,948.0,977.0,10
cubic_1100.txt,14.1283999802,961.7,948.0,968.0,10
cubic_1100.txt,14.38527997984,961.4,948.0,968.0,10
cubic_1100.txt,14.64215997948,961.4,948.0,968.0,10
cubic_1100.txt,14.89903997912,960.5,948.0,968.0,10
cubic_1100.txt,15.15591997876,960.5,948.0,968.0,10
cubic_1100.txt,15.412799978399999,960.5,948.0,968.0,10
cubic_1100.txt,15.66967997804,960.2,948.0,968.0,10
cubic_1100.txt,15.926559977679998,960.2,948.0,968.0,10
cubic_1100.txt,16.18343997732,960.2,948.0,968.0,10
cubic_1100.txt,16.440319976959998,960.2,948.0,968.0,10
cubic_1100.txt,16.6971999766,959.7,948.0,968.0,10
cubic_1100.txt,16.95407997624,959.7,948.0,968.0,10
cubic_1100.txt,17.21095997588,959.7,948.0,968.0,10
cubic_1100.txt,17.46783997552,959.0,948.0,965.0,10
cubic_1100.txt,17.72471997516,959.0,948.0,965.0,10
cubic_1100.txt,17.981599974799998,959.0,948.0,965.0,10
cubic_1100.txt,18.23847997444,959.0,948.0,965.0,10
cubic_1100.txt,18.49535997408,958.4,948.0,965.0,10
cubic_1100.txt,18.75223997372,958.3,948.0,965.0,10
cubic_1100.txt,19.00911997336,958.3,948.0,965.0,10
cubic_1100.txt,19.265999973,958.3,948.0,965.0,10
cubic_1100.txt,19.52287997264,958.3,948.0,965.0,10
cubic_1100.txt,19.779759972279997,958.3,948.0,965.0,10
cubic_1100.txt,20.03663997192,958.3,948.0,965.0,10
cubic_1100.txt,20.29351997156,958.2,948.0,964.0,10
cubic_1100.txt,20.5503999712,958.2,948.0,964.0,10
cubic_1100.txt,20.80727997084,957.7,948.0,964.0,10
cubic_1100.txt,21.06415997048,957.7,948.0,964.0,10
cubic_1100.txt,21.32103997012,957.7,948.0,964.0,10
cubic_1100.txt,21.57791996976,957.7,948.0,964.0,10
cubic_1100.txt,21.834799969400002,957.7,948.0,964.0,10
cubic_1100.txt,22.09167996904,957.5,948.0,964.0,10
cubic_1100.txt,22.34855996868,956.9,947.0,964.0,10
cubic_1100.txt,22.60543996832,956.3,947.0,964.0,10
cubic_1100.txt,22.862319967959998,956.3,947.0,964.0,10
cubic_1100.txt,23.119199967599997,956.1,947.0,964.0,10
cubic_1100.txt,23.37607996724,956.0,947.0,964.0,10
cubic_1100.txt,23.632959966879998,956.0,947.0,964.0,10
cubic_1100.txt,23.88983996652,956.0,947.0,964.0,10
cubic_1100.txt,24.14671996616,955.9,947.0,964.0,10
cubic_1100.txt,24.403599965799998,955.9,947.0,964.0,10
cubic_1100.txt,24.66047996544,955.7,947.0,964.0,10
cubic_1100.txt,24.91735996508,954.6,946.0,964.0,10
cubic_1100.txt,25.17423996472,954.6,946.0,964.0,10
cubic_1100.txt,25.43111996436,954.6,946.0,964.0,10
cubic_1100.txt,25.687999964,954.6,946.0,964.0,10
cubic_1200.txt,0.0,nan,nan,nan,0
cubic_1200.txt,0.27627000093,1322.6,1289.0,1348.0,10
cubic_1200.txt,0.55254000186,1322.6,1289.0,1348.0,10
cubic_1200.txt,0.82881000279,1322.6,1289.0,1348.0,10
cubic_1200.txt,1.10508000372,1290.1,1267.0,1321.0,10
cubic_1200.txt,1.3813500046499998,1282.1,1267.0,1289.0,10
cubic_1200.txt,1.65762000558,1282.1,1267.0,1289.0,10
cubic_1200.txt,1.93389000651,1277.0,1267.0,1285.0,10
cubic_1200.txt,2.21016000744,1275.3,1266.0,1283.0,10
cubic_1200.txt,2.4864300083699997,1275.3,1266.0,1283.0,10
cubic_1200.txt,2.7627000092999996,1188.9,1047.0,1281.0,10
cubic_1200.txt,3.03897001023,1065.8,1047.0,1096.0,10
cubic_1200.txt,3.31524001116,1065.8,1047.0,1096.0,10
cubic_1200.txt,3.59151001209,1065.8,1047.0,1096.0,10
cubic_1200.txt,3.86778001302,1065.8,1047.0,1096.0,10
cubic_1200.txt,4.14405001395,1065.8,1047.0,1096.0,10
cubic_1200.txt,4.42032001488,1065.8,1047.0,1096.0,10
cubic_1200.txt,4.69659001581,1065.8,1047.0,1096.0,10
cubic_1200.txt,4.9728600167399994,1065.8,1047.0,1096.0,10
cubic_1200.txt,5.24913001767,1064.6,1047.0,1096.0,10
cubic_1200.txt,5.525400018599999,1061.6,1047.0,1081.0,10
cubic_1200.txt,5.8016700195299995,1060.4,1047.0,1081.0,10
cubic_1200.txt,6.07794002046,1060.4,1047.0,1081.0,10
cubic_1200.txt,6.354210021389999,1060.4,1047.0,1081.0,10
cubic_1200.txt,6.63048002232,1060.4,1047.0,1081.0,10
cubic_1200.txt,6.906750023250001,1060.4,1047.0,1081.0,10
cubic_1200.txt,7.18302002418,1059.7,1047.0,1081.0,10
cubic_1200.txt,7.4592900251100005,1059.2,1047.0,1081.0,10
cubic_1200.txt,7.73556002604,1058.4,1047.0,1081.0,10
cubic_1200.txt,8.01183002697,1057.7,1047.0,1074.0,10
cubic_1200.txt,8.2881000279,1057.0,1047.0,1074.0,10
cubic_1200.txt,8.56437002883,1056.4,1047.0,1074.0,10
cubic_1200.txt,8.84064002976,1056.4,1047.0,1074.0,10
cubic_1200.txt,9.11691003069,1055.7,1047.0,1074.0,10
cubic_1200.txt,9.39318003162,1055.2,1045.0,1074.0,10
cubic_1200.txt,9.66945003255,1055.2,1045.0,1074.0,10
cubic_1200.txt,9.945720033479999,1054.1,1036.0,1074.0,10
cubic_1200.txt,10.22199003441,1054.1,1036.0,1074.0,10
cubic_1200.txt,10.49826003534,1053.3,1036.0,1074.0,10
cubic_1200.txt,10.77453003627,1053.3,1036.0,1074.0,10
cubic_1200.txt,11.050800037199998,1053.3,1036.0,1074.0,10
cubic_1200.txt,11.32707003813,1052.9,1036.0,1070.0,10
cubic_1200.txt,11.603340039059999,1052.9,1036.0,1070.0,10
cubic_1200.txt,11.87961003999,1052.9,1036.0,1070.0,10
cubic_1200.txt,12.15588004092,1051.8,1036.0,1068.0,10
cubic_1200.txt,12.43215004185,1051.8,1036.0,1068.0,10
cubic_1200.txt,12.708420042779998,1051.1,1036.0,1068.0,10
cubic_1200.txt,12.98469004371,1051.1,1036.0,1068.0,10
cubic_1200.txt,13.26096004464,1051.1,1036.0,1068.0,10
cubic_1200.txt,13.53723004557,1051.1,1036.0,1068.0,10
cubic_1200.txt,13.813500046500002,1051.1,1036.0,1068.0,10
cubic_1200.txt,14.08977004743,1051.1,1036.0,1068.0,10
cubic_1200.txt,14.36604004836,1050.3,1036.0,1068.0,10
cubic_1200.txt,14.64231004929,1049.9,1036.0,1065.0,10
cubic_1200.txt,14.918580050220001,1049.9,1036.0,1065.0,10
cubic_1200.txt,15.194850051149999,1049.8,1036.0,1065.0,10
cubic_1200.txt,15.47112005208,1049.8,1036.0,1065.0,10
cubic_1200.txt,15.74739005301,1048.7,1036.0,1065.0,10
cubic_1200.txt,16.02366005394,1048.6,1036.0,1065.0,10
cubic_1200.txt,16.29993005487,1048.5,1036.0,1065.0,10
cubic_1200.txt,16.5762000558,1048.5,1036.0,1065.0,10
cubic_1200.txt,16.85247005673,1047.2,1036.0,1055.0,10
cubic_1200.txt,17.12874005766,1047.1,1036.0,1055.0,10
cubic_1200.txt,17.405010058589998,1047.1,1036.0,1055.0,10
cubic_1200.txt,17.68128005952,1047.1,1036.0,1055.0,10
cubic_1200.txt,17.95755006045,1047.1,1036.0,1055.0,10
cubic_1200.txt,18.23382006138,1047.1,1036.0,1055.0,10
cubic_1200.txt,18.51009006231,1047.1,1036.0,1055.0,10
cubic_1200.txt,18.78636006324,1047.1,1036.0,1055.0,10
cubic_1200.txt,19.06263006417,1047.1,1036.0,1055.0,10
cubic_1200.txt,19.3389000651,1047.1,1036.0,1055.0,10
cubic_1200.txt,19.61517006603,1047.1,1036.0,1055.0,10
cubic_1200.txt,19.891440066959998,1047.1,1036.0,1055.0,10
cubic_1200.txt,20.16771006789,1047.0,1036.0,1055.0,10
cubic_1200.txt,20.44398006882,1047.0,1036.0,1055.0,10
cubic_1200.txt,20.72025006975,1047.0,1036.0,1055.0,10
cubic_1200.txt,20.99652007068,1047.0,1036.0,1055.0,10
cubic_1200.txt,21.272790071609997,1047.0,1036.0,1055.0,10
cubic_1200.txt,21.54906007254,1047.0,1036.0,1055.0,10
cubic_1200.txt,21.82533007347,1046.4,1036.0,1055.0,10
cubic_1200.txt,22.101600074399997,1046.4,1036.0,1055.0,10
cubic_1200.txt,22.37787007533,1046.4,1036.0,1055.0,10
cubic_1200.txt,22.65414007626,1046.4,1036.0,1055.0,10
cubic_1200.txt,22.93041007719,1045.9,1036.0,1050.0,10
cubic_1200.txt,23.206680078119998,1045.9,1036.0,1050.0,10
cubic_1200.txt,23.482950079050003,1045.9,1036.0,1050.0,10
cubic_1200.txt,23.75922007998,1045.9,1036.0,1050.0,10
cubic_1200.txt,24.035490080909998,1045.8,1036.0,1050.0,10
cubic_1200.txt,24.31176008184,1045.2,1036.0,1050.0,10
cubic_1200.txt,24.58803008277,1045.2,1036.0,1050.0,10
cubic_1200.txt,24.8643000837,1045.2,1036.0,1050.0,10
cubic_1200.txt,25.14057008463,1045.2,1036.0,1050.0,10
cubic_1200.txt,25.416840085559997,1045.2,1036.0,1050.0,10
cubic_1200.txt,25.69311008649,1044.2,1036.0,1050.0,10
cubic_1200.txt,25.96938008742,1044.2,1036.0,1050.0,10
cubic_1200.txt,26.245650088349997,1044.2,1036.0,1050.0,10
cubic_1200.txt,26.52192008928,1044.2,1036.0,1050.0,10
cubic_1200.txt,26.79819009021,1044.2,1036.0,1050.0,10
cubic_1200.txt,27.07446009114,1043.3,1036.0,1050.0,10
cubic_1200.txt,27.35073009207,1043.3,1036.0,1050.0,10
cubic_1200.txt,27.627000093000003,1043.3,1036.0,1050.0,10
cubic_1300.txt,0.0,nan,nan,nan,0
cubic_1300.txt,0.30277999878,1427.7,1407.0,1441.0,10
cubic_1300.txt,0.60555999756,1427.7,1407.0,1441.0,10
cubic_1300.txt,0.90833999634,1427.7,1407.0,1441.0,10
cubic_1300.txt,1.21111999512,1394.6,1387.0,1401.0,10
cubic_1300.txt,1.5138999939,1394.6,1387.0,1401.0,10
cubic_1300.txt,1.81667999268,1394.5,1386.0,1401.0,10
cubic_1300.txt,2.11945999146,1388.8,1380.0,1399.0,10
cubic_1300.txt,2.42223999024,1388.8,1380.0,1399.0,10
cubic_1300.txt,2.7250199890199998,1385.3,1377.0,1394.0,10
cubic_1300.txt,3.0277999878,1249.3,1138.0,1387.0,10
cubic_1300.txt,3.3305799865799997,1183.9,1138.0,1383.0,10
cubic_1300.txt,3.63335998536,1162.4,1138.0,1184.0,10
cubic_1300.txt,3.93613998414,1162.4,1138.0,1184.0,10
cubic_1300.txt,4.23891998292,1162.4,1138.0,1184.0,10
cubic_1300.txt,4.5416999817,1162.4,1138.0,1184.0,10
cubic_1300.txt,4.84447998048,1162.4,1138.0,1184.0,10
cubic_1300.txt,5.14725997926,1162.4,1138.0,1184.0,10
cubic_1300.txt,5.4500399780399995,1159.7,1138.0,1180.0,10
cubic_1300.txt,5.75281997682,1159.1,1138.0,1180.0,10
cubic_1300.txt,6.0555999756,1156.1,1129.0,1180.0,10
cubic_1300.txt,6.35837997438,1153.8,1129.0,1172.0,10
cubic_1300.txt,6.661159973159999,1152.0,1129.0,1172.0,10
cubic_1300.txt,6.96393997194,1150.1,1129.0,1164.0,10
cubic_1300.txt,7.26671997072,1149.6,1129.0,1164.0,10
cubic_1300.txt,7.5694999695,1149.6,1129.0,1164.0,10
cubic_1300.txt,7.87227996828,1148.7,1129.0,1164.0,10
cubic_1300.txt,8.175059967060001,1148.7,1129.0,1164.0,10
cubic_1300.txt,8.47783996584,1148.7,1129.0,1164.0,10
cubic_1300.txt,8.78061996462,1147.1,1129.0,1164.0,10
cubic_1300.txt,9.0833999634,1147.1,1129.0,1164.0,10
cubic_1300.txt,9.38617996218,1146.8,1129.0,1161.0,10
cubic_1300.txt,9.68895996096,1146.8,1129.0,1161.0,10
cubic_1300.txt,9.991739959739999,1146.8,1129.0,1161.0,10
cubic_1300.txt,10.29451995852,1146.3,1129.0,1161.0,10
cubic_1300.txt,10.597299957299999,1146.3,1129.0,1161.0,10
cubic_1300.txt,10.900079956079999,1146.3,1129.0,1161.0,10
cubic_1300.txt,11.202859954860001,1145.9,1129.0,1161.0,10
cubic_1300.txt,11.50563995364,1145.9,1129.0,1161.0,10
cubic_1300.txt,11.80841995242,1145.6,1129.0,1161.0,10
cubic_1300.txt,12.1111999512,1145.6,1129.0,1161.0,10
cubic_1300.txt,12.41397994998,1145.6,1129.0,1161.0,10
cubic_1300.txt,12.71675994876,1145.3,1129.0,1158.0,10
cubic_1300.txt,13.01953994754,1145.3,1129.0,1158.0,10
cubic_1300.txt,13.322319946319999,1145.3,1129.0,1158.0,10
cubic_1300.txt,13.6250999451,1145.3,1129.0,1158.0,10
cubic_1300.txt,13.92787994388,1144.6,1129.0,1158.0,10
cubic_1300.txt,14.23065994266,1144.6,1129.0,1158.0,10
cubic_1300.txt,14.53343994144,1144.6,1129.0,1158.0,10
cubic_1300.txt,14.836219940219998,1144.6,1129.0,1158.0,10
cubic_1300.txt,15.138999939,1143.6,1129.0,1156.0,10
cubic_1300.txt,15.44177993778,1143.6,1129.0,1156.0,10
cubic_1300.txt,15.74455993656,1143.1,1129.0,1156.0,10
cubic_1300.txt,16.04733993534,1141.0,1129.0,1154.0,10
cubic_1300.txt,16.350119934120002,1140.7,1129.0,1154.0,10
cubic_1300.txt,16.6528999329,1140.7,1129.0,1154.0,10
cubic_1300.txt,16.95567993168,1140.4,1129.0,1154.0,10
cubic_1300.txt,17.25845993046,1140.4,1129.0,1154.0,10
cubic_1300.txt,17.56123992924,1140.3,1129.0,1154.0,10
cubic_1300.txt,17.86401992802,1140.1,1129.0,1152.0,10
cubic_1300.txt,18.1667999268,1140.1,1129.0,1152.0,10
cubic_1300.txt,18.46957992558,1138.8,1129.0,1152.0,10
cubic_1300.txt,18.77235992436,1138.8,1129.0,1152.0,10
cubic_1300.txt,19.07513992314,1138.8,1129.0,1152.0,10
cubic_1300.txt,19.37791992192,1138.8,1129.0,1152.0,10
cubic_1300.txt,19.6806999207,1136.7,1126.0,1145.0,10
cubic_1300.txt,19.983479919479997,1136.7,1126.0,1145.0,10
cubic_1300.txt,20.28625991826,1136.7,1126.0,1145.0,10
cubic_1300.txt,20.58903991704,1136.7,1126.0,1145.0,10
cubic_1300.txt,20.89181991582,1136.7,1126.0,1145.0,10
cubic_1300.txt,21.194599914599998,1136.7,1126.0,1145.0,10
cubic_1300.txt,21.49737991338,1136.7,1126.0,1145.0,10
cubic_1300.txt,21.800159912159998,1136.7,1126.0,1145.0,10
cubic_1300.txt,22.102939910939998,1136.7,1126.0,1145.0,10
cubic_1300.txt,22.405719909720002,1136.7,1126.0,1145.0,10
cubic_1300.txt,22.7084999085,1136.7,1126.0,1145.0,10
cubic_1300.txt,23.01127990728,1136.5,1126.0,1145.0,10
cubic_1300.txt,23.314059906060002,1136.5,1126.0,1145.0,10
cubic_1300.txt,23.61683990484,1136.5,1126.0,1145.0,10
cubic_1300.txt,23.91961990362,1136.1,1126.0,1145.0,10
cubic_1300.txt,24.2223999024,1135.9,1126.0,1145.0,10
cubic_1300.txt,24.52517990118,1135.9,1126.0,1145.0,10
cubic_1300.txt,24.82795989996,1135.9,1126.0,1145.0,10
cubic_1300.txt,25.13073989874,1135.9,1126.0,1145.0,10
cubic_1300.txt,25.43351989752,1135.9,1126.0,1145.0,10
cubic_1300.txt,25.736299896299997,1135.5,1126.0,1145.0,10
cubic_1300.txt,26.03907989508,1135.5,1126.0,1145.0,10
cubic_1300.txt,26.34185989386,1135.5,1126.0,1145.0,10
cubic_1300.txt,26.644639892639997,1135.5,1126.0,1145.0,10
cubic_1300.txt,26.94741989142,1135.5,1126.0,1145.0,10
cubic_1300.txt,27.2501998902,1135.5,1126.0,1145.0,10
cubic_1300.txt,27.552979888979998,1135.5,1126.0,1145.0,10
cubic_1300.txt,27.85575988776,1135.5,1126.0,1145.0,10
cubic_1300.txt,28.158539886539998,1135.3,1126.0,1145.0,10
cubic_1300.txt,28.46131988532,1135.3,1126.0,1145.0,10
cubic_1300.txt,28.764099884100002,1135.3,1126.0,1145.0,10
cubic_1300.txt,29.06687988288,1134.9,1123.0,1145.0,10
cubic_1300.txt,29.36965988166,1134.9,1123.0,1145.0,10
cubic_1300.txt,29.672439880439995,1134.9,1123.0,1145.0,10
cubic_1300.txt,29.97521987922,1134.9,1123.0,1145.0,10
cubic_1300.txt,30.277999878,1134.8,1123.0,1145.0,10
cubic_1400.txt,0.0,nan,nan,nan,0
cubic_1400.txt,0.31658999919999997,1548.9,1533.0,1567.0,10
cubic_1400.txt,0.6331799983999999,1548.9,1533.0,1567.0,10
cubic_1400.txt,0.9497699976,1548.9,1533.0,1567.0,10
cubic_1400.txt,1.2663599967999999,1502.8,1491.0,1513.0,10
cubic_1400.txt,1.5829499959999997,1502.8,1491.0,1513.0,10
cubic_1400.txt,1.8995399952,1501.3,1491.0,1513.0,10
cubic_1400.txt,2.2161299944,1495.2,1488.0,1505.0,10
cubic_1400.txt,2.5327199935999998,1495.2,1488.0,1505.0,10
cubic_1400.txt,2.8493099928,1489.9,1482.0,1500.0,10
cubic_1400.txt,3.1658999919999995,1416.8,1250.0,1493.0,10
cubic_1400.txt,3.4824899912,1250.5,1232.0,1262.0,10
cubic_1400.txt,3.7990799904,1250.5,1232.0,1262.0,10
cubic_1400.txt,4.1156699896,1250.5,1232.0,1262.0,10
cubic_1400.txt,4.4322599888,1250.5,1232.0,1262.0,10
cubic_1400.txt,4.748849988,1250.5,1232.0,1262.0,10
cubic_1400.txt,5.0654399871999995,1250.5,1232.0,1262.0,10
cubic_1400.txt,5.3820299864,1250.5,1232.0,1262.0,10
cubic_1400.txt,5.6986199856,1250.5,1232.0,1262.0,10
cubic_1400.txt,6.0152099848,1250.5,1232.0,1262.0,10
cubic_1400.txt,6.331799983999999,1246.9,1232.0,1261.0,10
cubic_1400.txt,6.6483899831999995,1246.9,1232.0,1261.0,10
cubic_1400.txt,6.9649799824,1245.9,1232.0,1261.0,10
cubic_1400.txt,7.2815699816,1245.3,1232.0,1256.0,10
cubic_1400.txt,7.5981599808,1244.8,1232.0,1256.0,10
cubic_1400.txt,7.91474998,1244.5,1232.0,1256.0,10
cubic_1400.txt,8.2313399792,1244.5,1232.0,1256.0,10
cubic_1400.txt,8.5479299784,1244.1,1232.0,1256.0,10
cubic_1400.txt,8.8645199776,1244.1,1232.0,1256.0,10
cubic_1400.txt,9.1811099768,1242.1,1232.0,1252.0,10
cubic_1400.txt,9.497699976,1238.7,1232.0,1247.0,10
cubic_1400.txt,9.8142899752,1238.4,1232.0,1247.0,10
cubic_1400.txt,10.130879974399999,1238.1,1232.0,1247.0,10
cubic_1400.txt,10.4474699736,1237.8,1232.0,1247.0,10
cubic_1400.txt,10.7640599728,1237.8,1232.0,1247.0,10
cubic_1400.txt,11.080649971999998,1237.0,1232.0,1242.0,10
cubic_1400.txt,11.3972399712,1236.7,1230.0,1242.0,10
cubic_1400.txt,11.713829970399999,1236.7,1230.0,1242.0,10
cubic_1400.txt,12.0304199696,1236.7,1230.0,1242.0,10
cubic_1400.txt,12.3470099688,1236.7,1230.0,1242.0,10
cubic_1400.txt,12.663599967999998,1236.6,1230.0,1242.0,10
cubic_1400.txt,12.9801899672,1236.6,1230.0,1242.0,10
cubic_1400.txt,13.296779966399999,1236.6,1230.0,1242.0,10
cubic_1400.txt,13.6133699656,1236.6,1230.0,1242.0,10
cubic_1400.txt,13.9299599648,1236.6,1230.0,1242.0,10
cubic_1400.txt,14.246549964000002,1236.5,1230.0,1242.0,10
cubic_1400.txt,14.5631399632,1236.1,1230.0,1242.0,10
cubic_1400.txt,14.879729962399999,1235.0,1230.0,1240.0,10
cubic_1400.txt,15.1963199616,1233.7,1227.0,1240.0,10
cubic_1400.txt,15.5129099608,1233.0,1227.0,1240.0,10
cubic_1400.txt,15.82949996,1232.6,1227.0,1240.0,10
cubic_1400.txt,16.146089959199998,1232.6,1227.0,1240.0,10
cubic_1400.txt,16.4626799584,1232.6,1227.0,1240.0,10
cubic_1400.txt,16.7792699576,1232.6,1227.0,1240.0,10
cubic_1400.txt,17.0958599568,1232.6,1227.0,1240.0,10
cubic_1400.txt,17.412449956,1232.6,1227.0,1240.0,10
cubic_1400.txt,17.7290399552,1232.5,1227.0,1239.0,10
cubic_1400.txt,18.0456299544,1230.7,1220.0,1239.0,10
cubic_1400.txt,18.3622199536,1229.0,1218.0,1239.0,10
cubic_1400.txt,18.6788099528,1229.0,1218.0,1239.0,10
cubic_1400.txt,18.995399952,1227.8,1218.0,1239.0,10
cubic_1400.txt,19.3119899512,1226.6,1218.0,1236.0,10
cubic_1400.txt,19.6285799504,1226.6,1218.0,1236.0,10
cubic_1400.txt,19.9451699496,1226.6,1218.0,1236.0,10
cubic_1400.txt,20.261759948799998,1226.6,1218.0,1236.0,10
cubic_1400.txt,20.578349948,1225.5,1218.0,1236.0,10
cubic_1400.txt,20.8949399472,1225.5,1218.0,1236.0,10
cubic_1400.txt,21.211529946400002,1225.3,1218.0,1236.0,10
cubic_1400.txt,21.5281199456,1225.3,1218.0,1236.0,10
cubic_1400.txt,21.8447099448,1225.3,1218.0,1236.0,10
cubic_1400.txt,22.161299943999996,1225.3,1218.0,1236.0,10
cubic_1400.txt,22.477889943199997,1225.3,1218.0,1236.0,10
cubic_1400.txt,22.7944799424,1225.3,1218.0,1236.0,10
cubic_1400.txt,23.1110699416,1223.0,1215.0,1232.0,10
cubic_1400.txt,23.427659940799998,1223.0,1215.0,1232.0,10
cubic_1400.txt,23.74424994,1222.8,1215.0,1232.0,10
cubic_1400.txt,24.0608399392,1222.8,1215.0,1232.0,10
cubic_1400.txt,24.3774299384,1222.8,1215.0,1232.0,10
cubic_1400.txt,24.6940199376,1222.2,1215.0,1232.0,10
cubic_1400.txt,25.0106099368,1222.2,1215.0,1232.0,10
cubic_1400.txt,25.327199935999996,1222.2,1215.0,1232.0,10
cubic_1400.txt,25.643789935199997,1222.2,1215.0,1232.0,10
cubic_1400.txt,25.9603799344,1222.2,1215.0,1232.0,10
cubic_1400.txt,26.2769699336,1222.2,1215.0,1232.0,10
cubic_1400.txt,26.593559932799998,1222.2,1215.0,1232.0,10
cubic_1400.txt,26.910149932,1222.2,1215.0,1232.0,10
cubic_1400.txt,27.2267399312,1219.5,1205.0,1232.0,10
cubic_1400.txt,27.5433299304,1219.5,1205.0,1232.0,10
cubic_1400.txt,27.8599199296,1219.5,1205.0,1232.0,10
cubic_1400.txt,28.1765099288,1219.5,1205.0,1232.0,10
cubic_1400.txt,28.493099928000003,1219.5,1205.0,1232.0,10
cubic_1400.txt,28.809689927199997,1219.5,1205.0,1232.0,10
cubic_1400.txt,29.1262799264,1219.5,1205.0,1232.0,10
cubic_1400.txt,29.442869925599997,1219.5,1205.0,1232.0,10
cubic_1400.txt,29.759459924799998,1219.4,1205.0,1232.0,10
cubic_1400.txt,30.076049924,1218.9,1205.0,1232.0,10
cubic_1400.txt,30.3926399232,1218.9,1205.0,1232.0,10
cubic_1400.txt,30.7092299224,1218.9,1205.0,1232.0,10
cubic_1400.txt,31.0258199216,1218.9,1205.0,1232.0,10
cubic_1400.txt,31.3424099208,1218.9,1205.0,1232.0,10
cubic_1400.txt,31.65899992,1218.4,1205.0,1227.0,10
cubic_1500.txt,0.0,nan,nan,nan,0
cubic_1500.txt,0.34277999878000004,1662.3,1623.0,1686.0,10
cubic_1500.txt,0.6855599975600001,1662.3,1623.0,1686.0,10
cubic_1500.txt,1.0283399963400002,1662.3,1623.0,1686.0,10
cubic_1500.txt,1.3711199951200002,1612.6,1597.0,1647.0,10
cubic_1500.txt,1.7138999939000001,1608.5,1597.0,1625.0,10
cubic_1500.txt,2.0566799926800003,1605.3,1588.0,1625.0,10
cubic_1500.txt,2.39945999146,1601.9,1588.0,1610.0,10
cubic_1500.txt,2.7422399902400003,1600.7,1588.0,1610.0,10
cubic_1500.txt,3.08501998902,1598.3,1588.0,1609.0,10
cubic_1500.txt,3.4277999878000003,1467.1,1329.0,1595.0,10
cubic_1500.txt,3.7705799865800005,1339.7,1318.0,1360.0,10
cubic_1500.txt,4.113359985360001,1339.7,1318.0,1360.0,10
cubic_1500.txt,4.45613998414,1338.5,1318.0,1360.0,10
cubic_1500.txt,4.79891998292,1338.5,1318.0,1360.0,10
cubic_1500.txt,5.141699981700001,1336.4,1318.0,1358.0,10
cubic_1500.txt,5.484479980480001,1335.3,1318.0,1358.0,10
cubic_1500.txt,5.82725997926,1334.4,1318.0,1358.0,10
cubic_1500.txt,6.17003997804,1334.4,1318.0,1358.0,10
cubic_1500.txt,6.512819976820001,1334.4,1318.0,1358.0,10
cubic_1500.txt,6.855599975600001,1329.9,1314.0,1341.0,10
cubic_1500.txt,7.19837997438,1329.1,1314.0,1341.0,10
cubic_1500.txt,7.541159973160001,1328.1,1314.0,1341.0,10
cubic_1500.txt,7.883939971940001,1328.1,1314.0,1341.0,10
cubic_1500.txt,8.226719970720001,1328.1,1314.0,1341.0,10
cubic_1500.txt,8.5694999695,1328.1,1314.0,1341.0,10
cubic_1500.txt,8.91227996828,1328.0,1314.0,1341.0,10
cubic_1500.txt,9.255059967060001,1326.4,1308.0,1341.0,10
cubic_1500.txt,9.59783996584,1324.8,1308.0,1341.0,10
cubic_1500.txt,9.94061996462,1322.9,1308.0,1341.0,10
cubic_1500.txt,10.283399963400003,1322.6,1308.0,1341.0,10
cubic_1500.txt,10.626179962180002,1320.3,1308.0,1334.0,10
cubic_1500.txt,10.968959960960001,1319.9,1308.0,1334.0,10
cubic_1500.txt,11.31173995974,1319.2,1306.0,1334.0,10
cubic_1500.txt,11.65451995852,1319.2,1306.0,1334.0,10
cubic_1500.txt,11.997299957300001,1319.2,1306.0,1334.0,10
cubic_1500.txt,12.34007995608,1318.5,1306.0,1331.0,10
cubic_1500.txt,12.68285995486,1318.5,1306.0,1331.0,10
cubic_1500.txt,13.025639953640002,1318.5,1306.0,1331.0,10
cubic_1500.txt,13.368419952420002,1318.5,1306.0,1331.0,10
cubic_1500.txt,13.711199951200001,1318.2,1306.0,1331.0,10
cubic_1500.txt,14.05397994998,1318.2,1306.0,1331.0,10
cubic_1500.txt,14.39675994876,1317.1,1306.0,1327.0,10
cubic_1500.txt,14.739539947540003,1316.8,1306.0,1327.0,10
cubic_1500.txt,15.082319946320002,1316.2,1306.0,1327.0,10
cubic_1500.txt,15.425099945100001,1316.2,1306.0,1327.0,10
cubic_1500.txt,15.767879943880002,1316.2,1306.0,1327.0,10
cubic_1500.txt,16.110659942660003,1316.2,1306.0,1327.0,10
cubic_1500.txt,16.453439941440003,1316.1,1306.0,1327.0,10
cubic_1500.txt,16.796219940220002,1316.1,1306.0,1327.0,10
cubic_1500.txt,17.138999939,1316.1,1306.0,1327.0,10
cubic_1500.txt,17.48177993778,1316.1,1306.0,1327.0,10
cubic_1500.txt,17.82455993656,1314.5,1306.0,1325.0,10
cubic_1500.txt,18.16733993534,1314.5,1306.0,1325.0,10
cubic_1500.txt,18.510119934120002,1314.5,1306.0,1325.0,10
cubic_1500.txt,18.8528999329,1314.5,1306.0,1325.0,10
cubic_1500.txt,19.19567993168,1314.5,1306.0,1325.0,10
cubic_1500.txt,19.53845993046,1314.5,1306.0,1325.0,10
cubic_1500.txt,19.88123992924,1314.5,1306.0,1325.0,10
cubic_1500.txt,20.224019928020002,1314.5,1306.0,1325.0,10
cubic_1500.txt,20.566799926800005,1314.5,1306.0,1325.0,10
cubic_1500.txt,20.90957992558,1314.5,1306.0,1325.0,10
cubic_1500.txt,21.252359924360004,1314.5,1306.0,1325.0,10
cubic_1500.txt,21.59513992314,1314.5,1306.0,1325.0,10
cubic_1500.txt,21.937919921920003,1314.5,1306.0,1325.0,10
cubic_1500.txt,22.280699920700002,1314.5,1306.0,1325.0,10
cubic_1500.txt,22.62347991948,1314.5,1306.0,1325.0,10
cubic_1500.txt,22.966259918260004,1314.5,1306.0,1325.0,10
cubic_1500.txt,23.30903991704,1314.5,1306.0,1325.0,10
cubic_1500.txt,23.651819915820003,1314.5,1306.0,1325.0,10
cubic_1500.txt,23.994599914600002,1314.5,1306.0,1325.0,10
cubic_1500.txt,24.33737991338,1314.5,1306.0,1325.0,10
cubic_1500.txt,24.68015991216,1314.5,1306.0,1325.0,10
cubic_1500.txt,25.022939910940003,1314.5,1306.0,1325.0,10
cubic_1500.txt,25.36571990972,1313.5,1306.0,1322.0,10
cubic_1500.txt,25.708499908500002,1313.5,1306.0,1322.0,10
cubic_1500.txt,26.051279907280005,1313.5,1306.0,1322.0,10
cubic_1500.txt,26.39405990606,1312.5,1302.0,1320.0,10
cubic_1500.txt,26.736839904840004,1312.5,1302.0,1320.0,10
cubic_1500.txt,27.07961990362,1311.9,1302.0,1319.0,10
cubic_1500.txt,27.422399902400002,1311.9,1302.0,1319.0,10
cubic_1500.txt,27.765179901180005,1311.9,1302.0,1319.0,10
cubic_1500.txt,28.10795989996,1311.9,1302.0,1319.0,10
cubic_1500.txt,28.450739898740004,1311.9,1302.0,1319.0,10
cubic_1500.txt,28.79351989752,1311.1,1302.0,1319.0,10
cubic_1500.txt,29.136299896300002,1310.1,1302.0,1317.0,10
cubic_1500.txt,29.479079895080005,1310.1,1302.0,1317.0,10
cubic_1500.txt,29.82185989386,1310.1,1302.0,1317.0,10
cubic_1500.txt,30.164639892640004,1310.1,1302.0,1317.0,10
cubic_1500.txt,30.507419891420003,1309.5,1302.0,1316.0,10
cubic_1500.txt,30.850199890200003,1309.4,1302.0,1316.0,10
cubic_1500.txt,31.192979888980002,1309.4,1302.0,1316.0,10
cubic_1500.txt,31.535759887760005,1309.1,1302.0,1316.0,10
cubic_1500.txt,31.87853988654,1309.1,1302.0,1316.0,10
cubic_1500.txt,32.22131988532001,1307.9,1298.0,1316.0,10
cubic_1500.txt,32.5640998841,1307.8,1298.0,1316.0,10
cubic_1500.txt,32.906879882880006,1307.8,1298.0,1316.0,10
cubic_1500.txt,33.24965988166,1307.5,1298.0,1314.0,10
cubic_1500.txt,33.592439880440004,1306.5,1296.0,1314.0,10
cubic_1500.txt,33.93521987922,1306.5,1296.0,1314.0,10
cubic_1500.txt,34.277999878,1306.5,1296.0,1314.0,10
cubic_1600.txt,0.0,nan,nan,nan,0
cubic_1600.txt,0.35665999889,1764.6,1721.0,1792.0,10
cubic_1600.txt,0.71331999778,1764.6,1721.0,1792.0,10
cubic_1600.txt,1.0699799966699999,1764.6,1721.0,1792.0,10
cubic_1600.txt,1.42663999556,1722.1,1686.0,1783.0,10
cubic_1600.txt,1.78329999445,1714.3,1686.0,1726.0,10
cubic_1600.txt,2.1399599933399998,1712.9,1686.0,1726.0,10
cubic_1600.txt,2.49661999223,1709.4,1686.0,1722.0,10
cubic_1600.txt,2.85327999112,1707.1,1686.0,1721.0,10
cubic_1600.txt,3.2099399900099996,1704.1,1686.0,1711.0,10
cubic_1600.txt,3.5665999889,1593.1,1408.0,1711.0,10
cubic_1600.txt,3.92325998779,1484.3,1408.0,1707.0,10
cubic_1600.txt,4.2799199866799995,1456.1,1408.0,1707.0,10
cubic_1600.txt,4.63657998557,1428.7,1408.0,1459.0,10
cubic_1600.txt,4.99323998446,1426.8,1408.0,1440.0,10
cubic_1600.txt,5.34989998335,1426.8,1408.0,1440.0,10
cubic_1600.txt,5.70655998224,1426.8,1408.0,1440.0,10
cubic_1600.txt,6.06321998113,1425.3,1401.0,1440.0,10
cubic_1600.txt,6.419879980019999,1425.0,1401.0,1440.0,10
cubic_1600.txt,6.77653997891,1424.7,1398.0,1440.0,10
cubic_1600.txt,7.1331999778,1424.7,1398.0,1440.0,10
cubic_1600.txt,7.48985997669,1424.7,1398.0,1440.0,10
cubic_1600.txt,7.84651997558,1420.9,1398.0,1435.0,10
cubic_1600.txt,8.203179974469998,1420.0,1398.0,1434.0,10
cubic_1600.txt,8.559839973359999,1420.0,1398.0,1434.0,10
cubic_1600.txt,8.91649997225,1420.0,1398.0,1434.0,10
cubic_1600.txt,9.27315997114,1419.1,1398.0,1434.0,10
cubic_1600.txt,9.629819970029999,1419.1,1398.0,1434.0,10
cubic_1600.txt,9.98647996892,1418.1,1398.0,1434.0,10
cubic_1600.txt,10.34313996781,1416.4,1398.0,1434.0,10
cubic_1600.txt,10.6997999667,1416.0,1398.0,1434.0,10
cubic_1600.txt,11.05645996559,1413.6,1398.0,1433.0,10
cubic_1600.txt,11.41311996448,1413.6,1398.0,1433.0,10
cubic_1600.txt,11.769779963369999,1412.2,1398.0,1433.0,10
cubic_1600.txt,12.12643996226,1411.8,1398.0,1433.0,10
cubic_1600.txt,12.483099961149998,1411.8,1398.0,1433.0,10
cubic_1600.txt,12.839759960039999,1411.2,1398.0,1433.0,10
cubic_1600.txt,13.196419958929999,1410.3,1398.0,1433.0,10
cubic_1600.txt,13.55307995782,1408.6,1398.0,1421.0,10
cubic_1600.txt,13.90973995671,1408.6,1398.0,1421.0,10
cubic_1600.txt,14.2663999556,1408.6,1398.0,1421.0,10
cubic_1600.txt,14.62305995449,1408.6,1398.0,1421.0,10
cubic_1600.txt,14.97971995338,1408.3,1398.0,1421.0,10
cubic_1600.txt,15.336379952269999,1408.3,1398.0,1421.0,10
cubic_1600.txt,15.69303995116,1408.3,1398.0,1421.0,10
cubic_1600.txt,16.049699950049998,1408.3,1398.0,1421.0,10
cubic_1600.txt,16.406359948939997,1407.9,1398.0,1421.0,10
cubic_1600.txt,16.76301994783,1407.9,1398.0,1421.0,10
cubic_1600.txt,17.119679946719998,1407.9,1398.0,1421.0,10
cubic_1600.txt,17.47633994561,1407.8,1398.0,1420.0,10
cubic_1600.txt,17.8329999445,1407.1,1391.0,1420.0,10
cubic_1600.txt,18.189659943389998,1407.1,1391.0,1420.0,10
cubic_1600.txt,18.54631994228,1407.1,1391.0,1420.0,10
cubic_1600.txt,18.90297994117,1407.1,1391.0,1420.0,10
cubic_1600.txt,19.259639940059998,1405.6,1391.0,1416.0,10
cubic_1600.txt,19.61629993895,1405.6,1391.0,1416.0,10
cubic_1600.txt,19.97295993784,1405.2,1391.0,1416.0,10
cubic_1600.txt,20.329619936729998,1405.2,1391.0,1416.0,10
cubic_1600.txt,20.68627993562,1405.2,1391.0,1416.0,10
cubic_1600.txt,21.04293993451,1405.1,1391.0,1416.0,10
cubic_1600.txt,21.3995999334,1405.1,1391.0,1416.0,10
cubic_1600.txt,21.75625993229,1405.1,1391.0,1416.0,10
cubic_1600.txt,22.11291993118,1404.7,1391.0,1416.0,10
cubic_1600.txt,22.469579930069997,1404.5,1391.0,1416.0,10
cubic_1600.txt,22.82623992896,1402.4,1387.0,1416.0,10
cubic_1600.txt,23.18289992785,1401.6,1387.0,1408.0,10
cubic_1600.txt,23.539559926739997,1401.6,1387.0,1408.0,10
cubic_1600.txt,23.89621992563,1401.6,1387.0,1408.0,10
cubic_1600.txt,24.25287992452,1400.9,1387.0,1408.0,10
cubic_1600.txt,24.609539923409997,1400.9,1387.0,1408.0,10
cubic_1600.txt,24.966199922299996,1400.9,1387.0,1408.0,10
cubic_1600.txt,25.32285992119,1400.9,1387.0,1408.0,10
cubic_1600.txt,25.679519920079997,1399.4,1387.0,1408.0,10
cubic_1600.txt,26.036179918969996,1399.4,1387.0,1408.0,10
cubic_1600.txt,26.392839917859998,1399.4,1387.0,1408.0,10
cubic_1600.txt,26.74949991675,1399.3,1387.0,1408.0,10
cubic_1600.txt,27.10615991564,1398.1,1387.0,1408.0,10
cubic_1600.txt,27.46281991453,1397.3,1387.0,1408.0,10
cubic_1600.txt,27.81947991342,1397.2,1387.0,1408.0,10
cubic_1600.txt,28.17613991231,1397.2,1387.0,1408.0,10
cubic_1600.txt,28.5327999112,1396.5,1387.0,1408.0,10
cubic_1600.txt,28.88945991009,1396.5,1387.0,1408.0,10
cubic_1600.txt,29.24611990898,1396.4,1387.0,1408.0,10
cubic_1600.txt,29.602779907869998,1396.4,1387.0,1408.0,10
cubic_1600.txt,29.95943990676,1396.4,1387.0,1408.0,10
cubic_1600.txt,30.31609990565,1396.4,1387.0,1408.0,10
cubic_1600.txt,30.672759904539998,1396.4,1387.0,1408.0,10
cubic_1600.txt,31.029419903429996,1396.4,1387.0,1408.0,10
cubic_1600.txt,31.38607990232,1396.4,1387.0,1408.0,10
cubic_1600.txt,31.742739901209998,1396.0,1387.0,1408.0,10
cubic_1600.txt,32.099399900099996,1395.7,1387.0,1408.0,10
cubic_1600.txt,32.45605989899,1395.7,1387.0,1408.0,10
cubic_1600.txt,32.812719897879994,1395.7,1387.0,1408.0,10
cubic_1600.txt,33.169379896769996,1395.7,1387.0,1408.0,10
cubic_1600.txt,33.52603989566,1395.7,1387.0,1408.0,10
cubic_1600.txt,33.882699894549994,1395.7,1387.0,1408.0,10
cubic_1600.txt,34.239359893439996,1395.7,1387.0,1408.0,10
cubic_1600.txt,34.59601989233,1395.7,1387.0,1408.0,10
cubic_1600.txt,34.95267989122,1395.7,1387.0,1408.0,10
cubic_1600.txt,35.30933989011,1395.7,1387.0,1408.0,10
cubic_1600.txt,35.665999889,1395.7,1387.0,1408.0,10
cubic_1700.txt,0.0,nan,nan,nan,0
cubic_1700.txt,0.38001999855,1878.3,1847.0,1903.0,10
cubic_1700.txt,0.7600399971,1878.3,1847.0,1903.0,10
cubic_1700.txt,1.14005999565,1874.5,1838.0,1903.0,10
cubic_1700.txt,1.5200799942,1829.1,1813.0,1838.0,10
cubic_1700.txt,1.9000999927500002,1829.1,1813.0,1838.0,10
cubic_1700.txt,2.2801199913,1820.3,1812.0,1833.0,10
cubic_1700.txt,2.66013998985,1819.0,1812.0,1832.0,10
cubic_1700.txt,3.0401599884,1814.8,1806.0,1821.0,10
cubic_1700.txt,3.42017998695,1812.6,1806.0,1821.0,10
cubic_1700.txt,3.8001999855000004,1689.8,1485.0,1817.0,10
cubic_1700.txt,4.180219984050001,1502.7,1485.0,1519.0,10
cubic_1700.txt,4.5602399826,1502.7,1485.0,1519.0,10
cubic_1700.txt,4.94025998115,1502.7,1485.0,1519.0,10
cubic_1700.txt,5.3202799797,1502.7,1485.0,1519.0,10
cubic_1700.txt,5.70029997825,1502.7,1485.0,1519.0,10
cubic_1700.txt,6.0803199768,1502.7,1485.0,1519.0,10
cubic_1700.txt,6.46033997535,1502.7,1485.0,1519.0,10
cubic_1700.txt,6.8403599739,1502.7,1485.0,1519.0,10
cubic_1700.txt,7.220379972450001,1502.7,1485.0,1519.0,10
cubic_1700.txt,7.600399971000001,1502.7,1485.0,1519.0,10
cubic_1700.txt,7.980419969550001,1501.3,1477.0,1513.0,10
cubic_1700.txt,8.360439968100001,1500.7,1477.0,1513.0,10
cubic_1700.txt,8.74045996665,1500.7,1477.0,1513.0,10
cubic_1700.txt,9.1204799652,1500.7,1477.0,1513.0,10
cubic_1700.txt,9.50049996375,1500.6,1477.0,1513.0,10
cubic_1700.txt,9.8805199623,1498.9,1477.0,1513.0,10
cubic_1700.txt,10.260539960850002,1497.7,1477.0,1508.0,10
cubic_1700.txt,10.6405599594,1497.7,1477.0,1508.0,10
cubic_1700.txt,11.020579957950002,1497.7,1477.0,1508.0,10
cubic_1700.txt,11.4005999565,1496.7,1477.0,1508.0,10
cubic_1700.txt,11.780619955050001,1496.7,1477.0,1508.0,10
cubic_1700.txt,12.1606399536,1496.5,1477.0,1508.0,10
cubic_1700.txt,12.54065995215,1496.4,1477.0,1508.0,10
cubic_1700.txt,12.9206799507,1496.4,1477.0,1508.0,10
cubic_1700.txt,13.30069994925,1496.4,1477.0,1508.0,10
cubic_1700.txt,13.6807199478,1496.4,1477.0,1508.0,10
cubic_1700.txt,14.06073994635,1495.6,1477.0,1508.0,10
cubic_1700.txt,14.440759944900002,1495.6,1477.0,1508.0,10
cubic_1700.txt,14.820779943449999,1492.8,1477.0,1508.0,10
cubic_1700.txt,15.200799942000002,1492.1,1477.0,1501.0,10
cubic_1700.txt,15.58081994055,1492.1,1477.0,1501.0,10
cubic_1700.txt,15.960839939100001,1492.1,1477.0,1501.0,10
cubic_1700.txt,16.34085993765,1491.1,1477.0,1501.0,10
cubic_1700.txt,16.720879936200003,1491.1,1477.0,1501.0,10
cubic_1700.txt,17.10089993475,1491.1,1477.0,1501.0,10
cubic_1700.txt,17.4809199333,1491.1,1477.0,1501.0,10
cubic_1700.txt,17.86093993185,1490.8,1477.0,1501.0,10
cubic_1700.txt,18.2409599304,1490.8,1477.0,1501.0,10
cubic_1700.txt,18.62097992895,1490.0,1477.0,1501.0,10
cubic_1700.txt,19.0009999275,1489.6,1477.0,1501.0,10
cubic_1700.txt,19.38101992605,1489.6,1477.0,1501.0,10
cubic_1700.txt,19.7610399246,1489.6,1477.0,1501.0,10
cubic_1700.txt,20.14105992315,1489.6,1477.0,1501.0,10
cubic_1700.txt,20.521079921700004,1488.8,1477.0,1498.0,10
cubic_1700.txt,20.901099920249997,1488.8,1477.0,1498.0,10
cubic_1700.txt,21.2811199188,1487.1,1477.0,1497.0,10
cubic_1700.txt,21.661139917350003,1487.1,1477.0,1497.0,10
cubic_1700.txt,22.041159915900003,1487.1,1477.0,1497.0,10
cubic_1700.txt,22.42117991445,1487.1,1477.0,1497.0,10
cubic_1700.txt,22.801199913,1487.1,1477.0,1497.0,10
cubic_1700.txt,23.181219911550002,1485.9,1477.0,1493.0,10
cubic_1700.txt,23.561239910100003,1485.8,1477.0,1493.0,10
cubic_1700.txt,23.94125990865,1485.8,1477.0,1493.0,10
cubic_1700.txt,24.3212799072,1485.8,1477.0,1493.0,10
cubic_1700.txt,24.701299905750002,1483.1,1462.0,1493.0,10
cubic_1700.txt,25.0813199043,1483.1,1462.0,1493.0,10
cubic_1700.txt,25.46133990285,1483.1,1462.0,1493.0,10
cubic_1700.txt,25.8413599014,1483.1,1462.0,1493.0,10
cubic_1700.txt,26.22137989995,1483.1,1462.0,1493.0,10
cubic_1700.txt,26.6013998985,1483.1,1462.0,1493.0,10
cubic_1700.txt,26.98141989705,1481.1,1462.0,1493.0,10
cubic_1700.txt,27.3614398956,1481.1,1462.0,1493.0,10
cubic_1700.txt,27.74145989415,1480.9,1462.0,1493.0,10
cubic_1700.txt,28.1214798927,1480.9,1462.0,1493.0,10
cubic_1700.txt,28.50149989125,1480.9,1462.0,1493.0,10
cubic_1700.txt,28.881519889800003,1480.9,1462.0,1493.0,10
cubic_1700.txt,29.261539888350004,1480.9,1462.0,1493.0,10
cubic_1700.txt,29.641559886899998,1480.9,1462.0,1493.0,10
cubic_1700.txt,30.021579885450002,1480.9,1462.0,1493.0,10
cubic_1700.txt,30.401599884000003,1480.9,1462.0,1493.0,10
cubic_1700.txt,30.78161988255,1480.9,1462.0,1493.0,10
cubic_1700.txt,31.1616398811,1480.9,1462.0,1493.0,10
cubic_1700.txt,31.541659879650002,1480.9,1462.0,1493.0,10
cubic_1700.txt,31.921679878200003,1480.3,1462.0,1493.0,10
cubic_1700.txt,32.30169987675,1479.9,1462.0,1493.0,10
cubic_1700.txt,32.6817198753,1479.9,1462.0,1493.0,10
cubic_1700.txt,33.06173987385,1479.6,1462.0,1493.0,10
cubic_1700.txt,33.441759872400006,1479.6,1462.0,1493.0,10
cubic_1700.txt,33.821779870949996,1479.6,1462.0,1493.0,10
cubic_1700.txt,34.2017998695,1479.5,1462.0,1492.0,10
cubic_1700.txt,34.581819868050005,1479.5,1462.0,1492.0,10
cubic_1700.txt,34.9618398666,1479.5,1462.0,1492.0,10
cubic_1700.txt,35.34185986515,1479.5,1462.0,1492.0,10
cubic_1700.txt,35.7218798637,1479.5,1462.0,1492.0,10
cubic_1700.txt,36.10189986225,1479.3,1462.0,1492.0,10
cubic_1700.txt,36.4819198608,1479.3,1462.0,1492.0,10
cubic_1700.txt,36.86193985935,1479.3,1462.0,1492.0,10
cubic_1700.txt,37.2419598579,1479.3,1462.0,1492.0,10
cubic_1700.txt,37.621979856450004,1479.3,1462.0,1492.0,10
cubic_1700.txt,38.001999855,1479.2,1462.0,1492.0,10
cubic_1800.txt,0.0,nan,nan,nan,0
cubic_1800.txt,0.40174999952,1984.1,1965.0,2006.0,10
cubic_1800.txt,0.80349999904,1984.1,1965.0,2006.0,10
cubic_1800.txt,1.20524999856,1952.1,1931.0,1998.0,10
cubic_1800.txt,1.60699999808,1940.2,1931.0,1954.0,10
cubic_1800.txt,2.0087499976000003,1940.0,1931.0,1954.0,10
cubic_1800.txt,2.41049999712,1933.1,1926.0,1944.0,10
cubic_1800.txt,2.81224999664,1933.1,1926.0,1944.0,10
cubic_1800.txt,3.21399999616,1922.5,1909.0,1935.0,10
cubic_1800.txt,3.61574999568,1922.5,1909.0,1935.0,10
cubic_1800.txt,4.017499995200001,1695.8,1591.0,1924.0,10
cubic_1800.txt,4.41924999472,1634.9,1591.0,1910.0,10
cubic_1800.txt,4.82099999424,1604.2,1591.0,1617.0,10
cubic_1800.txt,5.22274999376,1604.2,1591.0,1617.0,10
cubic_1800.txt,5.62449999328,1604.0,1591.0,1617.0,10
cubic_1800.txt,6.0262499928,1604.0,1591.0,1617.0,10
cubic_1800.txt,6.42799999232,1604.0,1591.0,1617.0,10
cubic_1800.txt,6.82974999184,1604.0,1591.0,1617.0,10
cubic_1800.txt,7.23149999136,1604.0,1591.0,1617.0,10
cubic_1800.txt,7.6332499908800004,1600.5,1573.0,1617.0,10
cubic_1800.txt,8.034999990400001,1593.5,1573.0,1612.0,10
cubic_1800.txt,8.436749989920001,1593.5,1573.0,1612.0,10
cubic_1800.txt,8.83849998944,1591.7,1573.0,1612.0,10
cubic_1800.txt,9.24024998896,1591.7,1573.0,1612.0,10
cubic_1800.txt,9.64199998848,1591.7,1573.0,1612.0,10
cubic_1800.txt,10.043749988,1591.7,1573.0,1612.0,10
cubic_1800.txt,10.44549998752,1591.7,1573.0,1612.0,10
cubic_1800.txt,10.84724998704,1591.5,1573.0,1612.0,10
cubic_1800.txt,11.24899998656,1591.5,1573.0,1612.0,10
cubic_1800.txt,11.65074998608,1590.7,1573.0,1607.0,10
cubic_1800.txt,12.0524999856,1589.2,1573.0,1605.0,10
cubic_1800.txt,12.45424998512,1589.0,1573.0,1605.0,10
cubic_1800.txt,12.85599998464,1587.1,1573.0,1599.0,10
cubic_1800.txt,13.25774998416,1587.1,1573.0,1599.0,10
cubic_1800.txt,13.65949998368,1585.5,1573.0,1594.0,10
cubic_1800.txt,14.0612499832,1585.5,1573.0,1594.0,10
cubic_1800.txt,14.46299998272,1585.5,1573.0,1594.0,10
cubic_1800.txt,14.864749982240001,1585.5,1573.0,1594.0,10
cubic_1800.txt,15.266499981760001,1585.5,1573.0,1594.0,10
cubic_1800.txt,15.66824998128,1585.5,1573.0,1594.0,10
cubic_1800.txt,16.069999980800002,1585.5,1573.0,1594.0,10
cubic_1800.txt,16.471749980320002,1585.5,1573.0,1594.0,10
cubic_1800.txt,16.873499979840002,1585.5,1573.0,1594.0,10
cubic_1800.txt,17.27524997936,1584.5,1573.0,1594.0,10
cubic_1800.txt,17.67699997888,1582.4,1571.0,1594.0,10
cubic_1800.txt,18.0787499784,1582.2,1571.0,1594.0,10
cubic_1800.txt,18.48049997792,1581.8,1571.0,1594.0,10
cubic_1800.txt,18.88224997744,1581.7,1571.0,1594.0,10
cubic_1800.txt,19.28399997696,1581.7,1571.0,1594.0,10
cubic_1800.txt,19.68574997648,1581.7,1571.0,1594.0,10
cubic_1800.txt,20.087499976,1581.6,1571.0,1594.0,10
cubic_1800.txt,20.48924997552,1581.6,1571.0,1594.0,10
cubic_1800.txt,20.89099997504,1581.6,1571.0,1594.0,10
cubic_1800.txt,21.292749974560003,1581.5,1571.0,1594.0,10
cubic_1800.txt,21.69449997408,1581.5,1571.0,1594.0,10
cubic_1800.txt,22.096249973600003,1581.5,1571.0,1594.0,10
cubic_1800.txt,22.49799997312,1581.1,1571.0,1593.0,10
cubic_1800.txt,22.899749972640002,1578.4,1571.0,1590.0,10
cubic_1800.txt,23.30149997216,1578.4,1571.0,1590.0,10
cubic_1800.txt,23.703249971680002,1578.4,1571.0,1590.0,10
cubic_1800.txt,24.1049999712,1578.4,1571.0,1590.0,10
cubic_1800.txt,24.50674997072,1578.4,1571.0,1590.0,10
cubic_1800.txt,24.90849997024,1578.2,1571.0,1588.0,10
cubic_1800.txt,25.31024996976,1578.2,1571.0,1588.0,10
cubic_1800.txt,25.71199996928,1578.2,1571.0,1588.0,10
cubic_1800.txt,26.113749968799997,1578.2,1571.0,1588.0,10
cubic_1800.txt,26.51549996832,1577.8,1571.0,1588.0,10
cubic_1800.txt,26.917249967839997,1576.9,1571.0,1587.0,10
cubic_1800.txt,27.31899996736,1576.9,1571.0,1587.0,10
cubic_1800.txt,27.72074996688,1576.5,1571.0,1587.0,10
cubic_1800.txt,28.1224999664,1576.4,1571.0,1587.0,10
cubic_1800.txt,28.52424996592,1575.8,1571.0,1587.0,10
cubic_1800.txt,28.92599996544,1575.8,1571.0,1587.0,10
cubic_1800.txt,29.32774996496,1575.8,1571.0,1587.0,10
cubic_1800.txt,29.729499964480002,1575.8,1571.0,1587.0,10
cubic_1800.txt,30.131249964,1575.8,1571.0,1587.0,10
cubic_1800.txt,30.532999963520002,1575.8,1571.0,1587.0,10
cubic_1800.txt,30.934749963039998,1575.8,1571.0,1587.0,10
cubic_1800.txt,31.33649996256,1575.8,1571.0,1587.0,10
cubic_1800.txt,31.738249962079998,1575.8,1571.0,1587.0,10
cubic_1800.txt,32.139999961600004,1575.8,1571.0,1587.0,10
cubic_1800.txt,32.54174996112,1575.8,1571.0,1587.0,10
cubic_1800.txt,32.943499960640004,1575.2,1571.0,1587.0,10
cubic_1800.txt,33.34524996016,1575.2,1571.0,1587.0,10
cubic_1800.txt,33.746999959680004,1575.2,1571.0,1587.0,10
cubic_1800.txt,34.148749959199996,1575.2,1571.0,1587.0,10
cubic_1800.txt,34.55049995872,1575.2,1571.0,1587.0,10
cubic_1800.txt,34.95224995824,1575.2,1571.0,1587.0,10
cubic_1800.txt,35.35399995776,1575.2,1571.0,1587.0,10
cubic_1800.txt,35.75574995728,1575.2,1571.0,1587.0,10
cubic_1800.txt,36.1574999568,1575.2,1571.0,1587.0,10
cubic_1800.txt,36.55924995632,1575.2,1571.0,1587.0,10
cubic_1800.txt,36.96099995584,1574.5,1571.0,1580.0,10
cubic_1800.txt,37.36274995536,1574.0,1571.0,1580.0,10
cubic_1800.txt,37.76449995488,1574.0,1571.0,1580.0,10
cubic_1800.txt,38.1662499544,1574.0,1571.0,1580.0,10
cubic_1800.txt,38.56799995392,1574.0,1571.0,1580.0,10
cubic_1800.txt,38.96974995344,1574.0,1571.0,1580.0,10
cubic_1800.txt,39.37149995296,1574.0,1571.0,1580.0,10
cubic_1800.txt,39.77324995248,1574.0,1571.0,1580.0,10
cubic_1800.txt,40.174999952,1574.0,1571.0,1580.0,10
cubic_1900.txt,0.0,nan,nan,nan,0
cubic_1900.txt,0.42115000010000003,2096.6,2069.0,2119.0,10
cubic_1900.txt,0.8423000002000001,2096.6,2069.0,2119.0,10
cubic_1900.txt,1.2634500003,2052.1,2024.0,2081.0,10
cubic_1900.txt,1.6846000004000001,2043.5,2024.0,2061.0,10
cubic_1900.txt,2.1057500005000005,2041.1,2024.0,2061.0,10
cubic_1900.txt,2.5269000006,2030.9,2002.0,2043.0,10
cubic_1900.txt,2.9480500007,2030.9,2002.0,2043.0,10
cubic_1900.txt,3.3692000008000003,2026.0,1999.0,2043.0,10
cubic_1900.txt,3.7903500009,2026.0,1999.0,2043.0,10
cubic_1900.txt,4.211500001000001,1923.6,1673.0,2043.0,10
cubic_1900.txt,4.6326500011,1682.1,1667.0,1701.0,10
cubic_1900.txt,5.0538000012,1682.1,1667.0,1701.0,10
cubic_1900.txt,5.4749500013,1682.1,1667.0,1701.0,10
cubic_1900.txt,5.8961000014,1682.1,1667.0,1701.0,10
cubic_1900.txt,6.317250001500001,1682.1,1667.0,1701.0,10
cubic_1900.txt,6.7384000016000005,1682.1,1667.0,1701.0,10
cubic_1900.txt,7.1595500017,1682.1,1667.0,1701.0,10
cubic_1900.txt,7.5807000018,1681.1,1667.0,1701.0,10
cubic_1900.txt,8.001850001900001,1680.6,1667.0,1701.0,10
cubic_1900.txt,8.423000002000002,1677.7,1667.0,1701.0,10
cubic_1900.txt,8.844150002100001,1676.2,1664.0,1701.0,10
cubic_1900.txt,9.2653000022,1674.5,1663.0,1701.0,10
cubic_1900.txt,9.6864500023,1673.7,1663.0,1701.0,10
cubic_1900.txt,10.1076000024,1673.7,1663.0,1701.0,10
cubic_1900.txt,10.5287500025,1672.1,1663.0,1701.0,10
cubic_1900.txt,10.9499000026,1672.1,1663.0,1701.0,10
cubic_1900.txt,11.3710500027,1671.4,1663.0,1701.0,10
cubic_1900.txt,11.7922000028,1670.6,1663.0,1693.0,10
cubic_1900.txt,12.213350002900002,1669.5,1662.0,1693.0,10
cubic_1900.txt,12.634500003000001,1668.5,1662.0,1683.0,10
cubic_1900.txt,13.055650003100002,1668.5,1662.0,1683.0,10
cubic_1900.txt,13.476800003200001,1668.5,1662.0,1683.0,10
cubic_1900.txt,13.8979500033,1668.5,1662.0,1683.0,10
cubic_1900.txt,14.3191000034,1668.5,1662.0,1683.0,10
cubic_1900.txt,14.7402500035,1668.5,1662.0,1683.0,10
cubic_1900.txt,15.1614000036,1668.5,1662.0,1683.0,10
cubic_1900.txt,15.5825500037,1667.5,1657.0,1683.0,10
cubic_1900.txt,16.003700003800002,1667.5,1657.0,1683.0,10
cubic_1900.txt,16.4248500039,1667.5,1657.0,1683.0,10
cubic_1900.txt,16.846000004000004,1667.5,1657.0,1683.0,10
cubic_1900.txt,17.267150004100003,1666.8,1656.0,1683.0,10
cubic_1900.txt,17.688300004200002,1666.8,1656.0,1683.0,10
cubic_1900.txt,18.1094500043,1664.5,1656.0,1673.0,10
cubic_1900.txt,18.5306000044,1664.5,1656.0,1673.0,10
cubic_1900.txt,18.951750004500003,1664.5,1656.0,1673.0,10
cubic_1900.txt,19.3729000046,1664.2,1656.0,1673.0,10
cubic_1900.txt,19.7940500047,1664.1,1656.0,1673.0,10
cubic_1900.txt,20.2152000048,1664.1,1656.0,1673.0,10
cubic_1900.txt,20.6363500049,1664.1,1656.0,1673.0,10
cubic_1900.txt,21.057500005,1664.1,1656.0,1673.0,10
cubic_1900.txt,21.478650005100004,1664.1,1656.0,1673.0,10
cubic_1900.txt,21.8998000052,1664.1,1656.0,1673.0,10
cubic_1900.txt,22.320950005300002,1664.1,1656.0,1673.0,10
cubic_1900.txt,22.7421000054,1664.1,1656.0,1673.0,10
cubic_1900.txt,23.163250005500004,1664.1,1656.0,1673.0,10
cubic_1900.txt,23.5844000056,1664.1,1656.0,1673.0,10
cubic_1900.txt,24.0055500057,1664.1,1656.0,1673.0,10
cubic_1900.txt,24.426700005800004,1664.1,1656.0,1673.0,10
cubic_1900.txt,24.8478500059,1664.1,1656.0,1673.0,10
cubic_1900.txt,25.269000006000002,1664.1,1656.0,1673.0,10
cubic_1900.txt,25.6901500061,1664.1,1656.0,1673.0,10
cubic_1900.txt,26.111300006200004,1664.1,1656.0,1673.0,10
cubic_1900.txt,26.5324500063,1664.1,1656.0,1673.0,10
cubic_1900.txt,26.953600006400002,1664.1,1656.0,1673.0,10
cubic_1900.txt,27.374750006500005,1664.1,1656.0,1673.0,10
cubic_1900.txt,27.7959000066,1664.1,1656.0,1673.0,10
cubic_1900.txt,28.217050006700003,1664.0,1656.0,1672.0,10
cubic_1900.txt,28.6382000068,1664.0,1656.0,1672.0,10
cubic_1900.txt,29.059350006900004,1664.0,1656.0,1672.0,10
cubic_1900.txt,29.480500007,1664.0,1656.0,1672.0,10
cubic_1900.txt,29.901650007100002,1664.0,1656.0,1672.0,10
cubic_1900.txt,30.3228000072,1664.0,1656.0,1672.0,10
cubic_1900.txt,30.7439500073,1664.0,1656.0,1672.0,10
cubic_1900.txt,31.1651000074,1663.6,1653.0,1672.0,10
cubic_1900.txt,31.586250007500002,1663.6,1653.0,1672.0,10
cubic_1900.txt,32.007400007600005,1663.6,1653.0,1672.0,10
cubic_1900.txt,32.428550007700004,1663.6,1653.0,1672.0,10
cubic_1900.txt,32.8497000078,1663.6,1653.0,1672.0,10
cubic_1900.txt,33.2708500079,1663.6,1653.0,1672.0,10
cubic_1900.txt,33.69200000800001,1663.6,1653.0,1672.0,10
cubic_1900.txt,34.1131500081,1662.2,1653.0,1672.0,10
cubic_1900.txt,34.534300008200006,1662.2,1653.0,1672.0,10
cubic_1900.txt,34.955450008300005,1662.1,1653.0,1672.0,10
cubic_1900.txt,35.376600008400004,1662.1,1653.0,1672.0,10
cubic_1900.txt,35.7977500085,1662.1,1653.0,1672.0,10
cubic_1900.txt,36.2189000086,1662.0,1652.0,1672.0,10
cubic_1900.txt,36.6400500087,1662.0,1652.0,1672.0,10
cubic_1900.txt,37.0612000088,1662.0,1652.0,1672.0,10
cubic_1900.txt,37.4823500089,1662.0,1652.0,1672.0,10
cubic_1900.txt,37.903500009000005,1662.0,1652.0,1672.0,10
cubic_1900.txt,38.3246500091,1662.0,1652.0,1672.0,10
cubic_1900.txt,38.7458000092,1662.0,1652.0,1672.0,10
cubic_1900.txt,39.1669500093,1662.0,1652.0,1672.0,10
cubic_1900.txt,39.5881000094,1662.0,1652.0,1672.0,10
cubic_1900.txt,40.0092500095,1662.0,1652.0,1672.0,10
cubic_1900.txt,40.4304000096,1662.0,1652.0,1672.0,10
cubic_1900.txt,40.851550009700006,1662.0,1652.0,1672.0,10
cubic_1900.txt,41.2727000098,1661.7,1652.0,1672.0,10
cubic_1900.txt,41.693850009900004,1661.7,1652.0,1672.0,10
cubic_1900.txt,42.11500001,1661.7,1652.0,1672.0,10
cubic_200.txt,0.0,nan,nan,nan,0
cubic_200.txt,0.07657999992,221.5,210.0,230.0,10
cubic_200.txt,0.15315999984,221.5,210.0,230.0,10
cubic_200.txt,0.22973999975999998,221.5,210.0,230.0,10
cubic_200.txt,0.30631999968,221.5,210.0,230.0,10
cubic_200.txt,0.3828999996,221.5,210.0,230.0,10
cubic_200.txt,0.45947999951999996,221.5,210.0,230.0,10
cubic_200.txt,0.5360599994399999,221.5,210.0,230.0,10
cubic_200.txt,0.61263999936,221.5,210.0,230.0,10
cubic_200.txt,0.6892199992799999,221.5,210.0,230.0,10
cubic_200.txt,0.7657999992,195.1,166.0,230.0,10
cubic_200.txt,0.84237999912,182.1,166.0,230.0,10
cubic_200.txt,0.9189599990399999,177.3,166.0,184.0,10
cubic_200.txt,0.9955399989599999,177.3,166.0,184.0,10
cubic_200.txt,1.0721199988799999,177.3,166.0,184.0,10
cubic_200.txt,1.1486999988,177.3,166.0,184.0,10
cubic_200.txt,1.22527999872,177.3,166.0,184.0,10
cubic_200.txt,1.30185999864,177.3,166.0,184.0,10
cubic_200.txt,1.3784399985599998,177.3,166.0,184.0,10
cubic_200.txt,1.45501999848,177.1,166.0,184.0,10
cubic_200.txt,1.5315999984,175.3,166.0,182.0,10
cubic_200.txt,1.60817999832,175.3,166.0,182.0,10
cubic_200.txt,1.68475999824,175.0,166.0,182.0,10
cubic_200.txt,1.76133999816,174.4,166.0,178.0,10
cubic_200.txt,1.8379199980799998,174.4,166.0,178.0,10
cubic_200.txt,1.914499998,174.4,166.0,178.0,10
cubic_200.txt,1.9910799979199998,174.4,166.0,178.0,10
cubic_200.txt,2.06765999784,174.4,166.0,178.0,10
cubic_200.txt,2.1442399977599997,174.4,166.0,178.0,10
cubic_200.txt,2.22081999768,174.4,166.0,178.0,10
cubic_200.txt,2.2973999976,173.9,166.0,177.0,10
cubic_200.txt,2.37397999752,173.9,166.0,177.0,10
cubic_200.txt,2.45055999744,173.9,166.0,177.0,10
cubic_200.txt,2.52713999736,173.9,166.0,177.0,10
cubic_200.txt,2.60371999728,173.6,166.0,177.0,10
cubic_200.txt,2.6802999971999997,173.6,166.0,177.0,10
cubic_200.txt,2.7568799971199995,173.6,166.0,177.0,10
cubic_200.txt,2.8334599970400003,173.6,166.0,177.0,10
cubic_200.txt,2.91003999696,173.6,166.0,177.0,10
cubic_200.txt,2.98661999688,173.6,166.0,177.0,10
cubic_200.txt,3.0631999968,173.6,166.0,177.0,10
cubic_200.txt,3.13977999672,173.5,166.0,177.0,10
cubic_200.txt,3.21635999664,173.4,166.0,177.0,10
cubic_200.txt,3.29293999656,173.1,166.0,176.0,10
cubic_200.txt,3.36951999648,173.1,166.0,176.0,10
cubic_200.txt,3.4460999964,173.1,166.0,176.0,10
cubic_200.txt,3.52267999632,173.1,166.0,176.0,10
cubic_200.txt,3.59925999624,173.1,166.0,176.0,10
cubic_200.txt,3.6758399961599997,173.1,166.0,176.0,10
cubic_200.txt,3.7524199960799995,172.9,166.0,176.0,10
cubic_200.txt,3.828999996,172.9,166.0,176.0,10
cubic_200.txt,3.9055799959199997,172.9,166.0,176.0,10
cubic_200.txt,3.9821599958399996,172.7,166.0,176.0,10
cubic_200.txt,4.05873999576,172.7,166.0,176.0,10
cubic_200.txt,4.13531999568,172.3,166.0,176.0,10
cubic_200.txt,4.2118999956,172.3,166.0,176.0,10
cubic_200.txt,4.2884799955199995,172.3,166.0,176.0,10
cubic_200.txt,4.365059995439999,172.3,166.0,176.0,10
cubic_200.txt,4.44163999536,172.3,166.0,176.0,10
cubic_200.txt,4.51821999528,172.3,166.0,176.0,10
cubic_200.txt,4.5947999952,172.3,166.0,176.0,10
cubic_200.txt,4.67137999512,172.3,166.0,176.0,10
cubic_200.txt,4.74795999504,172.3,166.0,176.0,10
cubic_200.txt,4.82453999496,172.3,166.0,176.0,10
cubic_200.txt,4.90111999488,172.3,166.0,176.0,10
cubic_200.txt,4.9776999948,172.3,166.0,176.0,10
cubic_200.txt,5.05427999472,172.3,166.0,176.0,10
cubic_200.txt,5.13085999464,172.3,166.0,176.0,10
cubic_200.txt,5.20743999456,172.3,166.0,176.0,10
cubic_200.txt,5.2840199944799995,172.3,166.0,176.0,10
cubic_200.txt,5.360599994399999,172.3,166.0,176.0,10
cubic_200.txt,5.437179994319999,172.3,166.0,176.0,10
cubic_200.txt,5.513759994239999,172.3,166.0,176.0,10
cubic_200.txt,5.590339994160001,172.3,166.0,176.0,10
cubic_200.txt,5.666919994080001,172.3,166.0,176.0,10
cubic_200.txt,5.743499994,172.3,166.0,176.0,10
cubic_200.txt,5.82007999392,172.3,166.0,176.0,10
cubic_200.txt,5.89665999384,172.3,166.0,176.0,10
cubic_200.txt,5.97323999376,172.3,166.0,176.0,10
cubic_200.txt,6.04981999368,172.3,166.0,176.0,10
cubic_200.txt,6.1263999936,171.4,166.0,175.0,10
cubic_200.txt,6.20297999352,171.4,166.0,175.0,10
cubic_200.txt,6.27955999344,171.4,166.0,175.0,10
cubic_200.txt,6.35613999336,171.4,166.0,175.0,10
cubic_200.txt,6.43271999328,171.4,166.0,175.0,10
cubic_200.txt,6.5092999932,171.4,166.0,175.0,10
cubic_200.txt,6.58587999312,171.4,166.0,175.0,10
cubic_200.txt,6.66245999304,171.4,166.0,175.0,10
cubic_200.txt,6.73903999296,171.4,166.0,175.0,10
cubic_200.txt,6.815619992879999,171.4,166.0,175.0,10
cubic_200.txt,6.8921999928,171.2,166.0,175.0,10
cubic_200.txt,6.96877999272,171.2,166.0,175.0,10
cubic_200.txt,7.04535999264,171.2,166.0,175.0,10
cubic_200.txt,7.12193999256,171.2,166.0,175.0,10
cubic_200.txt,7.19851999248,171.2,166.0,175.0,10
cubic_200.txt,7.2750999923999995,171.2,166.0,175.0,10
cubic_200.txt,7.351679992319999,170.9,166.0,175.0,10
cubic_200.txt,7.428259992239999,170.9,166.0,175.0,10
cubic_200.txt,7.504839992159999,170.9,166.0,175.0,10
cubic_200.txt,7.58141999208,170.9,166.0,175.0,10
cubic_200.txt,7.657999992,170.2,166.0,175.0,10
cubic_2000.txt,0.0,nan,nan,nan,0
cubic_2000.txt,0.43282999992,2203.4,2169.0,2256.0,10
cubic_2000.txt,0.86565999984,2203.4,2169.0,2256.0,10
cubic_2000.txt,1.2984899997600001,2172.0,2149.0,2211.0,10
cubic_2000.txt,1.73131999968,2161.7,2149.0,2178.0,10
cubic_2000.txt,2.1641499995999998,2155.2,2142.0,2178.0,10
cubic_2000.txt,2.5969799995200002,2146.8,2137.0,2159.0,10
cubic_2000.txt,3.0298099994400003,2143.9,2136.0,2159.0,10
cubic_2000.txt,3.46263999936,2136.5,2125.0,2150.0,10
cubic_2000.txt,3.89546999928,2134.5,2125.0,2150.0,10
cubic_2000.txt,4.3282999991999995,2093.0,1768.0,2139.0,10
cubic_2000.txt,4.7611299991200005,1920.2,1768.0,2139.0,10
cubic_2000.txt,5.1939599990400005,1774.1,1738.0,1801.0,10
cubic_2000.txt,5.6267899989600005,1774.1,1738.0,1801.0,10
cubic_2000.txt,6.059619998880001,1771.2,1738.0,1784.0,10
cubic_2000.txt,6.492449998800001,1769.6,1738.0,1784.0,10
cubic_2000.txt,6.92527999872,1769.3,1738.0,1784.0,10
cubic_2000.txt,7.35810999864,1769.3,1738.0,1784.0,10
cubic_2000.txt,7.79093999856,1769.3,1738.0,1784.0,10
cubic_2000.txt,8.22376999848,1769.0,1738.0,1784.0,10
cubic_2000.txt,8.656599998399999,1769.0,1738.0,1784.0,10
cubic_2000.txt,9.08942999832,1767.9,1738.0,1778.0,10
cubic_2000.txt,9.522259998240001,1767.9,1738.0,1778.0,10
cubic_2000.txt,9.95508999816,1767.9,1738.0,1778.0,10
cubic_2000.txt,10.387919998080001,1767.9,1738.0,1778.0,10
cubic_2000.txt,10.820749998000002,1767.4,1738.0,1778.0,10
cubic_2000.txt,11.253579997920001,1767.4,1738.0,1778.0,10
cubic_2000.txt,11.68640999784,1767.1,1738.0,1777.0,10
cubic_2000.txt,12.119239997760001,1767.1,1738.0,1777.0,10
cubic_2000.txt,12.55206999768,1766.0,1738.0,1777.0,10
cubic_2000.txt,12.984899997600001,1766.0,1738.0,1777.0,10
cubic_2000.txt,13.41772999752,1764.5,1738.0,1777.0,10
cubic_2000.txt,13.85055999744,1764.5,1738.0,1777.0,10
cubic_2000.txt,14.28338999736,1760.8,1738.0,1775.0,10
cubic_2000.txt,14.71621999728,1760.8,1738.0,1775.0,10
cubic_2000.txt,15.1490499972,1760.8,1738.0,1775.0,10
cubic_2000.txt,15.58187999712,1760.8,1738.0,1775.0,10
cubic_2000.txt,16.01470999704,1760.8,1738.0,1775.0,10
cubic_2000.txt,16.44753999696,1760.3,1738.0,1775.0,10
cubic_2000.txt,16.88036999688,1760.3,1738.0,1775.0,10
cubic_2000.txt,17.313199996799998,1759.3,1738.0,1775.0,10
cubic_2000.txt,17.74602999672,1759.1,1738.0,1773.0,10
cubic_2000.txt,18.17885999664,1759.1,1738.0,1773.0,10
cubic_2000.txt,18.611689996560003,1759.1,1738.0,1773.0,10
cubic_2000.txt,19.044519996480002,1758.4,1738.0,1773.0,10
cubic_2000.txt,19.4773499964,1758.0,1738.0,1769.0,10
cubic_2000.txt,19.91017999632,1758.0,1738.0,1769.0,10
cubic_2000.txt,20.34300999624,1758.0,1738.0,1769.0,10
cubic_2000.txt,20.775839996160002,1758.0,1738.0,1769.0,10
cubic_2000.txt,21.20866999608,1758.0,1738.0,1769.0,10
cubic_2000.txt,21.641499996000004,1758.0,1738.0,1769.0,10
cubic_2000.txt,22.074329995920003,1758.0,1738.0,1769.0,10
cubic_2000.txt,22.507159995840002,1758.0,1738.0,1769.0,10
cubic_2000.txt,22.93998999576,1756.5,1738.0,1769.0,10
cubic_2000.txt,23.37281999568,1755.3,1736.0,1769.0,10
cubic_2000.txt,23.805649995600003,1753.1,1736.0,1769.0,10
cubic_2000.txt,24.238479995520002,1753.1,1736.0,1769.0,10
cubic_2000.txt,24.67130999544,1753.1,1736.0,1769.0,10
cubic_2000.txt,25.10413999536,1752.5,1736.0,1764.0,10
cubic_2000.txt,25.53696999528,1752.4,1736.0,1764.0,10
cubic_2000.txt,25.969799995200002,1752.0,1736.0,1764.0,10
cubic_2000.txt,26.40262999512,1751.3,1736.0,1764.0,10
cubic_2000.txt,26.83545999504,1751.3,1736.0,1764.0,10
cubic_2000.txt,27.26828999496,1751.3,1736.0,1764.0,10
cubic_2000.txt,27.70111999488,1751.3,1736.0,1764.0,10
cubic_2000.txt,28.133949994800002,1750.1,1736.0,1764.0,10
cubic_2000.txt,28.56677999472,1750.0,1736.0,1763.0,10
cubic_2000.txt,28.99960999464,1750.0,1736.0,1763.0,10
cubic_2000.txt,29.43243999456,1749.4,1736.0,1757.0,10
cubic_2000.txt,29.86526999448,1749.2,1736.0,1757.0,10
cubic_2000.txt,30.2980999944,1748.9,1736.0,1757.0,10
cubic_2000.txt,30.73092999432,1748.9,1736.0,1757.0,10
cubic_2000.txt,31.16375999424,1748.9,1736.0,1757.0,10
cubic_2000.txt,31.59658999416,1747.4,1736.0,1757.0,10
cubic_2000.txt,32.02941999408,1747.4,1736.0,1757.0,10
cubic_2000.txt,32.462249994,1747.4,1736.0,1757.0,10
cubic_2000.txt,32.89507999392,1747.4,1736.0,1757.0,10
cubic_2000.txt,33.327909993839995,1747.1,1736.0,1757.0,10
cubic_2000.txt,33.76073999376,1747.1,1736.0,1757.0,10
cubic_2000.txt,34.19356999368,1747.1,1736.0,1757.0,10
cubic_2000.txt,34.626399993599996,1747.1,1736.0,1757.0,10
cubic_2000.txt,35.059229993520006,1746.8,1736.0,1754.0,10
cubic_2000.txt,35.49205999344,1746.8,1736.0,1754.0,10
cubic_2000.txt,35.924889993360004,1746.2,1736.0,1754.0,10
cubic_2000.txt,36.35771999328,1745.0,1736.0,1754.0,10
cubic_2000.txt,36.7905499932,1745.0,1736.0,1754.0,10
cubic_2000.txt,37.223379993120005,1745.0,1736.0,1754.0,10
cubic_2000.txt,37.65620999304,1745.0,1736.0,1754.0,10
cubic_2000.txt,38.089039992960004,1745.0,1736.0,1754.0,10
cubic_2000.txt,38.52186999288,1744.9,1736.0,1754.0,10
cubic_2000.txt,38.9546999928,1744.1,1736.0,1752.0,10
cubic_2000.txt,39.387529992720005,1743.8,1736.0,1752.0,10
cubic_2000.txt,39.82035999264,1743.1,1730.0,1752.0,10
cubic_2000.txt,40.25318999256,1742.9,1730.0,1750.0,10
cubic_2000.txt,40.68601999248,1742.7,1730.0,1750.0,10
cubic_2000.txt,41.1188499924,1742.7,1730.0,1750.0,10
cubic_2000.txt,41.551679992320004,1742.7,1730.0,1750.0,10
cubic_2000.txt,41.98450999224,1742.7,1730.0,1750.0,10
cubic_2000.txt,42.41733999216,1742.7,1730.0,1750.0,10
cubic_2000.txt,42.85016999208,1742.4,1730.0,1750.0,10
cubic_2000.txt,43.28299999200001,1742.0,1730.0,1749.0,10
cubic_2100.txt,0.0,nan,nan,nan,0
cubic_2100.txt,0.46403000116000004,2315.5,2290.0,2349.0,10
cubic_2100.txt,0.9280600023200001,2315.5,2290.0,2349.0,10
cubic_2100.txt,1.3920900034800001,2278.9,2261.0,2324.0,10
cubic_2100.txt,1.8561200046400002,2271.2,2261.0,2279.0,10
cubic_2100.txt,2.3201500058,2261.8,2237.0,2279.0,10
cubic_2100.txt,2.7841800069600002,2256.3,2237.0,2268.0,10
cubic_2100.txt,3.24821000812,2251.9,2232.0,2266.0,10
cubic_2100.txt,3.7122400092800003,2246.8,2231.0,2261.0,10
cubic_2100.txt,4.17627001044,2244.2,2231.0,2255.0,10
cubic_2100.txt,4.6403000116,2166.5,1859.0,2253.0,10
cubic_2100.txt,5.10433001276,1980.1,1859.0,2252.0,10
cubic_2100.txt,5.5683600139200005,1868.8,1859.0,1886.0,10
cubic_2100.txt,6.03239001508,1868.8,1859.0,1886.0,10
cubic_2100.txt,6.49642001624,1868.8,1859.0,1886.0,10
cubic_2100.txt,6.9604500173999995,1868.8,1859.0,1886.0,10
cubic_2100.txt,7.424480018560001,1866.4,1857.0,1886.0,10
cubic_2100.txt,7.888510019720001,1866.3,1857.0,1886.0,10
cubic_2100.txt,8.35254002088,1865.5,1855.0,1886.0,10
cubic_2100.txt,8.81657002204,1864.3,1845.0,1886.0,10
cubic_2100.txt,9.2806000232,1860.0,1845.0,1886.0,10
cubic_2100.txt,9.74463002436,1858.6,1845.0,1886.0,10
cubic_2100.txt,10.20866002552,1854.5,1835.0,1871.0,10
cubic_2100.txt,10.67269002668,1853.6,1835.0,1871.0,10
cubic_2100.txt,11.136720027840001,1852.8,1835.0,1871.0,10
cubic_2100.txt,11.600750029,1852.8,1835.0,1871.0,10
cubic_2100.txt,12.06478003016,1852.2,1835.0,1871.0,10
cubic_2100.txt,12.528810031319999,1851.7,1835.0,1871.0,10
cubic_2100.txt,12.99284003248,1851.7,1835.0,1871.0,10
cubic_2100.txt,13.45687003364,1850.8,1835.0,1871.0,10
cubic_2100.txt,13.920900034799999,1850.8,1835.0,1871.0,10
cubic_2100.txt,14.384930035960002,1850.8,1835.0,1871.0,10
cubic_2100.txt,14.848960037120001,1850.8,1835.0,1871.0,10
cubic_2100.txt,15.312990038279999,1850.2,1835.0,1871.0,10
cubic_2100.txt,15.777020039440002,1850.2,1835.0,1871.0,10
cubic_2100.txt,16.2410500406,1849.7,1835.0,1871.0,10
cubic_2100.txt,16.70508004176,1849.7,1835.0,1871.0,10
cubic_2100.txt,17.16911004292,1849.7,1835.0,1871.0,10
cubic_2100.txt,17.63314004408,1849.7,1835.0,1871.0,10
cubic_2100.txt,18.09717004524,1849.7,1835.0,1871.0,10
cubic_2100.txt,18.5612000464,1849.1,1835.0,1871.0,10
cubic_2100.txt,19.02523004756,1849.1,1835.0,1871.0,10
cubic_2100.txt,19.48926004872,1849.1,1835.0,1871.0,10
cubic_2100.txt,19.95329004988,1849.1,1835.0,1871.0,10
cubic_2100.txt,20.41732005104,1848.9,1835.0,1869.0,10
cubic_2100.txt,20.881350052200002,1848.3,1835.0,1863.0,10
cubic_2100.txt,21.34538005336,1847.8,1835.0,1863.0,10
cubic_2100.txt,21.80941005452,1847.1,1835.0,1863.0,10
cubic_2100.txt,22.273440055680002,1847.1,1835.0,1863.0,10
cubic_2100.txt,22.737470056840003,1847.1,1835.0,1863.0,10
cubic_2100.txt,23.201500058,1846.7,1835.0,1863.0,10
cubic_2100.txt,23.66553005916,1845.7,1835.0,1859.0,10
cubic_2100.txt,24.12956006032,1844.2,1835.0,1859.0,10
cubic_2100.txt,24.59359006148,1844.2,1835.0,1859.0,10
cubic_2100.txt,25.057620062639998,1844.2,1835.0,1859.0,10
cubic_2100.txt,25.521650063800003,1842.9,1835.0,1859.0,10
cubic_2100.txt,25.98568006496,1842.8,1835.0,1859.0,10
cubic_2100.txt,26.44971006612,1842.8,1835.0,1859.0,10
cubic_2100.txt,26.91374006728,1842.8,1835.0,1859.0,10
cubic_2100.txt,27.37777006844,1841.8,1834.0,1859.0,10
cubic_2100.txt,27.841800069599998,1841.8,1834.0,1859.0,10
cubic_2100.txt,28.305830070760003,1841.8,1834.0,1859.0,10
cubic_2100.txt,28.769860071920004,1841.8,1834.0,1859.0,10
cubic_2100.txt,29.23389007308,1841.8,1834.0,1859.0,10
cubic_2100.txt,29.697920074240002,1841.8,1834.0,1859.0,10
cubic_2100.txt,30.1619500754,1841.8,1834.0,1859.0,10
cubic_2100.txt,30.625980076559998,1841.8,1834.0,1859.0,10
cubic_2100.txt,31.09001007772,1841.8,1834.0,1859.0,10
cubic_2100.txt,31.554040078880004,1841.8,1834.0,1859.0,10
cubic_2100.txt,32.018070080040005,1840.2,1832.0,1853.0,10
cubic_2100.txt,32.4821000812,1840.2,1832.0,1853.0,10
cubic_2100.txt,32.94613008236,1840.2,1832.0,1853.0,10
cubic_2100.txt,33.41016008352,1840.2,1832.0,1853.0,10
cubic_2100.txt,33.87419008468,1840.2,1832.0,1853.0,10
cubic_2100.txt,34.33822008584,1840.2,1832.0,1853.0,10
cubic_2100.txt,34.802250087000004,1838.6,1832.0,1853.0,10
cubic_2100.txt,35.26628008816,1838.6,1832.0,1853.0,10
cubic_2100.txt,35.73031008932,1838.6,1832.0,1853.0,10
cubic_2100.txt,36.19434009048,1838.6,1832.0,1853.0,10
cubic_2100.txt,36.65837009164,1838.1,1832.0,1853.0,10
cubic_2100.txt,37.1224000928,1837.6,1830.0,1853.0,10
cubic_2100.txt,37.586430093960004,1837.3,1830.0,1853.0,10
cubic_2100.txt,38.05046009512,1837.3,1830.0,1853.0,10
cubic_2100.txt,38.51449009628,1837.3,1830.0,1853.0,10
cubic_2100.txt,38.97852009744,1837.3,1830.0,1853.0,10
cubic_2100.txt,39.4425500986,1837.3,1830.0,1853.0,10
cubic_2100.txt,39.90658009976,1837.3,1830.0,1853.0,10
cubic_2100.txt,40.370610100920004,1836.6,1830.0,1853.0,10
cubic_2100.txt,40.83464010208,1836.5,1829.0,1853.0,10
cubic_2100.txt,41.29867010324,1836.5,1829.0,1853.0,10
cubic_2100.txt,41.762700104400004,1836.5,1829.0,1853.0,10
cubic_2100.txt,42.22673010556,1836.5,1829.0,1853.0,10
cubic_2100.txt,42.69076010672,1836.4,1829.0,1853.0,10
cubic_2100.txt,43.15479010788,1836.4,1829.0,1853.0,10
cubic_2100.txt,43.61882010904,1836.2,1829.0,1853.0,10
cubic_2100.txt,44.0828501102,1836.1,1829.0,1853.0,10
cubic_2100.txt,44.546880111360004,1835.7,1829.0,1853.0,10
cubic_2100.txt,45.01091011252001,1835.7,1829.0,1853.0,10
cubic_2100.txt,45.474940113680006,1835.7,1829.0,1853.0,10
cubic_2100.txt,45.938970114840004,1835.7,1829.0,1853.0,10
cubic_2100.txt,46.403000116,1835.5,1829.0,1851.0,10
cubic_2200.txt,0.0,nan,nan,nan,0
cubic_2200.txt,0.48364000081999997,2432.9,2408.0,2460.0,10
cubic_2200.txt,0.9672800016399999,2432.9,2408.0,2460.0,10
cubic_2200.txt,1.45092000246,2388.8,2348.0,2454.0,10
cubic_2200.txt,1.9345600032799999,2375.8,2348.0,2386.0,10
cubic_2200.txt,2.4182000040999996,2369.8,2348.0,2385.0,10
cubic_2200.txt,2.90184000492,2366.8,2348.0,2376.0,10
cubic_2200.txt,3.3854800057399994,2360.1,2344.0,2376.0,10
cubic_2200.txt,3.8691200065599998,2358.9,2344.0,2373.0,10
cubic_2200.txt,4.35276000738,2354.2,2344.0,2372.0,10
cubic_2200.txt,4.836400008199999,2313.6,1974.0,2366.0,10
cubic_2200.txt,5.3200400090199995,1996.3,1934.0,2360.0,10
cubic_2200.txt,5.80368000984,1954.6,1934.0,1980.0,10
cubic_2200.txt,6.287320010659999,1953.5,1934.0,1980.0,10
cubic_2200.txt,6.770960011479999,1953.5,1934.0,1980.0,10
cubic_2200.txt,7.2546000123,1953.5,1934.0,1980.0,10
cubic_2200.txt,7.7382400131199995,1953.4,1934.0,1980.0,10
cubic_2200.txt,8.22188001394,1953.4,1934.0,1980.0,10
cubic_2200.txt,8.70552001476,1949.5,1932.0,1980.0,10
cubic_2200.txt,9.189160015579999,1948.8,1932.0,1980.0,10
cubic_2200.txt,9.672800016399998,1948.7,1932.0,1980.0,10
cubic_2200.txt,10.15644001722,1945.3,1932.0,1960.0,10
cubic_2200.txt,10.640080018039999,1945.3,1932.0,1960.0,10
cubic_2200.txt,11.123720018859999,1944.0,1932.0,1960.0,10
cubic_2200.txt,11.60736001968,1944.0,1932.0,1960.0,10
cubic_2200.txt,12.091000020499997,1942.1,1932.0,1960.0,10
cubic_2200.txt,12.574640021319999,1941.7,1932.0,1956.0,10
cubic_2200.txt,13.05828002214,1941.7,1932.0,1956.0,10
cubic_2200.txt,13.541920022959998,1941.3,1932.0,1956.0,10
cubic_2200.txt,14.025560023779999,1940.2,1932.0,1956.0,10
cubic_2200.txt,14.5092000246,1940.2,1932.0,1956.0,10
cubic_2200.txt,14.992840025419998,1939.5,1932.0,1954.0,10
cubic_2200.txt,15.476480026239999,1939.5,1932.0,1954.0,10
cubic_2200.txt,15.96012002706,1939.5,1932.0,1954.0,10
cubic_2200.txt,16.44376002788,1939.5,1932.0,1954.0,10
cubic_2200.txt,16.9274000287,1939.5,1932.0,1954.0,10
cubic_2200.txt,17.41104002952,1939.2,1932.0,1954.0,10
cubic_2200.txt,17.894680030339998,1938.3,1931.0,1954.0,10
cubic_2200.txt,18.378320031159998,1936.8,1928.0,1954.0,10
cubic_2200.txt,18.86196003198,1935.5,1928.0,1946.0,10
cubic_2200.txt,19.345600032799997,1935.5,1928.0,1946.0,10
cubic_2200.txt,19.82924003362,1935.3,1928.0,1945.0,10
cubic_2200.txt,20.31288003444,1935.3,1928.0,1945.0,10
cubic_2200.txt,20.796520035260002,1935.3,1928.0,1945.0,10
cubic_2200.txt,21.280160036079998,1934.2,1921.0,1945.0,10
cubic_2200.txt,21.763800036899998,1934.2,1921.0,1945.0,10
cubic_2200.txt,22.247440037719997,1933.0,1921.0,1945.0,10
cubic_2200.txt,22.73108003854,1932.0,1921.0,1945.0,10
cubic_2200.txt,23.21472003936,1932.0,1921.0,1945.0,10
cubic_2200.txt,23.69836004018,1932.0,1921.0,1945.0,10
cubic_2200.txt,24.182000040999995,1932.0,1921.0,1945.0,10
cubic_2200.txt,24.665640041819998,1931.8,1921.0,1944.0,10
cubic_2200.txt,25.149280042639997,1931.8,1921.0,1944.0,10
cubic_2200.txt,25.63292004346,1930.7,1921.0,1944.0,10
cubic_2200.txt,26.11656004428,1930.2,1921.0,1944.0,10
cubic_2200.txt,26.6002000451,1929.0,1920.0,1944.0,10
cubic_2200.txt,27.083840045919995,1929.0,1920.0,1944.0,10
cubic_2200.txt,27.56748004674,1928.4,1920.0,1938.0,10
cubic_2200.txt,28.051120047559998,1928.4,1920.0,1938.0,10
cubic_2200.txt,28.534760048379997,1928.4,1920.0,1938.0,10
cubic_2200.txt,29.0184000492,1928.0,1920.0,1938.0,10
cubic_2200.txt,29.50204005002,1927.4,1920.0,1937.0,10
cubic_2200.txt,29.985680050839996,1927.4,1920.0,1937.0,10
cubic_2200.txt,30.46932005166,1927.4,1920.0,1937.0,10
cubic_2200.txt,30.952960052479998,1927.4,1920.0,1937.0,10
cubic_2200.txt,31.436600053299998,1927.0,1920.0,1934.0,10
cubic_2200.txt,31.92024005412,1927.0,1920.0,1934.0,10
cubic_2200.txt,32.40388005494,1926.4,1920.0,1934.0,10
cubic_2200.txt,32.88752005576,1926.4,1920.0,1934.0,10
cubic_2200.txt,33.371160056579996,1925.9,1920.0,1934.0,10
cubic_2200.txt,33.8548000574,1925.9,1920.0,1934.0,10
cubic_2200.txt,34.33844005822,1924.9,1920.0,1931.0,10
cubic_2200.txt,34.82208005904,1924.6,1917.0,1931.0,10
cubic_2200.txt,35.30572005985999,1924.0,1917.0,1931.0,10
cubic_2200.txt,35.789360060679996,1923.1,1917.0,1931.0,10
cubic_2200.txt,36.2730000615,1923.0,1917.0,1931.0,10
cubic_2200.txt,36.756640062319995,1923.0,1917.0,1931.0,10
cubic_2200.txt,37.24028006314,1923.0,1917.0,1931.0,10
cubic_2200.txt,37.72392006396,1923.0,1917.0,1931.0,10
cubic_2200.txt,38.20756006478,1923.0,1917.0,1931.0,10
cubic_2200.txt,38.69120006559999,1923.0,1917.0,1931.0,10
cubic_2200.txt,39.174840066419996,1923.0,1917.0,1931.0,10
cubic_2200.txt,39.65848006724,1922.9,1917.0,1931.0,10
cubic_2200.txt,40.142120068059995,1922.9,1917.0,1931.0,10
cubic_2200.txt,40.62576006888,1922.9,1917.0,1931.0,10
cubic_2200.txt,41.109400069699994,1920.8,1906.0,1931.0,10
cubic_2200.txt,41.593040070520004,1920.8,1906.0,1931.0,10
cubic_2200.txt,42.07668007134,1920.0,1906.0,1931.0,10
cubic_2200.txt,42.560320072159996,1920.0,1906.0,1931.0,10
cubic_2200.txt,43.04396007298,1920.0,1906.0,1931.0,10
cubic_2200.txt,43.527600073799995,1920.0,1906.0,1931.0,10
cubic_2200.txt,44.01124007462,1919.6,1906.0,1931.0,10
cubic_2200.txt,44.494880075439994,1918.7,1906.0,1929.0,10
cubic_2200.txt,44.978520076260004,1918.7,1906.0,1929.0,10
cubic_2200.txt,45.46216007708,1916.8,1903.0,1929.0,10
cubic_2200.txt,45.945800077899996,1916.8,1903.0,1929.0,10
cubic_2200.txt,46.42944007872,1916.8,1903.0,1929.0,10
cubic_2200.txt,46.913080079539995,1916.8,1903.0,1929.0,10
cubic_2200.txt,47.39672008036,1916.8,1903.0,1929.0,10
cubic_2200.txt,47.880360081179994,1916.8,1903.0,1929.0,10
cubic_2200.txt,48.36400008199999,1916.8,1903.0,1929.0,10
cubic_2300.txt,0.0,nan,nan,nan,0
cubic_2300.txt,0.5176699996,2548.1,2507.0,2604.0,10
cubic_2300.txt,1.0353399992,2548.1,2507.0,2604.0,10
cubic_2300.txt,1.5530099988000001,2487.8,2475.0,2526.0,10
cubic_2300.txt,2.0706799984,2482.8,2475.0,2498.0,10
cubic_2300.txt,2.588349998,2475.3,2468.0,2479.0,10
cubic_2300.txt,3.1060199976000002,2475.3,2468.0,2479.0,10
cubic_2300.txt,3.6236899971999996,2466.2,2451.0,2478.0,10
cubic_2300.txt,4.1413599968,2461.7,2443.0,2477.0,10
cubic_2300.txt,4.6590299964,2454.9,2435.0,2468.0,10
cubic_2300.txt,5.176699996,2295.8,2043.0,2465.0,10
cubic_2300.txt,5.6943699956,2096.3,2035.0,2443.0,10
cubic_2300.txt,6.2120399952000005,2096.3,2035.0,2443.0,10
cubic_2300.txt,6.7297099948,2055.8,2035.0,2079.0,10
cubic_2300.txt,7.247379994399999,2054.9,2035.0,2079.0,10
cubic_2300.txt,7.765049994,2053.8,2035.0,2079.0,10
cubic_2300.txt,8.2827199936,2048.8,2029.0,2075.0,10
cubic_2300.txt,8.8003899932,2045.5,2029.0,2075.0,10
cubic_2300.txt,9.3180599928,2044.2,2029.0,2066.0,10
cubic_2300.txt,9.8357299924,2044.2,2029.0,2066.0,10
cubic_2300.txt,10.353399992,2042.5,2029.0,2062.0,10
cubic_2300.txt,10.8710699916,2039.0,2028.0,2049.0,10
cubic_2300.txt,11.3887399912,2039.0,2028.0,2049.0,10
cubic_2300.txt,11.9064099908,2038.2,2028.0,2049.0,10
cubic_2300.txt,12.424079990400001,2037.2,2028.0,2049.0,10
cubic_2300.txt,12.94174999,2036.4,2028.0,2044.0,10
cubic_2300.txt,13.4594199896,2036.0,2028.0,2042.0,10
cubic_2300.txt,13.9770899892,2036.0,2028.0,2042.0,10
cubic_2300.txt,14.494759988799998,2033.9,2021.0,2042.0,10
cubic_2300.txt,15.0124299884,2033.2,2021.0,2042.0,10
cubic_2300.txt,15.530099988,2032.4,2021.0,2042.0,10
cubic_2300.txt,16.0477699876,2030.9,2021.0,2042.0,10
cubic_2300.txt,16.5654399872,2030.9,2021.0,2042.0,10
cubic_2300.txt,17.0831099868,2029.9,2021.0,2041.0,10
cubic_2300.txt,17.6007799864,2029.9,2021.0,2041.0,10
cubic_2300.txt,18.118449986,2028.8,2019.0,2041.0,10
cubic_2300.txt,18.6361199856,2028.8,2019.0,2041.0,10
cubic_2300.txt,19.1537899852,2027.8,2019.0,2037.0,10
cubic_2300.txt,19.6714599848,2027.8,2019.0,2037.0,10
cubic_2300.txt,20.189129984399997,2027.8,2019.0,2037.0,10
cubic_2300.txt,20.706799984,2027.8,2019.0,2037.0,10
cubic_2300.txt,21.224469983600002,2027.8,2019.0,2037.0,10
cubic_2300.txt,21.7421399832,2027.0,2019.0,2037.0,10
cubic_2300.txt,22.259809982799997,2025.8,2012.0,2037.0,10
cubic_2300.txt,22.7774799824,2024.8,2009.0,2037.0,10
cubic_2300.txt,23.295149981999998,2024.8,2009.0,2037.0,10
cubic_2300.txt,23.8128199816,2024.5,2009.0,2037.0,10
cubic_2300.txt,24.3304899812,2024.3,2009.0,2037.0,10
cubic_2300.txt,24.848159980800002,2024.1,2009.0,2037.0,10
cubic_2300.txt,25.365829980399997,2023.7,2009.0,2037.0,10
cubic_2300.txt,25.88349998,2022.8,2009.0,2037.0,10
cubic_2300.txt,26.4011699796,2022.8,2009.0,2037.0,10
cubic_2300.txt,26.9188399792,2022.5,2009.0,2037.0,10
cubic_2300.txt,27.4365099788,2021.1,2009.0,2037.0,10
cubic_2300.txt,27.9541799784,2020.6,2009.0,2037.0,10
cubic_2300.txt,28.471849978,2020.6,2009.0,2037.0,10
cubic_2300.txt,28.989519977599997,2020.5,2009.0,2037.0,10
cubic_2300.txt,29.5071899772,2019.9,2009.0,2037.0,10
cubic_2300.txt,30.0248599768,2019.9,2009.0,2037.0,10
cubic_2300.txt,30.5425299764,2019.9,2009.0,2037.0,10
cubic_2300.txt,31.060199976,2019.9,2009.0,2037.0,10
cubic_2300.txt,31.577869975600002,2019.9,2009.0,2037.0,10
cubic_2300.txt,32.0955399752,2019.9,2009.0,2037.0,10
cubic_2300.txt,32.6132099748,2019.9,2009.0,2037.0,10
cubic_2300.txt,33.1308799744,2018.0,2001.0,2037.0,10
cubic_2300.txt,33.648549974,2018.0,2001.0,2037.0,10
cubic_2300.txt,34.1662199736,2018.0,2001.0,2037.0,10
cubic_2300.txt,34.683889973199996,2018.0,2001.0,2037.0,10
cubic_2300.txt,35.2015599728,2016.8,2001.0,2037.0,10
cubic_2300.txt,35.7192299724,2016.8,2001.0,2037.0,10
cubic_2300.txt,36.236899972,2016.8,2001.0,2037.0,10
cubic_2300.txt,36.7545699716,2016.8,2001.0,2037.0,10
cubic_2300.txt,37.2722399712,2016.8,2001.0,2037.0,10
cubic_2300.txt,37.7899099708,2016.5,2001.0,2037.0,10
cubic_2300.txt,38.3075799704,2016.3,2001.0,2037.0,10
cubic_2300.txt,38.82524997,2016.3,2001.0,2037.0,10
cubic_2300.txt,39.3429199696,2016.3,2001.0,2037.0,10
cubic_2300.txt,39.8605899692,2016.3,2001.0,2037.0,10
cubic_2300.txt,40.378259968799995,2016.3,2001.0,2037.0,10
cubic_2300.txt,40.8959299684,2016.3,2001.0,2037.0,10
cubic_2300.txt,41.413599968,2016.3,2001.0,2037.0,10
cubic_2300.txt,41.9312699676,2016.3,2001.0,2037.0,10
cubic_2300.txt,42.448939967200005,2016.3,2001.0,2037.0,10
cubic_2300.txt,42.9666099668,2016.3,2001.0,2037.0,10
cubic_2300.txt,43.4842799664,2016.3,2001.0,2037.0,10
cubic_2300.txt,44.001949966000005,2016.3,2001.0,2037.0,10
cubic_2300.txt,44.51961996559999,2016.3,2001.0,2037.0,10
cubic_2300.txt,45.037289965199996,2016.3,2001.0,2037.0,10
cubic_2300.txt,45.5549599648,2016.3,2001.0,2037.0,10
cubic_2300.txt,46.0726299644,2016.3,2001.0,2037.0,10
cubic_2300.txt,46.590299963999996,2016.3,2001.0,2037.0,10
cubic_2300.txt,47.1079699636,2016.3,2001.0,2037.0,10
cubic_2300.txt,47.6256399632,2016.3,2001.0,2037.0,10
cubic_2300.txt,48.143309962800004,2016.3,2001.0,2037.0,10
cubic_2300.txt,48.6609799624,2016.3,2001.0,2037.0,10
cubic_2300.txt,49.178649962,2016.3,2001.0,2037.0,10
cubic_2300.txt,49.696319961600004,2015.9,2001.0,2037.0,10
cubic_2300.txt,50.21398996119999,2015.9,2001.0,2037.0,10
cubic_2300.txt,50.731659960799995,2015.9,2001.0,2037.0,10
cubic_2300.txt,51.2493299604,2014.3,2001.0,2026.0,10
cubic_2300.txt,51.76699996,2013.1,2001.0,2026.0,10
cubic_2400.txt,0.0,nan,nan,nan,0
cubic_2400.txt,0.51671999931,2645.3,2593.0,2686.0,10
cubic_2400.txt,1.03343999862,2645.3,2593.0,2686.0,10
cubic_2400.txt,1.5501599979299998,2601.3,2589.0,2644.0,10
cubic_2400.txt,2.06687999724,2595.5,2586.0,2607.0,10
cubic_2400.txt,2.5835999965500003,2585.8,2579.0,2592.0,10
cubic_2400.txt,3.1003199958599996,2585.8,2579.0,2592.0,10
cubic_2400.txt,3.61703999517,2573.3,2558.0,2581.0,10
cubic_2400.txt,4.13375999448,2572.6,2558.0,2581.0,10
cubic_2400.txt,4.65047999379,2565.8,2553.0,2580.0,10
cubic_2400.txt,5.1671999931000006,2479.9,2136.0,2571.0,10
cubic_2400.txt,5.68391999241,2232.4,2136.0,2569.0,10
cubic_2400.txt,6.200639991719999,2150.3,2136.0,2169.0,10
cubic_2400.txt,6.71735999103,2150.3,2136.0,2169.0,10
cubic_2400.txt,7.23407999034,2149.5,2136.0,2169.0,10
cubic_2400.txt,7.750799989650001,2149.5,2136.0,2169.0,10
cubic_2400.txt,8.26751998896,2149.5,2136.0,2169.0,10
cubic_2400.txt,8.78423998827,2149.5,2136.0,2169.0,10
cubic_2400.txt,9.30095998758,2149.0,2136.0,2169.0,10
cubic_2400.txt,9.81767998689,2149.0,2136.0,2169.0,10
cubic_2400.txt,10.334399986200001,2148.6,2135.0,2169.0,10
cubic_2400.txt,10.85111998551,2145.5,2134.0,2169.0,10
cubic_2400.txt,11.36783998482,2140.7,2118.0,2169.0,10
cubic_2400.txt,11.88455998413,2138.6,2118.0,2151.0,10
cubic_2400.txt,12.401279983439998,2136.8,2118.0,2149.0,10
cubic_2400.txt,12.91799998275,2136.8,2118.0,2149.0,10
cubic_2400.txt,13.43471998206,2135.8,2118.0,2149.0,10
cubic_2400.txt,13.951439981370001,2134.1,2118.0,2149.0,10
cubic_2400.txt,14.46815998068,2134.1,2118.0,2149.0,10
cubic_2400.txt,14.984879979990001,2134.1,2118.0,2149.0,10
cubic_2400.txt,15.501599979300002,2131.7,2118.0,2147.0,10
cubic_2400.txt,16.01831997861,2131.7,2118.0,2147.0,10
cubic_2400.txt,16.53503997792,2128.0,2111.0,2147.0,10
cubic_2400.txt,17.051759977230002,2128.0,2111.0,2147.0,10
cubic_2400.txt,17.56847997654,2125.4,2111.0,2139.0,10
cubic_2400.txt,18.08519997585,2124.9,2111.0,2139.0,10
cubic_2400.txt,18.60191997516,2124.9,2111.0,2139.0,10
cubic_2400.txt,19.11863997447,2124.1,2111.0,2139.0,10
cubic_2400.txt,19.63535997378,2124.1,2111.0,2139.0,10
cubic_2400.txt,20.15207997309,2122.1,2111.0,2133.0,10
cubic_2400.txt,20.668799972400002,2121.7,2107.0,2133.0,10
cubic_2400.txt,21.18551997171,2121.7,2107.0,2133.0,10
cubic_2400.txt,21.70223997102,2121.7,2107.0,2133.0,10
cubic_2400.txt,22.21895997033,2119.5,2107.0,2133.0,10
cubic_2400.txt,22.73567996964,2118.9,2107.0,2133.0,10
cubic_2400.txt,23.252399968949998,2117.7,2107.0,2132.0,10
cubic_2400.txt,23.76911996826,2117.7,2107.0,2132.0,10
cubic_2400.txt,24.28583996757,2117.7,2107.0,2132.0,10
cubic_2400.txt,24.802559966879997,2117.7,2107.0,2132.0,10
cubic_2400.txt,25.319279966190003,2117.2,2107.0,2132.0,10
cubic_2400.txt,25.8359999655,2117.2,2107.0,2132.0,10
cubic_2400.txt,26.352719964810003,2115.1,2104.0,2132.0,10
cubic_2400.txt,26.86943996412,2115.1,2104.0,2132.0,10
cubic_2400.txt,27.38615996343,2115.1,2104.0,2132.0,10
cubic_2400.txt,27.902879962740002,2114.5,2104.0,2126.0,10
cubic_2400.txt,28.41959996205,2114.5,2104.0,2126.0,10
cubic_2400.txt,28.93631996136,2113.4,2104.0,2126.0,10
cubic_2400.txt,29.453039960670004,2113.3,2103.0,2126.0,10
cubic_2400.txt,29.969759959980003,2112.0,2103.0,2123.0,10
cubic_2400.txt,30.48647995929,2112.0,2103.0,2123.0,10
cubic_2400.txt,31.003199958600003,2111.9,2103.0,2123.0,10
cubic_2400.txt,31.519919957910002,2111.9,2103.0,2123.0,10
cubic_2400.txt,32.03663995722,2111.9,2103.0,2123.0,10
cubic_2400.txt,32.55335995653,2110.5,2103.0,2118.0,10
cubic_2400.txt,33.07007995584,2110.5,2103.0,2118.0,10
cubic_2400.txt,33.58679995515,2110.5,2103.0,2118.0,10
cubic_2400.txt,34.103519954460005,2110.5,2103.0,2118.0,10
cubic_2400.txt,34.62023995377,2110.5,2103.0,2118.0,10
cubic_2400.txt,35.13695995308,2110.5,2103.0,2118.0,10
cubic_2400.txt,35.65367995239,2110.5,2103.0,2118.0,10
cubic_2400.txt,36.1703999517,2110.5,2103.0,2118.0,10
cubic_2400.txt,36.68711995101,2110.5,2103.0,2118.0,10
cubic_2400.txt,37.20383995032,2110.5,2103.0,2118.0,10
cubic_2400.txt,37.72055994963,2110.5,2103.0,2118.0,10
cubic_2400.txt,38.23727994894,2110.5,2103.0,2118.0,10
cubic_2400.txt,38.753999948250005,2109.7,2103.0,2118.0,10
cubic_2400.txt,39.27071994756,2109.7,2103.0,2118.0,10
cubic_2400.txt,39.78743994687,2109.7,2103.0,2118.0,10
cubic_2400.txt,40.30415994618,2109.5,2103.0,2118.0,10
cubic_2400.txt,40.82087994549,2109.2,2103.0,2118.0,10
cubic_2400.txt,41.337599944800004,2109.2,2103.0,2118.0,10
cubic_2400.txt,41.85431994411,2108.7,2103.0,2118.0,10
cubic_2400.txt,42.37103994342,2108.6,2103.0,2117.0,10
cubic_2400.txt,42.88775994273,2108.2,2102.0,2117.0,10
cubic_2400.txt,43.40447994204,2107.8,2102.0,2117.0,10
cubic_2400.txt,43.921199941350004,2107.8,2102.0,2117.0,10
cubic_2400.txt,44.43791994066,2107.8,2102.0,2117.0,10
cubic_2400.txt,44.95463993997,2107.8,2102.0,2117.0,10
cubic_2400.txt,45.47135993928,2107.6,2102.0,2117.0,10
cubic_2400.txt,45.98807993859,2107.6,2102.0,2117.0,10
cubic_2400.txt,46.504799937899996,2107.6,2102.0,2117.0,10
cubic_2400.txt,47.02151993721,2107.6,2102.0,2117.0,10
cubic_2400.txt,47.53823993652,2107.6,2102.0,2117.0,10
cubic_2400.txt,48.05495993583,2107.6,2102.0,2117.0,10
cubic_2400.txt,48.57167993514,2107.6,2102.0,2117.0,10
cubic_2400.txt,49.088399934449995,2107.6,2102.0,2117.0,10
cubic_2400.txt,49.605119933759994,2107.5,2102.0,2117.0,10
cubic_2400.txt,50.12183993307001,2107.5,2102.0,2117.0,10
cubic_2400.txt,50.638559932380005,2107.5,2102.0,2117.0,10
cubic_2400.txt,51.15527993169,2107.5,2102.0,2117.0,10
cubic_2400.txt,51.671999931,2107.5,2102.0,2117.0,10
cubic_2500.txt,0.0,nan,nan,nan,0
cubic_2500.txt,0.53222000122,2762.9,2720.0,2822.0,10
cubic_2500.txt,1.06444000244,2762.9,2720.0,2822.0,10
cubic_2500.txt,1.5966600036599998,2709.6,2696.0,2727.0,10
cubic_2500.txt,2.12888000488,2709.6,2696.0,2727.0,10
cubic_2500.txt,2.6611000061,2684.3,2656.0,2701.0,10
cubic_2500.txt,3.1933200073199997,2680.6,2656.0,2701.0,10
cubic_2500.txt,3.72554000854,2676.9,2656.0,2691.0,10
cubic_2500.txt,4.25776000976,2675.1,2656.0,2685.0,10
cubic_2500.txt,4.78998001098,2675.1,2656.0,2685.0,10
cubic_2500.txt,5.3222000122,2624.7,2221.0,2685.0,10
cubic_2500.txt,5.8544200134199995,2400.5,2190.0,2672.0,10
cubic_2500.txt,6.386640014639999,2221.6,2190.0,2252.0,10
cubic_2500.txt,6.91886001586,2221.6,2190.0,2252.0,10
cubic_2500.txt,7.45108001708,2221.6,2190.0,2252.0,10
cubic_2500.txt,7.983300018299999,2219.7,2190.0,2252.0,10
cubic_2500.txt,8.51552001952,2219.7,2190.0,2252.0,10
cubic_2500.txt,9.047740020740001,2219.7,2190.0,2252.0,10
cubic_2500.txt,9.57996002196,2215.9,2190.0,2243.0,10
cubic_2500.txt,10.112180023179999,2213.6,2190.0,2243.0,10
cubic_2500.txt,10.6444000244,2212.1,2190.0,2228.0,10
cubic_2500.txt,11.17662002562,2211.5,2190.0,2228.0,10
cubic_2500.txt,11.708840026839999,2210.7,2190.0,2228.0,10
cubic_2500.txt,12.241060028059998,2210.7,2190.0,2228.0,10
cubic_2500.txt,12.773280029279999,2210.7,2190.0,2228.0,10
cubic_2500.txt,13.3055000305,2208.2,2190.0,2228.0,10
cubic_2500.txt,13.83772003172,2206.3,2190.0,2221.0,10
cubic_2500.txt,14.369940032939999,2205.4,2190.0,2221.0,10
cubic_2500.txt,14.90216003416,2203.9,2187.0,2221.0,10
cubic_2500.txt,15.43438003538,2203.9,2187.0,2221.0,10
cubic_2500.txt,15.966600036599997,2203.9,2187.0,2221.0,10
cubic_2500.txt,16.49882003782,2203.4,2187.0,2221.0,10
cubic_2500.txt,17.03104003904,2203.4,2187.0,2221.0,10
cubic_2500.txt,17.56326004026,2203.4,2187.0,2221.0,10
cubic_2500.txt,18.095480041480002,2202.6,2187.0,2221.0,10
cubic_2500.txt,18.6277000427,2202.6,2187.0,2221.0,10
cubic_2500.txt,19.15992004392,2202.5,2187.0,2220.0,10
cubic_2500.txt,19.69214004514,2201.9,2187.0,2220.0,10
cubic_2500.txt,20.224360046359998,2200.8,2187.0,2211.0,10
cubic_2500.txt,20.75658004758,2200.8,2187.0,2211.0,10
cubic_2500.txt,21.2888000488,2200.8,2187.0,2211.0,10
cubic_2500.txt,21.821020050019996,2200.8,2187.0,2211.0,10
cubic_2500.txt,22.35324005124,2200.8,2187.0,2211.0,10
cubic_2500.txt,22.885460052459997,2200.4,2187.0,2211.0,10
cubic_2500.txt,23.417680053679998,2200.4,2187.0,2211.0,10
cubic_2500.txt,23.9499000549,2200.4,2187.0,2211.0,10
cubic_2500.txt,24.482120056119996,2198.9,2187.0,2211.0,10
cubic_2500.txt,25.01434005734,2198.9,2187.0,2211.0,10
cubic_2500.txt,25.546560058559997,2198.9,2187.0,2211.0,10
cubic_2500.txt,26.078780059779998,2198.9,2187.0,2211.0,10
cubic_2500.txt,26.611000061,2198.8,2187.0,2211.0,10
cubic_2500.txt,27.14322006222,2197.7,2187.0,2211.0,10
cubic_2500.txt,27.67544006344,2197.7,2187.0,2211.0,10
cubic_2500.txt,28.20766006466,2197.7,2187.0,2211.0,10
cubic_2500.txt,28.739880065879998,2196.3,2175.0,2211.0,10
cubic_2500.txt,29.2721000671,2196.3,2175.0,2211.0,10
cubic_2500.txt,29.80432006832,2195.5,2175.0,2211.0,10
cubic_2500.txt,30.336540069539996,2194.6,2175.0,2211.0,10
cubic_2500.txt,30.86876007076,2194.6,2175.0,2211.0,10
cubic_2500.txt,31.400980071979998,2194.6,2175.0,2211.0,10
cubic_2500.txt,31.933200073199995,2193.6,2175.0,2205.0,10
cubic_2500.txt,32.465420074419995,2193.4,2175.0,2205.0,10
cubic_2500.txt,32.99764007564,2193.4,2175.0,2205.0,10
cubic_2500.txt,33.52986007686,2191.6,2175.0,2201.0,10
cubic_2500.txt,34.06208007808,2191.6,2175.0,2201.0,10
cubic_2500.txt,34.5943000793,2191.6,2175.0,2201.0,10
cubic_2500.txt,35.12652008052,2191.6,2175.0,2201.0,10
cubic_2500.txt,35.65874008174,2191.6,2175.0,2201.0,10
cubic_2500.txt,36.190960082960004,2191.6,2175.0,2201.0,10
cubic_2500.txt,36.72318008418,2191.6,2175.0,2201.0,10
cubic_2500.txt,37.2554000854,2191.6,2175.0,2201.0,10
cubic_2500.txt,37.78762008662,2191.6,2175.0,2201.0,10
cubic_2500.txt,38.31984008784,2191.6,2175.0,2201.0,10
cubic_2500.txt,38.85206008906,2190.6,2175.0,2201.0,10
cubic_2500.txt,39.38428009028,2190.6,2175.0,2201.0,10
cubic_2500.txt,39.9165000915,2190.4,2175.0,2201.0,10
cubic_2500.txt,40.448720092719995,2189.9,2175.0,2201.0,10
cubic_2500.txt,40.98094009394,2188.8,2175.0,2201.0,10
cubic_2500.txt,41.51316009516,2188.8,2175.0,2201.0,10
cubic_2500.txt,42.04538009637999,2188.8,2175.0,2201.0,10
cubic_2500.txt,42.5776000976,2188.8,2175.0,2201.0,10
cubic_2500.txt,43.10982009882,2188.8,2175.0,2201.0,10
cubic_2500.txt,43.64204010003999,2188.8,2175.0,2201.0,10
cubic_2500.txt,44.174260101259996,2188.2,2175.0,2200.0,10
cubic_2500.txt,44.70648010248,2187.8,2175.0,2200.0,10
cubic_2500.txt,45.23870010369999,2187.8,2175.0,2200.0,10
cubic_2500.txt,45.770920104919995,2187.8,2175.0,2200.0,10
cubic_2500.txt,46.30314010614,2187.8,2175.0,2200.0,10
cubic_2500.txt,46.835360107359996,2187.8,2175.0,2200.0,10
cubic_2500.txt,47.36758010857999,2187.6,2175.0,2200.0,10
cubic_2500.txt,47.8998001098,2187.6,2175.0,2200.0,10
cubic_2500.txt,48.43202011102,2187.6,2175.0,2200.0,10
cubic_2500.txt,48.96424011223999,2187.5,2174.0,2200.0,10
cubic_2500.txt,49.496460113459996,2187.5,2174.0,2200.0,10
cubic_2500.txt,50.02868011468,2187.5,2174.0,2200.0,10
cubic_2500.txt,50.5609001159,2187.5,2174.0,2200.0,10
cubic_2500.txt,51.093120117119994,2187.5,2174.0,2200.0,10
cubic_2500.txt,51.62534011834,2187.5,2174.0,2200.0,10
cubic_2500.txt,52.157560119559996,2187.5,2174.0,2200.0,10
cubic_2500.txt,52.68978012078,2187.3,2174.0,2200.0,10
cubic_2500.txt,53.222000122,2187.3,2174.0,2200.0,10
cubic_2600.txt,0.0,nan,nan,nan,0
cubic_2600.txt,0.56798000097,2878.9,2842.0,2902.0,10
cubic_2600.txt,1.13596000194,2878.9,2842.0,2902.0,10
cubic_2600.txt,1.70394000291,2820.4,2808.0,2873.0,10
cubic_2600.txt,2.27192000388,2814.5,2808.0,2824.0,10
cubic_2600.txt,2.83990000485,2808.5,2794.0,2822.0,10
cubic_2600.txt,3.40788000582,2805.2,2784.0,2822.0,10
cubic_2600.txt,3.97586000679,2795.9,2772.0,2809.0,10
cubic_2600.txt,4.54384000776,2788.2,2772.0,2807.0,10
cubic_2600.txt,5.11182000873,2780.2,2755.0,2793.0,10
cubic_2600.txt,5.6798000097,2630.8,2303.0,2781.0,10
cubic_2600.txt,6.24778001067,2359.8,2298.0,2778.0,10
cubic_2600.txt,6.81576001164,2312.1,2298.0,2331.0,10
cubic_2600.txt,7.38374001261,2312.1,2298.0,2331.0,10
cubic_2600.txt,7.95172001358,2312.1,2298.0,2331.0,10
cubic_2600.txt,8.51970001455,2311.6,2298.0,2331.0,10
cubic_2600.txt,9.08768001552,2310.8,2298.0,2331.0,10
cubic_2600.txt,9.65566001649,2310.8,2298.0,2331.0,10
cubic_2600.txt,10.22364001746,2310.5,2298.0,2331.0,10
cubic_2600.txt,10.791620018429999,2309.9,2294.0,2331.0,10
cubic_2600.txt,11.3596000194,2308.7,2294.0,2331.0,10
cubic_2600.txt,11.927580020370002,2305.7,2286.0,2331.0,10
cubic_2600.txt,12.49556002134,2302.6,2286.0,2321.0,10
cubic_2600.txt,13.063540022309999,2301.6,2286.0,2321.0,10
cubic_2600.txt,13.63152002328,2300.2,2286.0,2321.0,10
cubic_2600.txt,14.199500024250002,2300.0,2286.0,2321.0,10
cubic_2600.txt,14.76748002522,2300.0,2286.0,2321.0,10
cubic_2600.txt,15.335460026189999,2300.0,2286.0,2321.0,10
cubic_2600.txt,15.90344002716,2300.0,2286.0,2321.0,10
cubic_2600.txt,16.47142002813,2300.0,2286.0,2321.0,10
cubic_2600.txt,17.0394000291,2299.1,2286.0,2321.0,10
cubic_2600.txt,17.607380030069997,2298.3,2286.0,2321.0,10
cubic_2600.txt,18.17536003104,2295.3,2286.0,2321.0,10
cubic_2600.txt,18.74334003201,2295.3,2286.0,2321.0,10
cubic_2600.txt,19.31132003298,2295.2,2286.0,2321.0,10
cubic_2600.txt,19.87930003395,2293.7,2286.0,2306.0,10
cubic_2600.txt,20.44728003492,2293.7,2286.0,2306.0,10
cubic_2600.txt,21.01526003589,2293.7,2286.0,2306.0,10
cubic_2600.txt,21.583240036859998,2293.7,2286.0,2306.0,10
cubic_2600.txt,22.151220037829997,2293.7,2286.0,2306.0,10
cubic_2600.txt,22.7192000388,2293.7,2286.0,2306.0,10
cubic_2600.txt,23.28718003977,2293.7,2286.0,2306.0,10
cubic_2600.txt,23.855160040740003,2293.7,2286.0,2306.0,10
cubic_2600.txt,24.42314004171,2292.4,2286.0,2306.0,10
cubic_2600.txt,24.99112004268,2291.9,2283.0,2306.0,10
cubic_2600.txt,25.55910004365,2291.5,2283.0,2306.0,10
cubic_2600.txt,26.127080044619998,2290.6,2279.0,2306.0,10
cubic_2600.txt,26.695060045589997,2290.6,2279.0,2306.0,10
cubic_2600.txt,27.26304004656,2290.6,2279.0,2306.0,10
cubic_2600.txt,27.83102004753,2289.7,2279.0,2306.0,10
cubic_2600.txt,28.399000048500003,2289.7,2279.0,2306.0,10
cubic_2600.txt,28.96698004947,2289.7,2279.0,2306.0,10
cubic_2600.txt,29.53496005044,2289.7,2279.0,2306.0,10
cubic_2600.txt,30.102940051410002,2289.3,2279.0,2302.0,10
cubic_2600.txt,30.670920052379998,2289.3,2279.0,2302.0,10
cubic_2600.txt,31.238900053349997,2289.3,2279.0,2302.0,10
cubic_2600.txt,31.80688005432,2289.3,2279.0,2302.0,10
cubic_2600.txt,32.37486005529,2289.3,2279.0,2302.0,10
cubic_2600.txt,32.94284005626,2289.3,2279.0,2302.0,10
cubic_2600.txt,33.51082005723,2288.1,2274.0,2302.0,10
cubic_2600.txt,34.0788000582,2287.6,2274.0,2301.0,10
cubic_2600.txt,34.64678005917,2287.6,2274.0,2301.0,10
cubic_2600.txt,35.214760060139994,2287.6,2274.0,2301.0,10
cubic_2600.txt,35.78274006111,2287.6,2274.0,2301.0,10
cubic_2600.txt,36.35072006208,2287.6,2274.0,2301.0,10
cubic_2600.txt,36.918700063050004,2287.6,2274.0,2301.0,10
cubic_2600.txt,37.48668006402,2287.6,2274.0,2301.0,10
cubic_2600.txt,38.054660064989996,2287.6,2274.0,2301.0,10
cubic_2600.txt,38.62264006596,2287.6,2274.0,2301.0,10
cubic_2600.txt,39.19062006693,2287.6,2274.0,2301.0,10
cubic_2600.txt,39.7586000679,2286.5,2274.0,2301.0,10
cubic_2600.txt,40.32658006887,2286.4,2274.0,2301.0,10
cubic_2600.txt,40.89456006984,2286.4,2274.0,2301.0,10
cubic_2600.txt,41.46254007081,2286.4,2274.0,2301.0,10
cubic_2600.txt,42.03052007178,2286.1,2274.0,2298.0,10
cubic_2600.txt,42.59850007275,2286.1,2274.0,2298.0,10
cubic_2600.txt,43.166480073719995,2286.1,2274.0,2298.0,10
cubic_2600.txt,43.73446007469,2284.6,2268.0,2298.0,10
cubic_2600.txt,44.302440075659995,2284.6,2268.0,2298.0,10
cubic_2600.txt,44.87042007663,2284.6,2268.0,2298.0,10
cubic_2600.txt,45.4384000776,2283.2,2268.0,2298.0,10
cubic_2600.txt,46.006380078570004,2283.2,2268.0,2298.0,10
cubic_2600.txt,46.57436007954,2283.2,2268.0,2298.0,10
cubic_2600.txt,47.14234008051,2283.0,2268.0,2297.0,10
cubic_2600.txt,47.710320081480006,2283.0,2268.0,2297.0,10
cubic_2600.txt,48.278300082449995,2283.0,2268.0,2297.0,10
cubic_2600.txt,48.84628008342,2283.0,2268.0,2297.0,10
cubic_2600.txt,49.41426008439,2283.0,2268.0,2297.0,10
cubic_2600.txt,49.98224008536,2282.2,2268.0,2297.0,10
cubic_2600.txt,50.55022008633,2282.2,2268.0,2297.0,10
cubic_2600.txt,51.1182000873,2282.2,2268.0,2297.0,10
cubic_2600.txt,51.68618008827,2282.1,2268.0,2297.0,10
cubic_2600.txt,52.254160089239996,2282.1,2268.0,2297.0,10
cubic_2600.txt,52.82214009021,2282.1,2268.0,2297.0,10
cubic_2600.txt,53.390120091179995,2282.0,2268.0,2297.0,10
cubic_2600.txt,53.95810009215,2282.0,2268.0,2297.0,10
cubic_2600.txt,54.52608009312,2282.0,2268.0,2297.0,10
cubic_2600.txt,55.09406009409,2282.0,2268.0,2297.0,10
cubic_2600.txt,55.66204009506,2282.0,2268.0,2297.0,10
cubic_2600.txt,56.23002009603,2281.1,2268.0,2297.0,10
cubic_2600.txt,56.798000097000006,2280.3,2268.0,2290.0,10
cubic_2700.txt,0.0,nan,nan,nan,0
cubic_2700.txt,0.61875999928,2996.0,2948.0,3038.0,10
cubic_2700.txt,1.23751999856,2996.0,2948.0,3038.0,10
cubic_2700.txt,1.85627999784,2921.6,2906.0,2942.0,10
cubic_2700.txt,2.47503999712,2919.7,2906.0,2932.0,10
cubic_2700.txt,3.0937999964,2909.6,2885.0,2925.0,10
cubic_2700.txt,3.71255999568,2902.9,2882.0,2913.0,10
cubic_2700.txt,4.33131999496,2899.7,2882.0,2912.0,10
cubic_2700.txt,4.95007999424,2891.0,2882.0,2901.0,10
cubic_2700.txt,5.56883999352,2887.9,2882.0,2897.0,10
cubic_2700.txt,6.1875999928,2597.9,2394.0,2897.0,10
cubic_2700.txt,6.806359992079999,2415.7,2394.0,2442.0,10
cubic_2700.txt,7.42511999136,2415.7,2394.0,2442.0,10
cubic_2700.txt,8.04387999064,2414.1,2383.0,2442.0,10
cubic_2700.txt,8.66263998992,2413.9,2383.0,2442.0,10
cubic_2700.txt,9.281399989199999,2413.9,2383.0,2442.0,10
cubic_2700.txt,9.90015998848,2411.4,2381.0,2440.0,10
cubic_2700.txt,10.51891998776,2409.4,2381.0,2440.0,10
cubic_2700.txt,11.13767998704,2404.5,2381.0,2438.0,10
cubic_2700.txt,11.756439986319998,2403.6,2381.0,2438.0,10
cubic_2700.txt,12.3751999856,2401.3,2378.0,2438.0,10
cubic_2700.txt,12.99395998488,2400.5,2378.0,2438.0,10
cubic_2700.txt,13.612719984159998,2395.5,2372.0,2438.0,10
cubic_2700.txt,14.23147998344,2395.5,2372.0,2438.0,10
cubic_2700.txt,14.85023998272,2394.7,2372.0,2438.0,10
cubic_2700.txt,15.468999982,2394.7,2372.0,2438.0,10
cubic_2700.txt,16.08775998128,2393.5,2366.0,2438.0,10
cubic_2700.txt,16.70651998056,2391.7,2366.0,2438.0,10
cubic_2700.txt,17.32527997984,2391.7,2366.0,2438.0,10
cubic_2700.txt,17.94403997912,2391.7,2366.0,2438.0,10
cubic_2700.txt,18.562799978399998,2391.7,2366.0,2438.0,10
cubic_2700.txt,19.18155997768,2391.5,2366.0,2438.0,10
cubic_2700.txt,19.80031997696,2389.9,2366.0,2438.0,10
cubic_2700.txt,20.41907997624,2389.1,2366.0,2430.0,10
cubic_2700.txt,21.03783997552,2386.3,2366.0,2430.0,10
cubic_2700.txt,21.656599974800002,2385.4,2366.0,2430.0,10
cubic_2700.txt,22.27535997408,2385.4,2366.0,2430.0,10
cubic_2700.txt,22.89411997336,2383.6,2366.0,2426.0,10
cubic_2700.txt,23.512879972639997,2383.0,2366.0,2420.0,10
cubic_2700.txt,24.13163997192,2381.9,2366.0,2420.0,10
cubic_2700.txt,24.7503999712,2381.9,2366.0,2420.0,10
cubic_2700.txt,25.36915997048,2381.7,2366.0,2420.0,10
cubic_2700.txt,25.98791996976,2381.5,2366.0,2418.0,10
cubic_2700.txt,26.60667996904,2380.9,2366.0,2412.0,10
cubic_2700.txt,27.225439968319996,2380.9,2366.0,2412.0,10
cubic_2700.txt,27.844199967599998,2380.9,2366.0,2412.0,10
cubic_2700.txt,28.46295996688,2379.1,2365.0,2403.0,10
cubic_2700.txt,29.081719966159998,2379.1,2365.0,2403.0,10
cubic_2700.txt,29.70047996544,2378.7,2365.0,2403.0,10
cubic_2700.txt,30.31923996472,2378.7,2365.0,2403.0,10
cubic_2700.txt,30.937999964,2378.2,2365.0,2398.0,10
cubic_2700.txt,31.55675996328,2376.7,2365.0,2390.0,10
cubic_2700.txt,32.17551996256,2376.7,2365.0,2390.0,10
cubic_2700.txt,32.79427996184,2376.7,2365.0,2390.0,10
cubic_2700.txt,33.41303996112,2376.7,2365.0,2390.0,10
cubic_2700.txt,34.0317999604,2376.7,2365.0,2390.0,10
cubic_2700.txt,34.65055995968,2376.7,2365.0,2390.0,10
cubic_2700.txt,35.26931995896,2376.7,2365.0,2390.0,10
cubic_2700.txt,35.88807995824,2375.7,2365.0,2384.0,10
cubic_2700.txt,36.50683995752,2375.7,2365.0,2384.0,10
cubic_2700.txt,37.125599956799995,2375.7,2365.0,2384.0,10
cubic_2700.txt,37.74435995608,2375.7,2365.0,2384.0,10
cubic_2700.txt,38.36311995536,2375.7,2365.0,2384.0,10
cubic_2700.txt,38.98187995464,2375.7,2365.0,2384.0,10
cubic_2700.txt,39.60063995392,2375.7,2365.0,2384.0,10
cubic_2700.txt,40.219399953199996,2375.0,2365.0,2384.0,10
cubic_2700.txt,40.83815995248,2374.9,2365.0,2383.0,10
cubic_2700.txt,41.45691995176,2374.9,2365.0,2383.0,10
cubic_2700.txt,42.07567995104,2372.6,2365.0,2383.0,10
cubic_2700.txt,42.69443995032,2372.4,2363.0,2383.0,10
cubic_2700.txt,43.313199949600005,2372.4,2363.0,2383.0,10
cubic_2700.txt,43.93195994888001,2372.4,2363.0,2383.0,10
cubic_2700.txt,44.55071994816,2370.7,2363.0,2378.0,10
cubic_2700.txt,45.169479947439996,2370.7,2363.0,2378.0,10
cubic_2700.txt,45.78823994672,2369.8,2361.0,2378.0,10
cubic_2700.txt,46.406999946,2369.2,2361.0,2378.0,10
cubic_2700.txt,47.025759945279994,2369.2,2361.0,2378.0,10
cubic_2700.txt,47.644519944559995,2369.0,2361.0,2378.0,10
cubic_2700.txt,48.26327994384,2367.7,2361.0,2376.0,10
cubic_2700.txt,48.88203994312,2367.7,2361.0,2376.0,10
cubic_2700.txt,49.5007999424,2366.3,2357.0,2376.0,10
cubic_2700.txt,50.11955994168,2366.3,2357.0,2376.0,10
cubic_2700.txt,50.73831994096,2366.3,2357.0,2376.0,10
cubic_2700.txt,51.35707994024,2366.3,2357.0,2376.0,10
cubic_2700.txt,51.97583993952,2366.3,2357.0,2376.0,10
cubic_2700.txt,52.5945999388,2366.3,2357.0,2376.0,10
cubic_2700.txt,53.21335993808,2365.8,2357.0,2376.0,10
cubic_2700.txt,53.832119937360005,2365.8,2357.0,2376.0,10
cubic_2700.txt,54.45087993663999,2365.8,2357.0,2376.0,10
cubic_2700.txt,55.069639935919994,2365.8,2357.0,2376.0,10
cubic_2700.txt,55.688399935199996,2365.6,2357.0,2376.0,10
cubic_2700.txt,56.30715993448,2365.6,2357.0,2376.0,10
cubic_2700.txt,56.92591993376,2365.0,2357.0,2376.0,10
cubic_2700.txt,57.544679933039994,2364.3,2357.0,2372.0,10
cubic_2700.txt,58.163439932319996,2364.3,2357.0,2372.0,10
cubic_2700.txt,58.7821999316,2362.7,2353.0,2372.0,10
cubic_2700.txt,59.40095993088,2362.7,2353.0,2372.0,10
cubic_2700.txt,60.01971993016,2362.7,2353.0,2372.0,10
cubic_2700.txt,60.63847992944,2362.7,2353.0,2372.0,10
cubic_2700.txt,61.25723992872,2362.7,2353.0,2372.0,10
cubic_2700.txt,61.875999928,2362.7,2353.0,2372.0,10
cubic_2800.txt,0.0,nan,nan,nan,0
cubic_2800.txt,0.65284000158,3098.4,3075.0,3125.0,10
cubic_2800.txt,1.30568000316,3098.4,3075.0,3125.0,10
cubic_2800.txt,1.95852000474,3052.2,3021.0,3125.0,10
cubic_2800.txt,2.61136000632,3036.3,3011.0,3055.0,10
cubic_2800.txt,3.2642000079,3022.8,3002.0,3048.0,10
cubic_2800.txt,3.91704000948,3015.4,2992.0,3035.0,10
cubic_2800.txt,4.5698800110599995,3010.2,2992.0,3029.0,10
cubic_2800.txt,5.22272001264,3002.8,2976.0,3021.0,10
cubic_2800.txt,5.87556001422,2998.3,2976.0,3011.0,10
cubic_2800.txt,6.5284000158,2838.3,2473.0,3008.0,10
cubic_2800.txt,7.1812400173799995,2544.0,2473.0,2988.0,10
cubic_2800.txt,7.83408001896,2544.0,2473.0,2988.0,10
cubic_2800.txt,8.48692002054,2494.9,2473.0,2520.0,10
cubic_2800.txt,9.139760022119999,2494.9,2473.0,2520.0,10
cubic_2800.txt,9.792600023699999,2494.9,2473.0,2520.0,10
cubic_2800.txt,10.44544002528,2491.7,2454.0,2520.0,10
cubic_2800.txt,11.09828002686,2488.8,2454.0,2520.0,10
cubic_2800.txt,11.75112002844,2488.8,2454.0,2520.0,10
cubic_2800.txt,12.40396003002,2488.2,2454.0,2520.0,10
cubic_2800.txt,13.0568000316,2485.5,2454.0,2520.0,10
cubic_2800.txt,13.70964003318,2485.5,2454.0,2520.0,10
cubic_2800.txt,14.362480034759999,2485.1,2454.0,2516.0,10
cubic_2800.txt,15.015320036339999,2485.0,2454.0,2515.0,10
cubic_2800.txt,15.66816003792,2484.7,2454.0,2515.0,10
cubic_2800.txt,16.3210000395,2482.2,2454.0,2511.0,10
cubic_2800.txt,16.97384004108,2482.2,2454.0,2511.0,10
cubic_2800.txt,17.62668004266,2482.2,2454.0,2511.0,10
cubic_2800.txt,18.279520044239998,2482.1,2454.0,2511.0,10
cubic_2800.txt,18.932360045819998,2482.1,2454.0,2511.0,10
cubic_2800.txt,19.585200047399997,2481.8,2454.0,2509.0,10
cubic_2800.txt,20.23804004898,2481.8,2454.0,2509.0,10
cubic_2800.txt,20.89088005056,2481.8,2454.0,2509.0,10
cubic_2800.txt,21.543720052139996,2480.5,2454.0,2508.0,10
cubic_2800.txt,22.19656005372,2480.5,2454.0,2508.0,10
cubic_2800.txt,22.8494000553,2480.0,2454.0,2508.0,10
cubic_2800.txt,23.50224005688,2476.0,2454.0,2497.0,10
cubic_2800.txt,24.155080058459998,2476.0,2454.0,2497.0,10
cubic_2800.txt,24.80792006004,2475.6,2454.0,2497.0,10
cubic_2800.txt,25.46076006162,2473.7,2454.0,2497.0,10
cubic_2800.txt,26.1136000632,2472.2,2454.0,2497.0,10
cubic_2800.txt,26.76644006478,2471.7,2454.0,2497.0,10
cubic_2800.txt,27.41928006636,2471.7,2454.0,2497.0,10
cubic_2800.txt,28.07212006794,2471.7,2454.0,2497.0,10
cubic_2800.txt,28.724960069519998,2471.7,2454.0,2497.0,10
cubic_2800.txt,29.3778000711,2468.4,2454.0,2488.0,10
cubic_2800.txt,30.030640072679997,2467.8,2454.0,2488.0,10
cubic_2800.txt,30.68348007426,2467.8,2454.0,2488.0,10
cubic_2800.txt,31.33632007584,2467.8,2454.0,2488.0,10
cubic_2800.txt,31.989160077419996,2467.8,2454.0,2488.0,10
cubic_2800.txt,32.642000079,2467.8,2454.0,2488.0,10
cubic_2800.txt,33.294840080579995,2467.8,2454.0,2488.0,10
cubic_2800.txt,33.94768008216,2467.8,2454.0,2488.0,10
cubic_2800.txt,34.60052008374,2467.7,2454.0,2488.0,10
cubic_2800.txt,35.25336008532,2467.7,2454.0,2488.0,10
cubic_2800.txt,35.9062000869,2467.7,2454.0,2488.0,10
cubic_2800.txt,36.559040088479996,2467.3,2454.0,2488.0,10
cubic_2800.txt,37.21188009006,2466.3,2448.0,2488.0,10
cubic_2800.txt,37.864720091639995,2466.1,2448.0,2488.0,10
cubic_2800.txt,38.51756009322,2466.1,2448.0,2488.0,10
cubic_2800.txt,39.170400094799994,2465.9,2448.0,2488.0,10
cubic_2800.txt,39.82324009638,2464.5,2448.0,2488.0,10
cubic_2800.txt,40.47608009796,2464.5,2448.0,2488.0,10
cubic_2800.txt,41.128920099540004,2463.6,2448.0,2488.0,10
cubic_2800.txt,41.78176010112,2462.8,2448.0,2482.0,10
cubic_2800.txt,42.434600102699996,2461.7,2448.0,2482.0,10
cubic_2800.txt,43.08744010427999,2461.7,2448.0,2482.0,10
cubic_2800.txt,43.74028010586,2461.7,2448.0,2482.0,10
cubic_2800.txt,44.39312010744,2461.7,2448.0,2482.0,10
cubic_2800.txt,45.04596010902,2461.7,2448.0,2482.0,10
cubic_2800.txt,45.6988001106,2461.7,2448.0,2482.0,10
cubic_2800.txt,46.35164011218,2461.7,2448.0,2482.0,10
cubic_2800.txt,47.00448011376,2461.7,2448.0,2482.0,10
cubic_2800.txt,47.65732011534,2460.9,2446.0,2482.0,10
cubic_2800.txt,48.310160116919995,2460.9,2446.0,2482.0,10
cubic_2800.txt,48.96300011849999,2460.9,2446.0,2482.0,10
cubic_2800.txt,49.61584012008,2460.4,2445.0,2482.0,10
cubic_2800.txt,50.26868012166,2460.4,2445.0,2482.0,10
cubic_2800.txt,50.92152012324,2460.3,2445.0,2481.0,10
cubic_2800.txt,51.57436012482,2460.3,2445.0,2481.0,10
cubic_2800.txt,52.2272001264,2459.3,2445.0,2481.0,10
cubic_2800.txt,52.88004012798,2458.9,2445.0,2481.0,10
cubic_2800.txt,53.53288012956,2457.2,2445.0,2481.0,10
cubic_2800.txt,54.185720131139995,2456.6,2445.0,2481.0,10
cubic_2800.txt,54.83856013272,2456.6,2445.0,2481.0,10
cubic_2800.txt,55.4914001343,2456.0,2445.0,2475.0,10
cubic_2800.txt,56.14424013588,2456.0,2445.0,2475.0,10
cubic_2800.txt,56.79708013746,2456.0,2445.0,2475.0,10
cubic_2800.txt,57.449920139039996,2456.0,2445.0,2475.0,10
cubic_2800.txt,58.10276014061999,2456.0,2445.0,2475.0,10
cubic_2800.txt,58.7556001422,2456.0,2445.0,2475.0,10
cubic_2800.txt,59.40844014378,2456.0,2445.0,2475.0,10
cubic_2800.txt,60.061280145359994,2456.0,2445.0,2475.0,10
cubic_2800.txt,60.71412014694,2456.0,2445.0,2475.0,10
cubic_2800.txt,61.36696014852,2455.7,2445.0,2472.0,10
cubic_2800.txt,62.0198001501,2455.7,2445.0,2472.0,10
cubic_2800.txt,62.67264015168,2455.7,2445.0,2472.0,10
cubic_2800.txt,63.325480153259996,2455.7,2445.0,2472.0,10
cubic_2800.txt,63.97832015483999,2455.7,2445.0,2472.0,10
cubic_2800.txt,64.63116015642,2454.5,2445.0,2467.0,10
cubic_2800.txt,65.284000158,2454.5,2445.0,2467.0,10
cubic_2900.txt,0.0,nan,nan,nan,0
cubic_2900.txt,0.7951200008399999,3225.3,3201.0,3256.0,10
cubic_2900.txt,1.5902400016799998,3148.9,3124.0,3229.0,10
cubic_2900.txt,2.3853600025199997,3136.8,3092.0,3157.0,10
cubic_2900.txt,3.1804800033599996,3127.5,3092.0,3149.0,10
cubic_2900.txt,3.9756000041999995,3119.3,3092.0,3136.0,10
cubic_2900.txt,4.770720005039999,3116.8,3089.0,3130.0,10
cubic_2900.txt,5.56584000588,3112.3,3089.0,3120.0,10
cubic_2900.txt,6.360960006719999,3101.2,3074.0,3116.0,10
cubic_2900.txt,7.156080007559999,2785.7,2572.0,3112.0,10
cubic_2900.txt,7.951200008399999,2627.6,2558.0,3099.0,10
cubic_2900.txt,8.74632000924,2577.2,2558.0,2595.0,10
cubic_2900.txt,9.541440010079999,2577.2,2558.0,2595.0,10
cubic_2900.txt,10.33656001092,2577.2,2558.0,2595.0,10
cubic_2900.txt,11.13168001176,2577.2,2558.0,2595.0,10
cubic_2900.txt,11.9268000126,2577.2,2558.0,2595.0,10
cubic_2900.txt,12.721920013439998,2575.8,2558.0,2595.0,10
cubic_2900.txt,13.51704001428,2574.1,2558.0,2595.0,10
cubic_2900.txt,14.312160015119998,2572.5,2558.0,2595.0,10
cubic_2900.txt,15.107280015959997,2572.5,2558.0,2595.0,10
cubic_2900.txt,15.902400016799998,2570.2,2558.0,2595.0,10
cubic_2900.txt,16.69752001764,2568.8,2558.0,2595.0,10
cubic_2900.txt,17.49264001848,2566.2,2546.0,2595.0,10
cubic_2900.txt,18.28776001932,2565.4,2546.0,2595.0,10
cubic_2900.txt,19.082880020159998,2565.0,2546.0,2595.0,10
cubic_2900.txt,19.878000021,2565.0,2546.0,2595.0,10
cubic_2900.txt,20.67312002184,2564.7,2546.0,2595.0,10
cubic_2900.txt,21.468240022679996,2564.0,2546.0,2595.0,10
cubic_2900.txt,22.26336002352,2564.0,2546.0,2595.0,10
cubic_2900.txt,23.058480024359998,2563.1,2546.0,2595.0,10
cubic_2900.txt,23.8536000252,2559.0,2546.0,2565.0,10
cubic_2900.txt,24.648720026039996,2557.1,2539.0,2565.0,10
cubic_2900.txt,25.443840026879997,2556.9,2539.0,2565.0,10
cubic_2900.txt,26.23896002772,2556.9,2539.0,2565.0,10
cubic_2900.txt,27.03408002856,2556.9,2539.0,2565.0,10
cubic_2900.txt,27.8292000294,2555.8,2539.0,2565.0,10
cubic_2900.txt,28.624320030239996,2555.8,2539.0,2565.0,10
cubic_2900.txt,29.419440031079997,2555.8,2539.0,2565.0,10
cubic_2900.txt,30.214560031919994,2554.6,2539.0,2565.0,10
cubic_2900.txt,31.00968003276,2553.2,2539.0,2565.0,10
cubic_2900.txt,31.804800033599996,2553.2,2539.0,2565.0,10
cubic_2900.txt,32.59992003444,2553.2,2539.0,2565.0,10
cubic_2900.txt,33.39504003528,2553.2,2539.0,2565.0,10
cubic_2900.txt,34.19016003612,2553.2,2539.0,2565.0,10
cubic_2900.txt,34.98528003696,2553.2,2539.0,2565.0,10
cubic_2900.txt,35.78040003779999,2553.2,2539.0,2565.0,10
cubic_2900.txt,36.57552003864,2553.2,2539.0,2565.0,10
cubic_2900.txt,37.370640039479994,2553.2,2539.0,2565.0,10
cubic_2900.txt,38.165760040319995,2553.2,2539.0,2565.0,10
cubic_2900.txt,38.960880041159996,2552.9,2539.0,2563.0,10
cubic_2900.txt,39.756000042,2552.9,2539.0,2563.0,10
cubic_2900.txt,40.55112004284,2552.3,2539.0,2562.0,10
cubic_2900.txt,41.34624004368,2551.8,2539.0,2562.0,10
cubic_2900.txt,42.14136004452,2551.6,2539.0,2562.0,10
cubic_2900.txt,42.93648004535999,2550.2,2539.0,2560.0,10
cubic_2900.txt,43.73160004619999,2548.0,2539.0,2559.0,10
cubic_2900.txt,44.52672004704,2548.0,2539.0,2559.0,10
cubic_2900.txt,45.321840047879995,2546.2,2539.0,2550.0,10
cubic_2900.txt,46.116960048719996,2546.0,2539.0,2550.0,10
cubic_2900.txt,46.91208004956,2544.9,2535.0,2550.0,10
cubic_2900.txt,47.7072000504,2544.9,2535.0,2550.0,10
cubic_2900.txt,48.50232005123999,2544.9,2535.0,2550.0,10
cubic_2900.txt,49.29744005207999,2544.6,2535.0,2550.0,10
cubic_2900.txt,50.09256005292,2544.6,2535.0,2550.0,10
cubic_2900.txt,50.88768005375999,2544.0,2535.0,2550.0,10
cubic_2900.txt,51.682800054599994,2544.0,2535.0,2550.0,10
cubic_2900.txt,52.47792005544,2544.0,2535.0,2550.0,10
cubic_2900.txt,53.273040056279996,2543.9,2535.0,2550.0,10
cubic_2900.txt,54.06816005712,2543.9,2535.0,2550.0,10
cubic_2900.txt,54.86328005795999,2542.8,2535.0,2550.0,10
cubic_2900.txt,55.6584000588,2542.8,2535.0,2550.0,10
cubic_2900.txt,56.45352005964,2542.8,2535.0,2550.0,10
cubic_2900.txt,57.24864006047999,2541.2,2529.0,2550.0,10
cubic_2900.txt,58.04376006132,2541.2,2529.0,2550.0,10
cubic_2900.txt,58.838880062159994,2540.6,2529.0,2550.0,10
cubic_2900.txt,59.634000062999995,2540.6,2529.0,2550.0,10
cubic_2900.txt,60.42912006383999,2540.6,2529.0,2550.0,10
cubic_2900.txt,61.22424006468,2540.6,2529.0,2550.0,10
cubic_2900.txt,62.01936006552,2540.1,2529.0,2550.0,10
cubic_2900.txt,62.81448006635999,2540.1,2529.0,2550.0,10
cubic_2900.txt,63.60960006719999,2539.2,2525.0,2550.0,10
cubic_2900.txt,64.40472006803999,2539.2,2525.0,2550.0,10
cubic_2900.txt,65.19984006888,2539.2,2525.0,2550.0,10
cubic_2900.txt,65.99496006972,2536.8,2520.0,2550.0,10
cubic_2900.txt,66.79008007056,2536.8,2520.0,2550.0,10
cubic_2900.txt,67.5852000714,2536.8,2520.0,2550.0,10
cubic_2900.txt,68.38032007224,2536.8,2520.0,2550.0,10
cubic_2900.txt,69.17544007307998,2536.8,2520.0,2550.0,10
cubic_2900.txt,69.97056007392,2534.2,2519.0,2550.0,10
cubic_2900.txt,70.76568007476,2534.2,2519.0,2550.0,10
cubic_2900.txt,71.56080007559999,2534.2,2519.0,2550.0,10
cubic_2900.txt,72.35592007644,2534.2,2519.0,2550.0,10
cubic_2900.txt,73.15104007728,2534.2,2519.0,2550.0,10
cubic_2900.txt,73.94616007811999,2534.2,2519.0,2550.0,10
cubic_2900.txt,74.74128007895999,2534.2,2519.0,2550.0,10
cubic_2900.txt,75.53640007979999,2534.2,2519.0,2550.0,10
cubic_2900.txt,76.33152008063999,2534.2,2519.0,2550.0,10
cubic_2900.txt,77.12664008147999,2534.2,2519.0,2550.0,10
cubic_2900.txt,77.92176008231999,2534.2,2519.0,2550.0,10
cubic_2900.txt,78.71688008315999,2534.2,2519.0,2550.0,10
cubic_2900.txt,79.512000084,2534.2,2519.0,2550.0,10
cubic_300.txt,0.0,nan,nan,nan,0
cubic_300.txt,0.14963000059,328.6,313.0,343.0,10
cubic_300.txt,0.29926000118,328.6,313.0,343.0,10
cubic_300.txt,0.44889000177,328.6,313.0,343.0,10
cubic_300.txt,0.59852000236,328.6,313.0,343.0,10
cubic_300.txt,0.74815000295,318.2,272.0,343.0,10
cubic_300.txt,0.89778000354,284.3,254.0,325.0,10
cubic_300.txt,1.04741000413,269.5,254.0,315.0,10
cubic_300.txt,1.19704000472,265.1,254.0,272.0,10
cubic_300.txt,1.34667000531,265.1,254.0,272.0,10
cubic_300.txt,1.4963000059,265.1,254.0,272.0,10
cubic_300.txt,1.64593000649,264.8,254.0,271.0,10
cubic_300.txt,1.79556000708,264.6,254.0,271.0,10
cubic_300.txt,1.94519000767,264.5,254.0,271.0,10
cubic_300.txt,2.09482000826,264.2,254.0,271.0,10
cubic_300.txt,2.2444500088500003,264.2,254.0,271.0,10
cubic_300.txt,2.39408000944,264.2,254.0,271.0,10
cubic_300.txt,2.54371001003,264.2,254.0,271.0,10
cubic_300.txt,2.69334001062,264.0,254.0,271.0,10
cubic_300.txt,2.84297001121,264.0,254.0,271.0,10
cubic_300.txt,2.9926000118,263.3,254.0,271.0,10
cubic_300.txt,3.1422300123899998,263.3,254.0,271.0,10
cubic_300.txt,3.29186001298,263.3,254.0,271.0,10
cubic_300.txt,3.44149001357,263.3,254.0,271.0,10
cubic_300.txt,3.59112001416,263.3,254.0,271.0,10
cubic_300.txt,3.74075001475,263.0,254.0,271.0,10
cubic_300.txt,3.89038001534,262.6,254.0,267.0,10
cubic_300.txt,4.04001001593,262.0,254.0,267.0,10
cubic_300.txt,4.18964001652,261.9,254.0,267.0,10
cubic_300.txt,4.33927001711,261.9,254.0,267.0,10
cubic_300.txt,4.488900017700001,261.9,254.0,267.0,10
cubic_300.txt,4.63853001829,261.9,254.0,267.0,10
cubic_300.txt,4.78816001888,261.9,254.0,267.0,10
cubic_300.txt,4.93779001947,261.9,254.0,267.0,10
cubic_300.txt,5.08742002006,261.9,254.0,267.0,10
cubic_300.txt,5.23705002065,261.9,254.0,267.0,10
cubic_300.txt,5.38668002124,261.9,254.0,267.0,10
cubic_300.txt,5.536310021829999,261.6,254.0,267.0,10
cubic_300.txt,5.68594002242,261.6,254.0,267.0,10
cubic_300.txt,5.83557002301,261.6,254.0,267.0,10
cubic_300.txt,5.9852000236,261.6,254.0,267.0,10
cubic_300.txt,6.13483002419,261.6,254.0,267.0,10
cubic_300.txt,6.2844600247799995,261.2,254.0,267.0,10
cubic_300.txt,6.43409002537,261.2,254.0,267.0,10
cubic_300.txt,6.58372002596,260.9,251.0,267.0,10
cubic_300.txt,6.73335002655,260.9,251.0,267.0,10
cubic_300.txt,6.88298002714,260.9,251.0,267.0,10
cubic_300.txt,7.03261002773,260.5,251.0,264.0,10
cubic_300.txt,7.18224002832,260.0,251.0,264.0,10
cubic_300.txt,7.33187002891,260.0,251.0,264.0,10
cubic_300.txt,7.4815000295,260.0,251.0,264.0,10
cubic_300.txt,7.6311300300900005,260.0,251.0,264.0,10
cubic_300.txt,7.78076003068,260.0,251.0,264.0,10
cubic_300.txt,7.93039003127,260.0,251.0,264.0,10
cubic_300.txt,8.08002003186,260.0,251.0,264.0,10
cubic_300.txt,8.229650032450001,259.9,251.0,264.0,10
cubic_300.txt,8.37928003304,259.9,251.0,264.0,10
cubic_300.txt,8.52891003363,259.9,251.0,264.0,10
cubic_300.txt,8.67854003422,258.6,251.0,263.0,10
cubic_300.txt,8.82817003481,258.6,251.0,263.0,10
cubic_300.txt,8.977800035400001,258.6,251.0,263.0,10
cubic_300.txt,9.12743003599,258.6,251.0,263.0,10
cubic_300.txt,9.27706003658,258.6,251.0,263.0,10
cubic_300.txt,9.42669003717,258.6,251.0,263.0,10
cubic_300.txt,9.57632003776,258.6,251.0,263.0,10
cubic_300.txt,9.72595003835,258.6,251.0,263.0,10
cubic_300.txt,9.87558003894,258.6,251.0,263.0,10
cubic_300.txt,10.02521003953,258.6,251.0,263.0,10
cubic_300.txt,10.17484004012,258.6,251.0,263.0,10
cubic_300.txt,10.32447004071,258.6,251.0,263.0,10
cubic_300.txt,10.4741000413,258.6,251.0,263.0,10
cubic_300.txt,10.623730041890001,258.6,251.0,263.0,10
cubic_300.txt,10.77336004248,258.6,251.0,263.0,10
cubic_300.txt,10.922990043070001,258.6,251.0,263.0,10
cubic_300.txt,11.072620043659999,258.6,251.0,263.0,10
cubic_300.txt,11.22225004425,258.6,251.0,263.0,10
cubic_300.txt,11.37188004484,258.6,251.0,263.0,10
cubic_300.txt,11.52151004543,258.6,251.0,263.0,10
cubic_300.txt,11.67114004602,258.6,251.0,263.0,10
cubic_300.txt,11.82077004661,258.6,251.0,263.0,10
cubic_300.txt,11.9704000472,258.6,251.0,263.0,10
cubic_300.txt,12.120030047790001,258.6,251.0,263.0,10
cubic_300.txt,12.26966004838,258.6,251.0,263.0,10
cubic_300.txt,12.419290048970002,258.6,251.0,263.0,10
cubic_300.txt,12.568920049559999,258.6,251.0,263.0,10
cubic_300.txt,12.71855005015,258.6,251.0,263.0,10
cubic_300.txt,12.86818005074,258.5,251.0,263.0,10
cubic_300.txt,13.01781005133,258.5,251.0,263.0,10
cubic_300.txt,13.16744005192,258.2,251.0,263.0,10
cubic_300.txt,13.317070052510001,258.2,251.0,263.0,10
cubic_300.txt,13.4667000531,258.2,251.0,263.0,10
cubic_300.txt,13.616330053690001,258.2,251.0,263.0,10
cubic_300.txt,13.76596005428,258.2,251.0,263.0,10
cubic_300.txt,13.915590054870002,258.2,251.0,263.0,10
cubic_300.txt,14.06522005546,258.2,251.0,263.0,10
cubic_300.txt,14.21485005605,258.2,251.0,263.0,10
cubic_300.txt,14.36448005664,258.2,251.0,263.0,10
cubic_300.txt,14.51411005723,258.2,251.0,263.0,10
cubic_300.txt,14.66374005782,258.2,251.0,263.0,10
cubic_300.txt,14.813370058410001,258.2,251.0,263.0,10
cubic_300.txt,14.963000059,257.6,251.0,263.0,10
cubic_3000.txt,0.0,nan,nan,nan,0
cubic_3000.txt,1.08403000116,3319.2,3289.0,3369.0,10
cubic_3000.txt,2.16806000232,3259.3,3234.0,3324.0,10
cubic_3000.txt,3.25209000348,3240.9,3227.0,3257.0,10
cubic_3000.txt,4.33612000464,3236.1,3215.0,3257.0,10
cubic_3000.txt,5.4201500058,3231.2,3215.0,3241.0,10
cubic_3000.txt,6.50418000696,3168.6,2684.0,3230.0,10
cubic_3000.txt,7.58821000812,2947.7,2657.0,3228.0,10
cubic_3000.txt,8.67224000928,2834.7,2636.0,3228.0,10
cubic_3000.txt,9.75627001044,2774.0,2636.0,3210.0,10
cubic_3000.txt,10.8403000116,2722.6,2636.0,3198.0,10
cubic_3000.txt,11.924330012759999,2667.6,2636.0,2704.0,10
cubic_3000.txt,13.00836001392,2666.5,2636.0,2704.0,10
cubic_3000.txt,14.09239001508,2663.8,2636.0,2688.0,10
cubic_3000.txt,15.17642001624,2660.7,2636.0,2676.0,10
cubic_3000.txt,16.2604500174,2657.9,2636.0,2672.0,10
cubic_3000.txt,17.34448001856,2657.8,2635.0,2672.0,10
cubic_3000.txt,18.42851001972,2657.2,2635.0,2672.0,10
cubic_3000.txt,19.51254002088,2656.4,2635.0,2672.0,10
cubic_3000.txt,20.59657002204,2653.8,2635.0,2667.0,10
cubic_3000.txt,21.6806000232,2653.8,2635.0,2667.0,10
cubic_3000.txt,22.76463002436,2651.0,2635.0,2667.0,10
cubic_3000.txt,23.848660025519997,2651.0,2635.0,2667.0,10
cubic_3000.txt,24.932690026680003,2651.0,2635.0,2667.0,10
cubic_3000.txt,26.01672002784,2650.6,2635.0,2663.0,10
cubic_3000.txt,27.100750029,2650.5,2635.0,2663.0,10
cubic_3000.txt,28.18478003016,2650.5,2635.0,2663.0,10
cubic_3000.txt,29.26881003132,2650.5,2635.0,2663.0,10
cubic_3000.txt,30.35284003248,2648.0,2635.0,2663.0,10
cubic_3000.txt,31.43687003364,2648.0,2635.0,2663.0,10
cubic_3000.txt,32.5209000348,2647.3,2635.0,2663.0,10
cubic_3000.txt,33.60493003596,2646.3,2634.0,2662.0,10
cubic_3000.txt,34.68896003712,2646.2,2634.0,2662.0,10
cubic_3000.txt,35.77299003828,2645.1,2634.0,2662.0,10
cubic_3000.txt,36.85702003944,2645.1,2634.0,2662.0,10
cubic_3000.txt,37.9410500406,2645.1,2634.0,2662.0,10
cubic_3000.txt,39.02508004176,2645.1,2634.0,2662.0,10
cubic_3000.txt,40.10911004292,2645.1,2634.0,2662.0,10
cubic_3000.txt,41.19314004408,2645.1,2634.0,2662.0,10
cubic_3000.txt,42.27717004524,2645.1,2634.0,2662.0,10
cubic_3000.txt,43.3612000464,2643.7,2634.0,2656.0,10
cubic_3000.txt,44.445230047559996,2643.7,2634.0,2656.0,10
cubic_3000.txt,45.52926004872,2643.7,2634.0,2656.0,10
cubic_3000.txt,46.61329004988,2643.7,2634.0,2656.0,10
cubic_3000.txt,47.697320051039995,2643.7,2634.0,2656.0,10
cubic_3000.txt,48.781350052200004,2643.7,2634.0,2656.0,10
cubic_3000.txt,49.865380053360006,2643.7,2634.0,2656.0,10
cubic_3000.txt,50.94941005452,2643.6,2634.0,2656.0,10
cubic_3000.txt,52.03344005568,2641.3,2633.0,2651.0,10
cubic_3000.txt,53.117470056840006,2641.3,2633.0,2651.0,10
cubic_3000.txt,54.201500058,2641.3,2633.0,2651.0,10
cubic_3000.txt,55.28553005916,2641.2,2633.0,2651.0,10
cubic_3000.txt,56.36956006032,2641.2,2633.0,2651.0,10
cubic_3000.txt,57.45359006148,2641.2,2633.0,2651.0,10
cubic_3000.txt,58.53762006264,2641.0,2633.0,2651.0,10
cubic_3000.txt,59.6216500638,2641.0,2633.0,2651.0,10
cubic_3000.txt,60.70568006496,2639.5,2619.0,2651.0,10
cubic_3000.txt,61.789710066119994,2638.9,2619.0,2651.0,10
cubic_3000.txt,62.87374006728,2638.1,2619.0,2651.0,10
cubic_3000.txt,63.957770068440006,2638.1,2619.0,2651.0,10
cubic_3000.txt,65.0418000696,2638.1,2619.0,2651.0,10
cubic_3000.txt,66.12583007076,2637.9,2619.0,2651.0,10
cubic_3000.txt,67.20986007192,2637.9,2619.0,2651.0,10
cubic_3000.txt,68.29389007308001,2637.9,2619.0,2651.0,10
cubic_3000.txt,69.37792007424,2637.9,2619.0,2651.0,10
cubic_3000.txt,70.4619500754,2637.5,2619.0,2651.0,10
cubic_3000.txt,71.54598007656,2637.5,2619.0,2651.0,10
cubic_3000.txt,72.63001007772,2637.5,2619.0,2651.0,10
cubic_3000.txt,73.71404007888,2637.5,2619.0,2651.0,10
cubic_3000.txt,74.79807008003999,2637.5,2619.0,2651.0,10
cubic_3000.txt,75.8821000812,2636.4,2619.0,2651.0,10
cubic_3000.txt,76.96613008236001,2636.4,2619.0,2651.0,10
cubic_3000.txt,78.05016008352,2636.4,2619.0,2651.0,10
cubic_3000.txt,79.13419008468,2636.3,2618.0,2651.0,10
cubic_3000.txt,80.21822008584,2636.3,2618.0,2651.0,10
cubic_3000.txt,81.302250087,2636.3,2618.0,2651.0,10
cubic_3000.txt,82.38628008816,2636.3,2618.0,2651.0,10
cubic_3000.txt,83.47031008932001,2636.3,2618.0,2651.0,10
cubic_3000.txt,84.55434009048,2636.3,2618.0,2651.0,10
cubic_3000.txt,85.63837009164001,2636.3,2618.0,2651.0,10
cubic_3000.txt,86.7224000928,2636.3,2618.0,2651.0,10
cubic_3000.txt,87.80643009396,2636.3,2618.0,2651.0,10
cubic_3000.txt,88.89046009511999,2636.3,2618.0,2651.0,10
cubic_3000.txt,89.97449009628001,2636.3,2618.0,2651.0,10
cubic_3000.txt,91.05852009744,2636.3,2618.0,2651.0,10
cubic_3000.txt,92.1425500986,2636.3,2618.0,2651.0,10
cubic_3000.txt,93.22658009976,2636.3,2618.0,2651.0,10
cubic_3000.txt,94.31061010092,2636.3,2618.0,2651.0,10
cubic_3000.txt,95.39464010207999,2636.3,2618.0,2651.0,10
cubic_3000.txt,96.47867010324,2636.3,2618.0,2651.0,10
cubic_3000.txt,97.56270010440001,2636.3,2618.0,2651.0,10
cubic_3000.txt,98.64673010556,2636.3,2618.0,2651.0,10
cubic_3000.txt,99.73076010672001,2636.3,2618.0,2651.0,10
cubic_3000.txt,100.81479010788,2636.3,2618.0,2651.0,10
cubic_3000.txt,101.89882010904,2636.3,2618.0,2651.0,10
cubic_3000.txt,102.98285011019999,2636.3,2618.0,2651.0,10
cubic_3000.txt,104.06688011136,2636.3,2618.0,2651.0,10
cubic_3000.txt,105.15091011252,2636.3,2618.0,2651.0,10
cubic_3000.txt,106.23494011368001,2636.3,2618.0,2651.0,10
cubic_3000.txt,107.31897011484,2636.3,2618.0,2651.0,10
cubic_3000.txt,108.403000116,2635.9,2618.0,2651.0,10
cubic_400.txt,0.0,nan,nan,nan,0
cubic_400.txt,0.18805000067000002,438.8,423.0,452.0,10
cubic_400.txt,0.37610000134000005,438.8,423.0,452.0,10
cubic_400.txt,0.5641500020100001,438.8,423.0,452.0,10
cubic_400.txt,0.7522000026800001,433.1,414.0,452.0,10
cubic_400.txt,0.9402500033500002,420.0,413.0,452.0,10
cubic_400.txt,1.1283000040200002,380.6,353.0,452.0,10
cubic_400.txt,1.31635000469,374.9,353.0,452.0,10
cubic_400.txt,1.5044000053600002,374.2,353.0,452.0,10
cubic_400.txt,1.6924500060300003,374.2,353.0,452.0,10
cubic_400.txt,1.8805000067000004,368.2,353.0,452.0,10
cubic_400.txt,2.0685500073700003,364.7,353.0,420.0,10
cubic_400.txt,2.2566000080400004,363.2,346.0,420.0,10
cubic_400.txt,2.4446500087100005,363.2,346.0,420.0,10
cubic_400.txt,2.63270000938,363.2,346.0,420.0,10
cubic_400.txt,2.8207500100500003,356.1,346.0,366.0,10
cubic_400.txt,3.0088000107200004,355.0,346.0,360.0,10
cubic_400.txt,3.19685001139,354.6,346.0,360.0,10
cubic_400.txt,3.3849000120600006,354.3,343.0,360.0,10
cubic_400.txt,3.5729500127300002,352.1,338.0,358.0,10
cubic_400.txt,3.761000013400001,351.9,338.0,358.0,10
cubic_400.txt,3.9490500140700004,351.9,338.0,358.0,10
cubic_400.txt,4.1371000147400006,351.7,338.0,358.0,10
cubic_400.txt,4.32515001541,351.7,338.0,358.0,10
cubic_400.txt,4.513200016080001,351.7,338.0,358.0,10
cubic_400.txt,4.70125001675,351.6,338.0,358.0,10
cubic_400.txt,4.889300017420001,351.3,338.0,358.0,10
cubic_400.txt,5.077350018090001,350.5,338.0,358.0,10
cubic_400.txt,5.26540001876,349.3,338.0,358.0,10
cubic_400.txt,5.453450019430001,349.3,338.0,358.0,10
cubic_400.txt,5.6415000201000005,349.3,338.0,358.0,10
cubic_400.txt,5.82955002077,349.2,338.0,357.0,10
cubic_400.txt,6.017600021440001,349.2,338.0,357.0,10
cubic_400.txt,6.205650022110001,349.2,338.0,357.0,10
cubic_400.txt,6.39370002278,349.2,338.0,357.0,10
cubic_400.txt,6.581750023450001,349.0,338.0,357.0,10
cubic_400.txt,6.769800024120001,348.5,338.0,354.0,10
cubic_400.txt,6.95785002479,348.5,338.0,354.0,10
cubic_400.txt,7.1459000254600005,348.5,338.0,354.0,10
cubic_400.txt,7.333950026130001,348.5,338.0,354.0,10
cubic_400.txt,7.522000026800002,348.5,338.0,354.0,10
cubic_400.txt,7.71005002747,348.5,338.0,354.0,10
cubic_400.txt,7.898100028140001,348.5,338.0,354.0,10
cubic_400.txt,8.086150028810001,348.5,338.0,354.0,10
cubic_400.txt,8.274200029480001,348.2,338.0,354.0,10
cubic_400.txt,8.46225003015,348.2,338.0,354.0,10
cubic_400.txt,8.65030003082,348.2,338.0,354.0,10
cubic_400.txt,8.83835003149,347.8,338.0,354.0,10
cubic_400.txt,9.026400032160002,347.8,338.0,354.0,10
cubic_400.txt,9.214450032830001,347.8,338.0,354.0,10
cubic_400.txt,9.4025000335,347.8,338.0,354.0,10
cubic_400.txt,9.59055003417,347.7,338.0,353.0,10
cubic_400.txt,9.778600034840002,347.7,338.0,353.0,10
cubic_400.txt,9.96665003551,347.7,338.0,353.0,10
cubic_400.txt,10.154700036180001,347.7,338.0,353.0,10
cubic_400.txt,10.34275003685,347.7,338.0,353.0,10
cubic_400.txt,10.53080003752,347.7,338.0,353.0,10
cubic_400.txt,10.71885003819,347.0,338.0,353.0,10
cubic_400.txt,10.906900038860002,347.0,338.0,353.0,10
cubic_400.txt,11.094950039530001,347.0,338.0,353.0,10
cubic_400.txt,11.283000040200001,346.8,338.0,353.0,10
cubic_400.txt,11.47105004087,346.8,338.0,353.0,10
cubic_400.txt,11.65910004154,346.8,338.0,353.0,10
cubic_400.txt,11.84715004221,346.8,338.0,353.0,10
cubic_400.txt,12.035200042880001,346.8,338.0,353.0,10
cubic_400.txt,12.223250043550001,346.8,338.0,353.0,10
cubic_400.txt,12.411300044220003,346.8,338.0,353.0,10
cubic_400.txt,12.599350044890002,346.8,338.0,353.0,10
cubic_400.txt,12.78740004556,346.8,338.0,353.0,10
cubic_400.txt,12.975450046230002,346.3,338.0,352.0,10
cubic_400.txt,13.163500046900001,346.3,338.0,352.0,10
cubic_400.txt,13.35155004757,346.3,338.0,352.0,10
cubic_400.txt,13.539600048240002,346.3,338.0,352.0,10
cubic_400.txt,13.727650048910002,346.3,338.0,352.0,10
cubic_400.txt,13.91570004958,346.3,338.0,352.0,10
cubic_400.txt,14.103750050250001,346.3,338.0,352.0,10
cubic_400.txt,14.291800050920001,346.3,338.0,352.0,10
cubic_400.txt,14.47985005159,345.8,338.0,352.0,10
cubic_400.txt,14.667900052260002,345.8,338.0,352.0,10
cubic_400.txt,14.855950052930002,345.8,338.0,352.0,10
cubic_400.txt,15.044000053600003,345.8,338.0,352.0,10
cubic_400.txt,15.232050054270001,345.8,338.0,352.0,10
cubic_400.txt,15.42010005494,345.8,338.0,352.0,10
cubic_400.txt,15.608150055610002,345.8,338.0,352.0,10
cubic_400.txt,15.796200056280002,345.8,338.0,352.0,10
cubic_400.txt,15.984250056950001,345.8,338.0,352.0,10
cubic_400.txt,16.172300057620003,345.8,338.0,352.0,10
cubic_400.txt,16.36035005829,345.8,338.0,352.0,10
cubic_400.txt,16.548400058960002,345.8,338.0,352.0,10
cubic_400.txt,16.736450059630002,345.8,338.0,352.0,10
cubic_400.txt,16.9245000603,345.8,338.0,352.0,10
cubic_400.txt,17.11255006097,345.8,338.0,352.0,10
cubic_400.txt,17.30060006164,345.8,338.0,352.0,10
cubic_400.txt,17.48865006231,345.8,338.0,352.0,10
cubic_400.txt,17.67670006298,345.8,338.0,352.0,10
cubic_400.txt,17.86475006365,345.8,338.0,352.0,10
cubic_400.txt,18.052800064320003,345.8,338.0,352.0,10
cubic_400.txt,18.240850064990003,345.8,338.0,352.0,10
cubic_400.txt,18.428900065660002,345.8,338.0,352.0,10
cubic_400.txt,18.616950066330002,345.8,338.0,352.0,10
cubic_400.txt,18.805000067,345.7,338.0,352.0,10
cubic_500.txt,0.0,nan,nan,nan,0
cubic_500.txt,0.15873999834,548.0,534.0,569.0,10
cubic_500.txt,0.31747999668,548.0,534.0,569.0,10
cubic_500.txt,0.47621999501999995,548.0,534.0,569.0,10
cubic_500.txt,0.63495999336,548.0,534.0,569.0,10
cubic_500.txt,0.7936999917,532.3,516.0,569.0,10
cubic_500.txt,0.9524399900399999,528.4,516.0,569.0,10
cubic_500.txt,1.11117998838,522.5,516.0,529.0,10
cubic_500.txt,1.26991998672,475.1,437.0,524.0,10
cubic_500.txt,1.42865998506,459.3,437.0,524.0,10
cubic_500.txt,1.5873999834,444.5,437.0,451.0,10
cubic_500.txt,1.7461399817399998,444.5,437.0,451.0,10
cubic_500.txt,1.9048799800799998,444.5,437.0,451.0,10
cubic_500.txt,2.06361997842,444.5,437.0,451.0,10
cubic_500.txt,2.22235997676,444.5,437.0,451.0,10
cubic_500.txt,2.3810999751,444.0,437.0,451.0,10
cubic_500.txt,2.53983997344,443.9,437.0,451.0,10
cubic_500.txt,2.69857997178,443.9,437.0,451.0,10
cubic_500.txt,2.85731997012,443.3,437.0,451.0,10
cubic_500.txt,3.01605996846,441.6,433.0,451.0,10
cubic_500.txt,3.1747999668,441.4,433.0,449.0,10
cubic_500.txt,3.3335399651399995,441.4,433.0,449.0,10
cubic_500.txt,3.4922799634799997,441.4,433.0,449.0,10
cubic_500.txt,3.65101996182,441.4,433.0,449.0,10
cubic_500.txt,3.8097599601599996,441.4,433.0,449.0,10
cubic_500.txt,3.9684999585,441.3,433.0,449.0,10
cubic_500.txt,4.12723995684,441.3,433.0,449.0,10
cubic_500.txt,4.28597995518,441.1,433.0,449.0,10
cubic_500.txt,4.44471995352,441.1,433.0,449.0,10
cubic_500.txt,4.60345995186,441.1,433.0,449.0,10
cubic_500.txt,4.7621999502,441.1,433.0,449.0,10
cubic_500.txt,4.920939948539999,441.1,433.0,449.0,10
cubic_500.txt,5.07967994688,441.1,433.0,449.0,10
cubic_500.txt,5.2384199452199995,441.1,433.0,449.0,10
cubic_500.txt,5.39715994356,441.1,433.0,449.0,10
cubic_500.txt,5.5558999419,441.1,433.0,449.0,10
cubic_500.txt,5.71463994024,441.1,433.0,449.0,10
cubic_500.txt,5.87337993858,441.1,433.0,449.0,10
cubic_500.txt,6.03211993692,441.1,433.0,449.0,10
cubic_500.txt,6.190859935259999,441.1,433.0,449.0,10
cubic_500.txt,6.3495999336,441.1,433.0,449.0,10
cubic_500.txt,6.508339931939999,441.0,433.0,449.0,10
cubic_500.txt,6.667079930279999,441.0,433.0,449.0,10
cubic_500.txt,6.82581992862,440.6,433.0,449.0,10
cubic_500.txt,6.984559926959999,440.6,433.0,449.0,10
cubic_500.txt,7.143299925299999,440.6,433.0,449.0,10
cubic_500.txt,7.30203992364,440.6,433.0,449.0,10
cubic_500.txt,7.4607799219799995,440.6,433.0,449.0,10
cubic_500.txt,7.619519920319999,440.6,433.0,449.0,10
cubic_500.txt,7.77825991866,440.6,433.0,449.0,10
cubic_500.txt,7.936999917,440.6,433.0,449.0,10
cubic_500.txt,8.09573991534,439.6,433.0,449.0,10
cubic_500.txt,8.25447991368,439.6,433.0,449.0,10
cubic_500.txt,8.413219912019999,439.6,433.0,449.0,10
cubic_500.txt,8.57195991036,439.6,433.0,449.0,10
cubic_500.txt,8.7306999087,439.3,433.0,448.0,10
cubic_500.txt,8.88943990704,439.1,433.0,448.0,10
cubic_500.txt,9.04817990538,439.1,433.0,448.0,10
cubic_500.txt,9.20691990372,439.1,433.0,448.0,10
cubic_500.txt,9.365659902059999,439.1,433.0,448.0,10
cubic_500.txt,9.5243999004,439.1,433.0,448.0,10
cubic_500.txt,9.68313989874,438.8,433.0,448.0,10
cubic_500.txt,9.841879897079998,438.5,433.0,448.0,10
cubic_500.txt,10.00061989542,438.5,433.0,448.0,10
cubic_500.txt,10.15935989376,438.5,433.0,448.0,10
cubic_500.txt,10.3180998921,438.1,433.0,444.0,10
cubic_500.txt,10.476839890439999,437.9,433.0,444.0,10
cubic_500.txt,10.63557988878,437.9,433.0,444.0,10
cubic_500.txt,10.79431988712,437.9,433.0,444.0,10
cubic_500.txt,10.95305988546,437.9,433.0,444.0,10
cubic_500.txt,11.1117998838,437.9,433.0,444.0,10
cubic_500.txt,11.27053988214,437.9,433.0,444.0,10
cubic_500.txt,11.42927988048,437.9,433.0,444.0,10
cubic_500.txt,11.58801987882,437.6,433.0,444.0,10
cubic_500.txt,11.74675987716,437.6,433.0,444.0,10
cubic_500.txt,11.9054998755,437.5,433.0,444.0,10
cubic_500.txt,12.06423987384,437.5,433.0,444.0,10
cubic_500.txt,12.222979872179998,437.5,433.0,444.0,10
cubic_500.txt,12.381719870519998,437.5,433.0,444.0,10
cubic_500.txt,12.540459868860001,437.5,433.0,444.0,10
cubic_500.txt,12.6991998672,437.5,433.0,444.0,10
cubic_500.txt,12.857939865539999,437.5,433.0,444.0,10
cubic_500.txt,13.016679863879999,437.5,433.0,444.0,10
cubic_500.txt,13.175419862219998,437.5,433.0,444.0,10
cubic_500.txt,13.334159860559998,437.5,433.0,444.0,10
cubic_500.txt,13.4928998589,436.4,430.0,441.0,10
cubic_500.txt,13.65163985724,436.4,430.0,441.0,10
cubic_500.txt,13.810379855579999,436.0,430.0,441.0,10
cubic_500.txt,13.969119853919999,436.0,430.0,441.0,10
cubic_500.txt,14.127859852259999,436.0,430.0,441.0,10
cubic_500.txt,14.286599850599998,435.8,430.0,441.0,10
cubic_500.txt,14.44533984894,435.8,430.0,441.0,10
cubic_500.txt,14.60407984728,435.0,429.0,441.0,10
cubic_500.txt,14.76281984562,435.0,429.0,441.0,10
cubic_500.txt,14.921559843959999,435.0,429.0,441.0,10
cubic_500.txt,15.080299842299999,435.0,429.0,441.0,10
cubic_500.txt,15.239039840639999,434.1,427.0,441.0,10
cubic_500.txt,15.39777983898,434.1,427.0,441.0,10
cubic_500.txt,15.55651983732,434.1,427.0,441.0,10
cubic_500.txt,15.71525983566,434.1,427.0,441.0,10
cubic_500.txt,15.873999834,432.9,427.0,439.0,10
cubic_600.txt,0.0,nan,nan,nan,0
cubic_600.txt,0.21753999949,659.4,635.0,676.0,10
cubic_600.txt,0.43507999898,659.4,635.0,676.0,10
cubic_600.txt,0.65261999847,659.4,635.0,676.0,10
cubic_600.txt,0.87015999796,637.1,622.0,663.0,10
cubic_600.txt,1.0876999974500001,634.5,622.0,661.0,10
cubic_600.txt,1.30523999694,631.6,622.0,640.0,10
cubic_600.txt,1.5227799964300002,549.0,518.0,637.0,10
cubic_600.txt,1.74031999592,538.3,518.0,632.0,10
cubic_600.txt,1.95785999541,538.3,518.0,632.0,10
cubic_600.txt,2.1753999949000002,528.5,518.0,541.0,10
cubic_600.txt,2.39293999439,527.7,518.0,541.0,10
cubic_600.txt,2.61047999388,527.7,518.0,541.0,10
cubic_600.txt,2.82801999337,527.7,518.0,541.0,10
cubic_600.txt,3.0455599928600003,525.6,518.0,535.0,10
cubic_600.txt,3.2630999923500004,525.6,518.0,535.0,10
cubic_600.txt,3.48063999184,525.4,518.0,535.0,10
cubic_600.txt,3.69817999133,525.4,518.0,535.0,10
cubic_600.txt,3.91571999082,524.7,518.0,534.0,10
cubic_600.txt,4.13325999031,524.5,518.0,532.0,10
cubic_600.txt,4.3507999898000005,524.5,518.0,532.0,10
cubic_600.txt,4.56833998929,524.4,518.0,532.0,10
cubic_600.txt,4.78587998878,524.1,518.0,532.0,10
cubic_600.txt,5.00341998827,524.1,518.0,532.0,10
cubic_600.txt,5.22095998776,524.0,518.0,532.0,10
cubic_600.txt,5.43849998725,522.7,517.0,532.0,10
cubic_600.txt,5.65603998674,522.7,517.0,532.0,10
cubic_600.txt,5.873579986230001,522.7,517.0,532.0,10
cubic_600.txt,6.091119985720001,522.7,517.0,532.0,10
cubic_600.txt,6.30865998521,521.8,517.0,532.0,10
cubic_600.txt,6.526199984700001,521.8,517.0,532.0,10
cubic_600.txt,6.74373998419,521.8,517.0,532.0,10
cubic_600.txt,6.96127998368,521.8,517.0,532.0,10
cubic_600.txt,7.17881998317,521.8,517.0,532.0,10
cubic_600.txt,7.39635998266,520.9,517.0,526.0,10
cubic_600.txt,7.6138999821499995,520.2,517.0,526.0,10
cubic_600.txt,7.83143998164,519.9,517.0,523.0,10
cubic_600.txt,8.04897998113,519.9,517.0,523.0,10
cubic_600.txt,8.26651998062,519.6,517.0,523.0,10
cubic_600.txt,8.48405998011,519.6,517.0,523.0,10
cubic_600.txt,8.701599979600001,519.6,517.0,523.0,10
cubic_600.txt,8.91913997909,519.6,517.0,523.0,10
cubic_600.txt,9.13667997858,519.6,517.0,523.0,10
cubic_600.txt,9.35421997807,519.6,517.0,523.0,10
cubic_600.txt,9.57175997756,519.1,517.0,523.0,10
cubic_600.txt,9.78929997705,519.1,517.0,523.0,10
cubic_600.txt,10.00683997654,519.1,517.0,523.0,10
cubic_600.txt,10.22437997603,519.1,517.0,523.0,10
cubic_600.txt,10.44191997552,519.1,517.0,523.0,10
cubic_600.txt,10.65945997501,519.1,517.0,523.0,10
cubic_600.txt,10.8769999745,519.1,517.0,523.0,10
cubic_600.txt,11.094539973989999,519.1,517.0,523.0,10
cubic_600.txt,11.31207997348,519.1,517.0,523.0,10
cubic_600.txt,11.52961997297,519.1,517.0,523.0,10
cubic_600.txt,11.747159972460002,519.1,517.0,523.0,10
cubic_600.txt,11.964699971950001,518.9,516.0,523.0,10
cubic_600.txt,12.182239971440001,518.9,516.0,523.0,10
cubic_600.txt,12.399779970930002,518.9,516.0,523.0,10
cubic_600.txt,12.61731997042,518.9,516.0,523.0,10
cubic_600.txt,12.834859969910001,518.6,516.0,523.0,10
cubic_600.txt,13.052399969400001,518.6,516.0,523.0,10
cubic_600.txt,13.26993996889,518.6,516.0,523.0,10
cubic_600.txt,13.48747996838,518.6,516.0,523.0,10
cubic_600.txt,13.705019967870001,518.6,516.0,523.0,10
cubic_600.txt,13.92255996736,518.6,516.0,523.0,10
cubic_600.txt,14.14009996685,518.4,516.0,523.0,10
cubic_600.txt,14.35763996634,518.4,516.0,523.0,10
cubic_600.txt,14.57517996583,518.4,516.0,523.0,10
cubic_600.txt,14.79271996532,518.4,516.0,523.0,10
cubic_600.txt,15.01025996481,518.4,516.0,523.0,10
cubic_600.txt,15.227799964299999,517.7,516.0,521.0,10
cubic_600.txt,15.44533996379,517.7,516.0,521.0,10
cubic_600.txt,15.66287996328,517.7,516.0,521.0,10
cubic_600.txt,15.880419962769999,517.5,514.0,521.0,10
cubic_600.txt,16.09795996226,517.5,514.0,521.0,10
cubic_600.txt,16.315499961750003,517.5,514.0,521.0,10
cubic_600.txt,16.53303996124,517.5,514.0,521.0,10
cubic_600.txt,16.75057996073,517.5,514.0,521.0,10
cubic_600.txt,16.96811996022,517.5,514.0,521.0,10
cubic_600.txt,17.18565995971,517.5,514.0,521.0,10
cubic_600.txt,17.403199959200002,517.5,514.0,521.0,10
cubic_600.txt,17.620739958690002,517.5,514.0,521.0,10
cubic_600.txt,17.83827995818,517.5,514.0,521.0,10
cubic_600.txt,18.05581995767,517.5,514.0,521.0,10
cubic_600.txt,18.27335995716,517.5,514.0,521.0,10
cubic_600.txt,18.49089995665,517.5,514.0,521.0,10
cubic_600.txt,18.70843995614,517.5,514.0,521.0,10
cubic_600.txt,18.92597995563,517.5,514.0,521.0,10
cubic_600.txt,19.14351995512,517.5,514.0,521.0,10
cubic_600.txt,19.36105995461,517.5,514.0,521.0,10
cubic_600.txt,19.5785999541,517.5,514.0,521.0,10
cubic_600.txt,19.79613995359,517.5,514.0,521.0,10
cubic_600.txt,20.01367995308,517.5,514.0,521.0,10
cubic_600.txt,20.23121995257,517.5,514.0,521.0,10
cubic_600.txt,20.44875995206,517.5,514.0,521.0,10
cubic_600.txt,20.66629995155,517.5,514.0,521.0,10
cubic_600.txt,20.88383995104,517.5,514.0,521.0,10
cubic_600.txt,21.10137995053,517.5,514.0,521.0,10
cubic_600.txt,21.31891995002,517.5,514.0,521.0,10
cubic_600.txt,21.53645994951,517.5,514.0,521.0,10
cubic_600.txt,21.753999949,517.4,514.0,520.0,10
cubic_700.txt,0.0,nan,nan,nan,0
cubic_700.txt,0.25888000011,770.5,746.0,795.0,10
cubic_700.txt,0.51776000022,770.5,746.0,795.0,10
cubic_700.txt,0.7766400003299999,754.3,733.0,773.0,10
cubic_700.txt,1.03552000044,747.5,730.0,773.0,10
cubic_700.txt,1.2944000005499998,743.9,730.0,768.0,10
cubic_700.txt,1.5532800006599998,707.8,611.0,768.0,10
cubic_700.txt,1.8121600007699998,677.1,607.0,744.0,10
cubic_700.txt,2.07104000088,665.3,607.0,744.0,10
cubic_700.txt,2.32992000099,654.5,607.0,744.0,10
cubic_700.txt,2.5888000010999996,642.1,607.0,739.0,10
cubic_700.txt,2.84768000121,631.7,607.0,732.0,10
cubic_700.txt,3.1065600013199997,630.2,607.0,729.0,10
cubic_700.txt,3.36544000143,621.1,607.0,638.0,10
cubic_700.txt,3.6243200015399997,619.4,606.0,638.0,10
cubic_700.txt,3.88320000165,619.4,606.0,638.0,10
cubic_700.txt,4.14208000176,619.4,606.0,638.0,10
cubic_700.txt,4.40096000187,619.4,606.0,638.0,10
cubic_700.txt,4.65984000198,617.4,606.0,638.0,10
cubic_700.txt,4.91872000209,615.4,606.0,638.0,10
cubic_700.txt,5.177600002199999,615.1,606.0,638.0,10
cubic_700.txt,5.43648000231,615.1,606.0,638.0,10
cubic_700.txt,5.69536000242,615.1,606.0,638.0,10
cubic_700.txt,5.954240002530001,613.5,606.0,622.0,10
cubic_700.txt,6.213120002639999,613.5,606.0,622.0,10
cubic_700.txt,6.47200000275,613.5,606.0,622.0,10
cubic_700.txt,6.73088000286,613.5,606.0,622.0,10
cubic_700.txt,6.989760002969999,612.8,606.0,622.0,10
cubic_700.txt,7.248640003079999,611.5,606.0,622.0,10
cubic_700.txt,7.50752000319,611.5,606.0,622.0,10
cubic_700.txt,7.7664000033,611.5,606.0,622.0,10
cubic_700.txt,8.02528000341,611.4,606.0,622.0,10
cubic_700.txt,8.28416000352,611.4,606.0,622.0,10
cubic_700.txt,8.54304000363,610.7,606.0,615.0,10
cubic_700.txt,8.80192000374,610.7,606.0,615.0,10
cubic_700.txt,9.06080000385,610.7,606.0,615.0,10
cubic_700.txt,9.31968000396,610.7,606.0,615.0,10
cubic_700.txt,9.57856000407,610.3,606.0,615.0,10
cubic_700.txt,9.83744000418,610.3,606.0,615.0,10
cubic_700.txt,10.09632000429,610.3,606.0,615.0,10
cubic_700.txt,10.355200004399999,609.9,606.0,615.0,10
cubic_700.txt,10.614080004509999,609.9,606.0,615.0,10
cubic_700.txt,10.87296000462,609.6,603.0,615.0,10
cubic_700.txt,11.13184000473,609.6,603.0,615.0,10
cubic_700.txt,11.39072000484,609.3,603.0,615.0,10
cubic_700.txt,11.64960000495,608.7,603.0,615.0,10
cubic_700.txt,11.908480005060001,608.7,603.0,615.0,10
cubic_700.txt,12.167360005169998,608.7,603.0,615.0,10
cubic_700.txt,12.426240005279999,608.7,603.0,615.0,10
cubic_700.txt,12.685120005389999,608.7,603.0,615.0,10
cubic_700.txt,12.9440000055,607.8,603.0,611.0,10
cubic_700.txt,13.20288000561,607.8,603.0,611.0,10
cubic_700.txt,13.46176000572,607.8,603.0,611.0,10
cubic_700.txt,13.72064000583,607.8,603.0,611.0,10
cubic_700.txt,13.979520005939998,607.8,603.0,611.0,10
cubic_700.txt,14.238400006049998,607.8,603.0,611.0,10
cubic_700.txt,14.497280006159999,607.8,603.0,611.0,10
cubic_700.txt,14.75616000627,607.8,603.0,611.0,10
cubic_700.txt,15.01504000638,607.8,603.0,611.0,10
cubic_700.txt,15.27392000649,607.8,603.0,611.0,10
cubic_700.txt,15.5328000066,607.8,603.0,611.0,10
cubic_700.txt,15.79168000671,607.5,603.0,611.0,10
cubic_700.txt,16.05056000682,607.5,603.0,611.0,10
cubic_700.txt,16.30944000693,607.5,603.0,611.0,10
cubic_700.txt,16.56832000704,607.5,603.0,611.0,10
cubic_700.txt,16.82720000715,607.5,603.0,611.0,10
cubic_700.txt,17.08608000726,607.5,603.0,611.0,10
cubic_700.txt,17.344960007370002,607.5,603.0,611.0,10
cubic_700.txt,17.60384000748,606.8,603.0,611.0,10
cubic_700.txt,17.86272000759,606.8,603.0,611.0,10
cubic_700.txt,18.1216000077,606.8,603.0,611.0,10
cubic_700.txt,18.38048000781,606.8,603.0,611.0,10
cubic_700.txt,18.63936000792,606.2,602.0,611.0,10
cubic_700.txt,18.89824000803,606.2,602.0,611.0,10
cubic_700.txt,19.15712000814,606.2,602.0,611.0,10
cubic_700.txt,19.41600000825,606.2,602.0,611.0,10
cubic_700.txt,19.67488000836,605.8,600.0,611.0,10
cubic_700.txt,19.93376000847,605.1,600.0,611.0,10
cubic_700.txt,20.19264000858,605.1,600.0,611.0,10
cubic_700.txt,20.45152000869,605.0,600.0,610.0,10
cubic_700.txt,20.710400008799997,604.0,593.0,610.0,10
cubic_700.txt,20.96928000891,604.0,593.0,610.0,10
cubic_700.txt,21.228160009019998,603.9,592.0,610.0,10
cubic_700.txt,21.487040009130002,603.9,592.0,610.0,10
cubic_700.txt,21.74592000924,603.9,592.0,610.0,10
cubic_700.txt,22.004800009350003,603.9,592.0,610.0,10
cubic_700.txt,22.26368000946,603.9,592.0,610.0,10
cubic_700.txt,22.522560009569997,603.1,592.0,610.0,10
cubic_700.txt,22.78144000968,603.1,592.0,610.0,10
cubic_700.txt,23.040320009789998,603.1,592.0,610.0,10
cubic_700.txt,23.2992000099,603.1,592.0,610.0,10
cubic_700.txt,23.55808001001,603.1,592.0,610.0,10
cubic_700.txt,23.816960010120003,603.1,592.0,610.0,10
cubic_700.txt,24.07584001023,603.1,592.0,610.0,10
cubic_700.txt,24.334720010339996,603.1,592.0,610.0,10
cubic_700.txt,24.59360001045,603.1,592.0,610.0,10
cubic_700.txt,24.852480010559997,603.1,592.0,610.0,10
cubic_700.txt,25.11136001067,603.1,592.0,610.0,10
cubic_700.txt,25.370240010779998,603.1,592.0,610.0,10
cubic_700.txt,25.629120010890002,603.1,592.0,610.0,10
cubic_700.txt,25.888000011,603.1,592.0,610.0,10
cubic_800.txt,0.0,nan,nan,nan,0
cubic_800.txt,0.25611999989,881.5,874.0,895.0,10
cubic_800.txt,0.51223999978,881.5,874.0,895.0,10
cubic_800.txt,0.76835999967,881.5,874.0,895.0,10
cubic_800.txt,1.02447999956,855.2,844.0,895.0,10
cubic_800.txt,1.2805999994500001,847.9,844.0,854.0,10
cubic_800.txt,1.53671999934,847.9,844.0,854.0,10
cubic_800.txt,1.7928399992300001,830.8,703.0,854.0,10
cubic_800.txt,2.04895999912,753.9,703.0,852.0,10
cubic_800.txt,2.30507999901,729.6,703.0,852.0,10
cubic_800.txt,2.5611999989000003,729.0,703.0,846.0,10
cubic_800.txt,2.81731999879,714.6,702.0,730.0,10
cubic_800.txt,3.07343999868,714.6,702.0,730.0,10
cubic_800.txt,3.3295599985699997,714.6,702.0,730.0,10
cubic_800.txt,3.5856799984600003,714.0,702.0,730.0,10
cubic_800.txt,3.84179999835,712.7,701.0,730.0,10
cubic_800.txt,4.09791999824,710.4,700.0,730.0,10
cubic_800.txt,4.35403999813,710.0,700.0,730.0,10
cubic_800.txt,4.61015999802,706.0,700.0,715.0,10
cubic_800.txt,4.86627999791,706.0,700.0,715.0,10
cubic_800.txt,5.1223999978000005,706.0,700.0,715.0,10
cubic_800.txt,5.378519997690001,706.0,700.0,715.0,10
cubic_800.txt,5.63463999758,705.4,700.0,715.0,10
cubic_800.txt,5.89075999747,704.6,700.0,714.0,10
cubic_800.txt,6.14687999736,704.1,700.0,709.0,10
cubic_800.txt,6.40299999725,703.5,700.0,709.0,10
cubic_800.txt,6.6591199971399995,703.4,700.0,709.0,10
cubic_800.txt,6.9152399970300005,702.8,700.0,707.0,10
cubic_800.txt,7.171359996920001,702.8,700.0,707.0,10
cubic_800.txt,7.42747999681,702.8,700.0,707.0,10
cubic_800.txt,7.6835999967,702.8,700.0,707.0,10
cubic_800.txt,7.939719996590001,702.4,697.0,707.0,10
cubic_800.txt,8.19583999648,702.3,697.0,707.0,10
cubic_800.txt,8.45195999637,702.3,697.0,707.0,10
cubic_800.txt,8.70807999626,702.0,697.0,707.0,10
cubic_800.txt,8.96419999615,702.0,697.0,707.0,10
cubic_800.txt,9.22031999604,702.0,697.0,707.0,10
cubic_800.txt,9.47643999593,702.0,697.0,707.0,10
cubic_800.txt,9.73255999582,701.6,693.0,707.0,10
cubic_800.txt,9.988679995710001,701.2,693.0,707.0,10
cubic_800.txt,10.244799995600001,700.5,693.0,707.0,10
cubic_800.txt,10.500919995490001,700.5,693.0,707.0,10
cubic_800.txt,10.757039995380001,699.8,693.0,707.0,10
cubic_800.txt,11.01315999527,699.8,693.0,707.0,10
cubic_800.txt,11.26927999516,699.7,693.0,707.0,10
cubic_800.txt,11.52539999505,699.7,693.0,707.0,10
cubic_800.txt,11.78151999494,699.7,693.0,707.0,10
cubic_800.txt,12.037639994830002,699.7,693.0,707.0,10
cubic_800.txt,12.29375999472,699.6,693.0,707.0,10
cubic_800.txt,12.54987999461,699.6,693.0,707.0,10
cubic_800.txt,12.8059999945,699.4,693.0,707.0,10
cubic_800.txt,13.06211999439,698.5,691.0,707.0,10
cubic_800.txt,13.318239994279999,698.5,691.0,707.0,10
cubic_800.txt,13.574359994169999,698.5,691.0,707.0,10
cubic_800.txt,13.830479994060001,698.1,691.0,707.0,10
cubic_800.txt,14.086599993950001,698.1,691.0,707.0,10
cubic_800.txt,14.342719993840001,698.1,691.0,707.0,10
cubic_800.txt,14.598839993730001,698.1,691.0,707.0,10
cubic_800.txt,14.85495999362,698.1,691.0,707.0,10
cubic_800.txt,15.11107999351,697.4,691.0,707.0,10
cubic_800.txt,15.3671999934,697.4,691.0,707.0,10
cubic_800.txt,15.623319993290002,696.6,691.0,707.0,10
cubic_800.txt,15.879439993180002,696.6,691.0,707.0,10
cubic_800.txt,16.13555999307,696.6,691.0,707.0,10
cubic_800.txt,16.39167999296,696.6,691.0,707.0,10
cubic_800.txt,16.64779999285,696.6,691.0,707.0,10
cubic_800.txt,16.90391999274,696.6,691.0,707.0,10
cubic_800.txt,17.16003999263,696.6,691.0,707.0,10
cubic_800.txt,17.41615999252,696.6,691.0,707.0,10
cubic_800.txt,17.67227999241,696.6,691.0,707.0,10
cubic_800.txt,17.9283999923,696.1,691.0,707.0,10
cubic_800.txt,18.18451999219,695.5,690.0,707.0,10
cubic_800.txt,18.44063999208,695.5,690.0,707.0,10
cubic_800.txt,18.69675999197,695.5,690.0,707.0,10
cubic_800.txt,18.95287999186,695.3,690.0,707.0,10
cubic_800.txt,19.20899999175,694.6,690.0,701.0,10
cubic_800.txt,19.46511999164,694.6,690.0,701.0,10
cubic_800.txt,19.721239991530002,694.6,690.0,701.0,10
cubic_800.txt,19.977359991420002,694.6,690.0,701.0,10
cubic_800.txt,20.233479991310002,694.6,690.0,701.0,10
cubic_800.txt,20.489599991200002,694.6,690.0,701.0,10
cubic_800.txt,20.74571999109,694.6,690.0,701.0,10
cubic_800.txt,21.001839990980002,694.6,690.0,701.0,10
cubic_800.txt,21.25795999087,694.6,690.0,701.0,10
cubic_800.txt,21.514079990760003,694.6,690.0,701.0,10
cubic_800.txt,21.77019999065,694.6,690.0,701.0,10
cubic_800.txt,22.02631999054,694.6,690.0,701.0,10
cubic_800.txt,22.282439990430003,694.6,690.0,701.0,10
cubic_800.txt,22.53855999032,694.3,690.0,701.0,10
cubic_800.txt,22.794679990210003,694.3,690.0,701.0,10
cubic_800.txt,23.0507999901,694.3,690.0,701.0,10
cubic_800.txt,23.30691998999,694.3,690.0,701.0,10
cubic_800.txt,23.56303998988,694.3,690.0,701.0,10
cubic_800.txt,23.81915998977,694.3,690.0,701.0,10
cubic_800.txt,24.075279989660004,694.3,690.0,701.0,10
cubic_800.txt,24.33139998955,694.3,690.0,701.0,10
cubic_800.txt,24.58751998944,694.3,690.0,701.0,10
cubic_800.txt,24.84363998933,694.3,690.0,701.0,10
cubic_800.txt,25.09975998922,694.3,690.0,701.0,10
cubic_800.txt,25.355879989109997,694.3,690.0,701.0,10
cubic_800.txt,25.611999989,694.1,690.0,701.0,10
cubic_900.txt,0.0,nan,nan,nan,0
cubic_900.txt,0.27376999855,991.6,976.0,1015.0,10
cubic_900.txt,0.5475399971,991.6,976.0,1015.0,10
cubic_900.txt,0.82130999565,980.5,950.0,1015.0,10
cubic_900.txt,1.0950799942,958.3,936.0,989.0,10
cubic_900.txt,1.3688499927500002,958.3,936.0,989.0,10
cubic_900.txt,1.6426199913,957.1,936.0,989.0,10
cubic_900.txt,1.91638998985,895.4,798.0,989.0,10
cubic_900.txt,2.1901599884,863.3,797.0,957.0,10
cubic_900.txt,2.46392998695,819.4,795.0,957.0,10
cubic_900.txt,2.7376999855000004,819.4,795.0,957.0,10
cubic_900.txt,3.0114699840500005,818.2,795.0,945.0,10
cubic_900.txt,3.2852399826,818.2,795.0,945.0,10
cubic_900.txt,3.55900998115,802.9,792.0,815.0,10
cubic_900.txt,3.8327799797,802.9,792.0,815.0,10
cubic_900.txt,4.10654997825,800.8,789.0,815.0,10
cubic_900.txt,4.3803199768,799.5,789.0,815.0,10
cubic_900.txt,4.654089975350001,799.5,789.0,815.0,10
cubic_900.txt,4.9278599739,797.6,778.0,815.0,10
cubic_900.txt,5.20162997245,796.0,778.0,815.0,10
cubic_900.txt,5.475399971000001,796.0,778.0,815.0,10
cubic_900.txt,5.7491699695500005,795.2,778.0,814.0,10
cubic_900.txt,6.022939968100001,795.2,778.0,814.0,10
cubic_900.txt,6.296709966650001,794.7,778.0,814.0,10
cubic_900.txt,6.5704799652,793.7,778.0,814.0,10
cubic_900.txt,6.844249963749999,793.7,778.0,814.0,10
cubic_900.txt,7.1180199623,793.7,778.0,814.0,10
cubic_900.txt,7.39178996085,793.0,778.0,814.0,10
cubic_900.txt,7.6655599594,793.0,778.0,814.0,10
cubic_900.txt,7.93932995795,792.9,778.0,814.0,10
cubic_900.txt,8.2130999565,792.9,778.0,814.0,10
cubic_900.txt,8.48686995505,792.9,778.0,814.0,10
cubic_900.txt,8.7606399536,792.3,778.0,814.0,10
cubic_900.txt,9.03440995215,792.3,778.0,814.0,10
cubic_900.txt,9.308179950700001,791.3,778.0,804.0,10
cubic_900.txt,9.581949949250001,791.3,778.0,804.0,10
cubic_900.txt,9.8557199478,791.3,778.0,804.0,10
cubic_900.txt,10.12948994635,790.5,778.0,798.0,10
cubic_900.txt,10.4032599449,790.1,778.0,798.0,10
cubic_900.txt,10.67702994345,790.1,778.0,798.0,10
cubic_900.txt,10.950799942000002,790.1,778.0,798.0,10
cubic_900.txt,11.22456994055,790.1,778.0,798.0,10
cubic_900.txt,11.498339939100001,789.5,778.0,797.0,10
cubic_900.txt,11.77210993765,789.5,778.0,797.0,10
cubic_900.txt,12.045879936200002,788.5,778.0,797.0,10
cubic_900.txt,12.31964993475,788.5,778.0,797.0,10
cubic_900.txt,12.593419933300002,788.5,778.0,797.0,10
cubic_900.txt,12.86718993185,788.5,778.0,797.0,10
cubic_900.txt,13.1409599304,788.5,778.0,797.0,10
cubic_900.txt,13.41472992895,787.7,778.0,797.0,10
cubic_900.txt,13.688499927499999,787.7,778.0,797.0,10
cubic_900.txt,13.96226992605,787.7,778.0,797.0,10
cubic_900.txt,14.2360399246,786.9,778.0,797.0,10
cubic_900.txt,14.509809923150002,786.9,778.0,797.0,10
cubic_900.txt,14.7835799217,786.9,778.0,797.0,10
cubic_900.txt,15.057349920250001,786.9,778.0,797.0,10
cubic_900.txt,15.3311199188,786.0,778.0,795.0,10
cubic_900.txt,15.60488991735,785.9,778.0,794.0,10
cubic_900.txt,15.8786599159,785.9,778.0,794.0,10
cubic_900.txt,16.15242991445,785.8,777.0,794.0,10
cubic_900.txt,16.426199913,785.8,777.0,794.0,10
cubic_900.txt,16.699969911550003,785.7,777.0,794.0,10
cubic_900.txt,16.9737399101,785.7,777.0,794.0,10
cubic_900.txt,17.247509908650002,785.7,777.0,794.0,10
cubic_900.txt,17.5212799072,785.7,777.0,794.0,10
cubic_900.txt,17.79504990575,785.7,777.0,794.0,10
cubic_900.txt,18.0688199043,785.7,777.0,794.0,10
cubic_900.txt,18.34258990285,785.7,777.0,794.0,10
cubic_900.txt,18.616359901400003,785.2,777.0,794.0,10
cubic_900.txt,18.89012989995,784.6,777.0,794.0,10
cubic_900.txt,19.163899898500002,784.6,777.0,794.0,10
cubic_900.txt,19.43766989705,784.6,777.0,794.0,10
cubic_900.txt,19.7114398956,784.4,777.0,794.0,10
cubic_900.txt,19.98520989415,784.4,777.0,794.0,10
cubic_900.txt,20.2589798927,784.4,777.0,794.0,10
cubic_900.txt,20.53274989125,783.7,777.0,794.0,10
cubic_900.txt,20.8065198898,783.7,777.0,794.0,10
cubic_900.txt,21.080289888350002,782.9,775.0,794.0,10
cubic_900.txt,21.3540598869,782.9,775.0,794.0,10
cubic_900.txt,21.62782988545,782.9,775.0,794.0,10
cubic_900.txt,21.901599884000003,782.9,775.0,794.0,10
cubic_900.txt,22.175369882549997,782.9,775.0,794.0,10
cubic_900.txt,22.4491398811,782.9,775.0,794.0,10
cubic_900.txt,22.72290987965,782.9,775.0,794.0,10
cubic_900.txt,22.996679878200002,782.9,775.0,794.0,10
cubic_900.txt,23.27044987675,782.9,775.0,794.0,10
cubic_900.txt,23.5442198753,782.9,775.0,794.0,10
cubic_900.txt,23.817989873850003,782.5,775.0,794.0,10
cubic_900.txt,24.091759872400004,782.5,775.0,794.0,10
cubic_900.txt,24.36552987095,782.5,775.0,794.0,10
cubic_900.txt,24.6392998695,782.5,775.0,794.0,10
cubic_900.txt,24.913069868050002,782.5,775.0,794.0,10
cubic_900.txt,25.186839866600003,782.5,775.0,794.0,10
cubic_900.txt,25.46060986515,782.5,775.0,794.0,10
cubic_900.txt,25.7343798637,782.5,775.0,794.0,10
cubic_900.txt,26.00814986225,782.5,775.0,794.0,10
cubic_900.txt,26.2819198608,782.5,775.0,794.0,10
cubic_900.txt,26.55568985935,782.5,775.0,794.0,10
cubic_900.txt,26.8294598579,782.5,775.0,794.0,10
cubic_900.txt,27.103229856450003,782.5,775.0,794.0,10
cubic_900.txt,27.376999854999998,782.5,775.0,794.0,10
