instance,run,elapsed_seconds,agent,fitness,global_best,pool_size,is_new_global_best
cubic_100.txt,1,0.003000021,Tabu Search,104.000000000,104.000000000,1,1
cubic_100.txt,1,0.004000187,RVNS,112.000000000,104.000000000,2,0
cubic_100.txt,1,0.004000187,RVNS,105.000000000,104.000000000,3,0
cubic_100.txt,1,0.005000114,RVNS,111.000000000,104.000000000,4,0
cubic_100.txt,1,0.005000114,RVNS,114.000000000,104.000000000,5,0
cubic_100.txt,1,0.007000208,Tabu Search,106.000000000,104.000000000,5,0
cubic_100.txt,1,0.007000208,RVNS,103.000000000,103.000000000,5,1
cubic_100.txt,1,0.011000156,RVNS,110.000000000,103.000000000,5,0
cubic_100.txt,1,0.521000147,HHO,87.000000000,87.000000000,5,1
cubic_100.txt,1,0.831000090,ACO,96.000000000,87.000000000,5,0
cubic_100.txt,1,1.094000101,HHO,88.000000000,87.000000000,5,0
cubic_100.txt,1,1.699000120,ACO,95.000000000,87.000000000,5,0
cubic_100.txt,1,1.815999985,HHO,89.000000000,87.000000000,5,0
cubic_100.txt,1,2.483000040,ACO,93.000000000,87.000000000,5,0
cubic_100.txt,1,2.522000074,HHO,84.000000000,84.000000000,5,1
cubic_100.txt,1,3.267000198,HHO,86.000000000,84.000000000,5,0
cubic_100.txt,2,0.002000093,Tabu Search,116.000000000,116.000000000,1,1
cubic_100.txt,2,0.003000021,Tabu Search,115.000000000,115.000000000,2,1
cubic_100.txt,2,0.529999971,HHO,86.000000000,86.000000000,3,1
cubic_100.txt,2,0.788000107,ACO,98.000000000,86.000000000,4,0
cubic_100.txt,2,1.108999968,HHO,85.000000000,85.000000000,5,1
cubic_100.txt,2,1.490000010,ACO,99.000000000,85.000000000,5,0
cubic_100.txt,2,1.690999985,HHO,91.000000000,85.000000000,5,0
cubic_100.txt,2,2.250000000,ACO,92.000000000,85.000000000,5,0
cubic_100.txt,2,2.911000013,ACO,88.000000000,85.000000000,5,0
cubic_100.txt,2,3.568000078,ACO,89.000000000,85.000000000,5,0
cubic_100.txt,2,4.513000011,HHO,90.000000000,85.000000000,5,0
cubic_100.txt,2,4.913000107,ACO,83.000000000,83.000000000,5,1
cubic_100.txt,3,0.003000021,Tabu Search,106.000000000,106.000000000,1,1
cubic_100.txt,3,0.003000021,RVNS,111.000000000,106.000000000,2,0
cubic_100.txt,3,0.005000114,RVNS,110.000000000,106.000000000,3,0
cubic_100.txt,3,0.005000114,RVNS,107.000000000,106.000000000,4,0
cubic_100.txt,3,0.006000042,RVNS,112.000000000,106.000000000,5,0
cubic_100.txt,3,0.008000135,RVNS,109.000000000,106.000000000,5,0
cubic_100.txt,3,0.514000177,HHO,87.000000000,87.000000000,5,1
cubic_100.txt,3,0.762000084,ACO,96.000000000,87.000000000,5,0
cubic_100.txt,3,1.012000084,HHO,86.000000000,86.000000000,5,1
cubic_100.txt,3,1.449000120,ACO,94.000000000,86.000000000,5,0
cubic_100.txt,3,2.926000118,HHO,88.000000000,86.000000000,5,0
cubic_100.txt,3,3.666000128,ACO,83.000000000,83.000000000,5,1
cubic_100.txt,3,4.438000202,ACO,84.000000000,83.000000000,5,0
cubic_100.txt,4,0.002000093,RVNS,118.000000000,118.000000000,1,1
cubic_100.txt,4,0.002000093,Tabu Search,112.000000000,112.000000000,2,1
cubic_100.txt,4,0.003000021,RVNS,119.000000000,112.000000000,3,0
cubic_100.txt,4,0.006999969,RVNS,113.000000000,112.000000000,4,0
cubic_100.txt,4,0.523999929,HHO,84.000000000,84.000000000,5,1
cubic_100.txt,4,0.854000092,ACO,95.000000000,84.000000000,5,0
cubic_100.txt,4,2.556999922,ACO,96.000000000,84.000000000,5,0
cubic_100.txt,4,3.720000029,HHO,82.000000000,82.000000000,5,1
cubic_100.txt,4,4.456000090,ACO,93.000000000,82.000000000,5,0
cubic_100.txt,4,5.125999928,ACO,86.000000000,82.000000000,5,0
cubic_100.txt,4,5.793999910,ACO,85.000000000,82.000000000,5,0
cubic_100.txt,5,0.002000093,Tabu Search,112.000000000,112.000000000,1,1
cubic_100.txt,5,0.002000093,RVNS,114.000000000,112.000000000,2,0
cubic_100.txt,5,0.003000021,RVNS,113.000000000,112.000000000,3,0
cubic_100.txt,5,0.003000021,Tabu Search,111.000000000,111.000000000,4,1
cubic_100.txt,5,0.004000187,RVNS,115.000000000,111.000000000,5,0
cubic_100.txt,5,0.562000036,HHO,88.000000000,88.000000000,5,1
cubic_100.txt,5,0.901000023,ACO,99.000000000,88.000000000,5,0
cubic_100.txt,5,1.674000025,ACO,98.000000000,88.000000000,5,0
cubic_100.txt,5,1.766000032,HHO,93.000000000,88.000000000,5,0
cubic_100.txt,5,2.342000008,ACO,91.000000000,88.000000000,5,0
cubic_100.txt,5,2.381000042,HHO,89.000000000,88.000000000,5,0
cubic_100.txt,5,3.011000156,ACO,92.000000000,88.000000000,5,0
cubic_100.txt,6,0.003000021,RVNS,116.000000000,116.000000000,1,1
cubic_100.txt,6,0.003000021,Tabu Search,115.000000000,115.000000000,2,1
cubic_100.txt,6,0.004000187,Tabu Search,118.000000000,115.000000000,3,0
cubic_100.txt,6,0.005000114,Tabu Search,117.000000000,115.000000000,4,0
cubic_100.txt,6,0.526000023,HHO,85.000000000,85.000000000,5,1
cubic_100.txt,6,0.819000006,ACO,99.000000000,85.000000000,5,0
cubic_100.txt,6,1.096000195,HHO,96.000000000,85.000000000,5,0
cubic_100.txt,6,2.341000080,ACO,98.000000000,85.000000000,5,0
cubic_100.txt,6,2.391000032,HHO,90.000000000,85.000000000,5,0
cubic_100.txt,6,3.073000193,ACO,92.000000000,85.000000000,5,0
cubic_100.txt,6,3.951000214,HHO,89.000000000,85.000000000,5,0
cubic_100.txt,6,4.697000027,ACO,91.000000000,85.000000000,5,0
cubic_100.txt,6,5.416000128,ACO,88.000000000,85.000000000,5,0
cubic_100.txt,7,0.003000021,Tabu Search,105.000000000,105.000000000,1,1
cubic_100.txt,7,0.003000021,RVNS,111.000000000,105.000000000,2,0
cubic_100.txt,7,0.003999949,Tabu Search,104.000000000,104.000000000,3,1
cubic_100.txt,7,0.004999876,RVNS,112.000000000,104.000000000,4,0
cubic_100.txt,7,0.004999876,Tabu Search,106.000000000,104.000000000,5,0
cubic_100.txt,7,0.006999969,RVNS,107.000000000,104.000000000,5,0
cubic_100.txt,7,0.460999966,HHO,94.000000000,94.000000000,5,1
cubic_100.txt,7,0.746000051,ACO,98.000000000,94.000000000,5,0
cubic_100.txt,7,0.980999947,HHO,88.000000000,88.000000000,5,1
cubic_100.txt,7,1.507999897,ACO,96.000000000,88.000000000,5,0
cubic_100.txt,7,1.573999882,HHO,84.000000000,84.000000000,5,1
cubic_100.txt,7,2.190000057,ACO,95.000000000,84.000000000,5,0
cubic_100.txt,7,2.243000031,HHO,87.000000000,84.000000000,5,0
cubic_100.txt,7,2.925999880,HHO,86.000000000,84.000000000,5,0
cubic_100.txt,7,3.569999933,ACO,91.000000000,84.000000000,5,0
cubic_100.txt,7,4.927999973,ACO,89.000000000,84.000000000,5,0
cubic_100.txt,8,0.002000093,Tabu Search,121.000000000,121.000000000,1,1
cubic_100.txt,8,0.002000093,RVNS,117.000000000,117.000000000,2,1
cubic_100.txt,8,0.003000021,Tabu Search,116.000000000,116.000000000,3,1
cubic_100.txt,8,0.004000187,RVNS,120.000000000,116.000000000,4,0
cubic_100.txt,8,0.004000187,RVNS,118.000000000,116.000000000,5,0
cubic_100.txt,8,0.005000114,RVNS,119.000000000,116.000000000,5,0
cubic_100.txt,8,0.482000113,HHO,89.000000000,89.000000000,5,1
cubic_100.txt,8,0.733999968,ACO,98.000000000,89.000000000,5,0
cubic_100.txt,8,0.990000010,HHO,88.000000000,88.000000000,5,1
cubic_100.txt,8,1.471000195,ACO,86.000000000,86.000000000,5,1
cubic_100.txt,8,1.548000097,HHO,92.000000000,86.000000000,5,0
cubic_100.txt,8,3.584000111,HHO,91.000000000,86.000000000,5,0
cubic_100.txt,8,4.361999989,HHO,87.000000000,86.000000000,5,0
cubic_100.txt,8,4.363000154,ACO,85.000000000,85.000000000,5,1
cubic_100.txt,9,0.002000093,Tabu Search,110.000000000,110.000000000,1,1
cubic_100.txt,9,0.503000021,HHO,89.000000000,89.000000000,2,1
cubic_100.txt,9,0.753999949,ACO,100.000000000,89.000000000,3,0
cubic_100.txt,9,1.012000084,HHO,84.000000000,84.000000000,4,1
cubic_100.txt,9,1.447999954,ACO,95.000000000,84.000000000,5,0
cubic_100.txt,9,1.552000046,HHO,94.000000000,84.000000000,5,0
cubic_100.txt,9,2.171999931,HHO,90.000000000,84.000000000,5,0
cubic_100.txt,9,2.779999971,ACO,87.000000000,84.000000000,5,0
cubic_100.txt,9,3.433000088,ACO,86.000000000,84.000000000,5,0
cubic_100.txt,9,4.908999920,ACO,82.000000000,82.000000000,5,1
cubic_100.txt,9,4.998000145,HHO,88.000000000,82.000000000,5,0
cubic_100.txt,10,0.000999928,Tabu Search,113.000000000,113.000000000,1,1
cubic_100.txt,10,0.001999855,RVNS,108.000000000,108.000000000,2,1
cubic_100.txt,10,0.001999855,Tabu Search,107.000000000,107.000000000,3,1
cubic_100.txt,10,0.003000021,RVNS,106.000000000,106.000000000,4,1
cubic_100.txt,10,0.006999969,RVNS,112.000000000,106.000000000,5,0
cubic_100.txt,10,0.474999905,HHO,87.000000000,87.000000000,5,1
cubic_100.txt,10,0.731999874,ACO,96.000000000,87.000000000,5,0
cubic_100.txt,10,1.549999952,ACO,97.000000000,87.000000000,5,0
cubic_100.txt,10,1.634999990,HHO,85.000000000,85.000000000,5,1
cubic_100.txt,10,2.310999870,HHO,89.000000000,85.000000000,5,0
cubic_100.txt,10,2.978999853,HHO,93.000000000,85.000000000,5,0
cubic_100.txt,10,3.773999929,HHO,86.000000000,85.000000000,5,0
cubic_100.txt,10,3.790999889,ACO,88.000000000,85.000000000,5,0
cubic_100.txt,10,4.485999823,HHO,84.000000000,84.000000000,5,1
cubic_1000.txt,1,0.003000021,RVNS,1109.000000000,1109.000000000,1,1
cubic_1000.txt,1,0.004000187,Tabu Search,1131.000000000,1109.000000000,2,0
cubic_1000.txt,1,0.005000114,RVNS,1112.000000000,1109.000000000,3,0
cubic_1000.txt,1,0.006000042,Tabu Search,1114.000000000,1109.000000000,4,0
cubic_1000.txt,1,0.006999969,RVNS,1113.000000000,1109.000000000,5,0
cubic_1000.txt,1,0.009000063,RVNS,1110.000000000,1109.000000000,5,0
cubic_1000.txt,1,0.016000032,RVNS,1111.000000000,1109.000000000,5,0
cubic_1000.txt,1,0.037000179,Tabu Search,1107.000000000,1107.000000000,5,1
cubic_1000.txt,1,0.042999983,Tabu Search,1108.000000000,1107.000000000,5,0
cubic_1000.txt,1,0.081000090,RVNS,1105.000000000,1105.000000000,5,1
cubic_1000.txt,1,1.037000179,ACO,1057.000000000,1057.000000000,5,1
cubic_1000.txt,1,1.969000101,ACO,1059.000000000,1057.000000000,5,0
cubic_1000.txt,1,2.508000135,HHO,890.000000000,890.000000000,5,1
cubic_1000.txt,1,2.914000034,ACO,1058.000000000,890.000000000,5,0
cubic_1000.txt,1,3.802999973,ACO,1050.000000000,890.000000000,5,0
cubic_1000.txt,1,4.722000122,ACO,1047.000000000,890.000000000,5,0
cubic_1000.txt,1,5.144999981,HHO,901.000000000,890.000000000,5,0
cubic_1000.txt,1,5.619000196,ACO,1042.000000000,890.000000000,5,0
cubic_1000.txt,1,6.409000158,ACO,900.000000000,890.000000000,5,0
cubic_1000.txt,1,7.713999987,HHO,889.000000000,889.000000000,5,1
cubic_1000.txt,1,8.815999985,ACO,888.000000000,888.000000000,5,1
cubic_1000.txt,1,9.594000101,ACO,887.000000000,887.000000000,5,1
cubic_1000.txt,1,10.401000023,ACO,896.000000000,887.000000000,5,0
cubic_1000.txt,1,11.166000128,ACO,894.000000000,887.000000000,5,0
cubic_1000.txt,1,11.927999973,ACO,892.000000000,887.000000000,5,0
cubic_1000.txt,1,14.386000156,ACO,876.000000000,876.000000000,5,1
cubic_1000.txt,1,15.141000032,ACO,884.000000000,876.000000000,5,0
cubic_1000.txt,1,16.114000082,ACO,881.000000000,876.000000000,5,0
cubic_1000.txt,1,20.331000090,ACO,885.000000000,876.000000000,5,0
cubic_1000.txt,1,21.088999987,ACO,880.000000000,876.000000000,5,0
cubic_1000.txt,1,21.845000029,ACO,883.000000000,876.000000000,5,0
cubic_1000.txt,1,22.620000124,ACO,875.000000000,875.000000000,5,1
cubic_1000.txt,1,23.402000189,ACO,873.000000000,873.000000000,5,1
cubic_1000.txt,2,0.003999949,Tabu Search,1123.000000000,1123.000000000,1,1
cubic_1000.txt,2,0.004999876,RVNS,1104.000000000,1104.000000000,2,1
cubic_1000.txt,2,0.006000042,Tabu Search,1099.000000000,1099.000000000,3,1
cubic_1000.txt,2,0.006000042,RVNS,1122.000000000,1099.000000000,4,0
cubic_1000.txt,2,0.007999897,RVNS,1108.000000000,1099.000000000,5,0
cubic_1000.txt,2,0.007999897,Tabu Search,1102.000000000,1099.000000000,5,0
cubic_1000.txt,2,0.009999990,Tabu Search,1101.000000000,1099.000000000,5,0
cubic_1000.txt,2,0.009999990,RVNS,1106.000000000,1099.000000000,5,0
cubic_1000.txt,2,0.011999846,RVNS,1103.000000000,1099.000000000,5,0
cubic_1000.txt,2,0.016000032,RVNS,1100.000000000,1099.000000000,5,0
cubic_1000.txt,2,0.033999920,RVNS,1097.000000000,1097.000000000,5,1
cubic_1000.txt,2,0.042999983,RVNS,1098.000000000,1097.000000000,5,0
cubic_1000.txt,2,0.960999966,ACO,1067.000000000,1067.000000000,5,1
cubic_1000.txt,2,1.728999853,ACO,1059.000000000,1059.000000000,5,1
cubic_1000.txt,2,2.271999836,HHO,900.000000000,900.000000000,5,1
cubic_1000.txt,2,2.580999851,ACO,1051.000000000,900.000000000,5,0
cubic_1000.txt,2,4.248999834,ACO,1050.000000000,900.000000000,5,0
cubic_1000.txt,2,4.786000013,HHO,918.000000000,900.000000000,5,0
cubic_1000.txt,2,5.073999882,ACO,1047.000000000,900.000000000,5,0
cubic_1000.txt,2,5.849999905,ACO,1046.000000000,900.000000000,5,0
cubic_1000.txt,2,6.622999907,ACO,893.000000000,893.000000000,5,1
cubic_1000.txt,2,7.376999855,HHO,911.000000000,893.000000000,5,0
cubic_1000.txt,2,7.559999943,ACO,906.000000000,893.000000000,5,0
cubic_1000.txt,2,8.506000042,ACO,901.000000000,893.000000000,5,0
cubic_1000.txt,2,9.368999958,ACO,905.000000000,893.000000000,5,0
cubic_1000.txt,2,10.241999865,ACO,885.000000000,885.000000000,5,1
cubic_1000.txt,2,10.619999886,HHO,896.000000000,885.000000000,5,0
cubic_1000.txt,2,11.868000031,ACO,895.000000000,885.000000000,5,0
cubic_1000.txt,2,12.819999933,ACO,891.000000000,885.000000000,5,0
cubic_1000.txt,2,15.141999960,ACO,886.000000000,885.000000000,5,0
cubic_1000.txt,2,16.009999990,ACO,882.000000000,882.000000000,5,1
cubic_1000.txt,2,17.688999891,ACO,890.000000000,882.000000000,5,0
cubic_1000.txt,2,18.464999914,ACO,889.000000000,882.000000000,5,0
cubic_1000.txt,2,19.230000019,ACO,880.000000000,880.000000000,5,1
cubic_1000.txt,2,19.891000032,HHO,888.000000000,880.000000000,5,0
cubic_1000.txt,2,19.996999979,ACO,877.000000000,877.000000000,5,1
cubic_1000.txt,2,21.621000051,ACO,876.000000000,876.000000000,5,1
cubic_1000.txt,3,0.007000208,Tabu Search,1099.000000000,1099.000000000,1,1
cubic_1000.txt,3,0.007000208,RVNS,1136.000000000,1099.000000000,2,0
cubic_1000.txt,3,0.009999990,Tabu Search,1102.000000000,1099.000000000,3,0
cubic_1000.txt,3,0.013000011,RVNS,1133.000000000,1099.000000000,4,0
cubic_1000.txt,3,0.013000011,Tabu Search,1101.000000000,1099.000000000,5,0
cubic_1000.txt,3,0.017000198,Tabu Search,1104.000000000,1099.000000000,5,0
cubic_1000.txt,3,0.017000198,RVNS,1098.000000000,1098.000000000,5,1
cubic_1000.txt,3,0.023000002,Tabu Search,1100.000000000,1098.000000000,5,0
cubic_1000.txt,3,0.040000200,RVNS,1097.000000000,1097.000000000,5,1
cubic_1000.txt,3,0.042000055,RVNS,1096.000000000,1096.000000000,5,1
cubic_1000.txt,3,1.298000097,ACO,1065.000000000,1065.000000000,5,1
cubic_1000.txt,3,2.180000067,ACO,1061.000000000,1061.000000000,5,1
cubic_1000.txt,3,2.828999996,HHO,886.000000000,886.000000000,5,1
cubic_1000.txt,3,3.101000071,ACO,1053.000000000,886.000000000,5,0
cubic_1000.txt,3,3.921000004,ACO,1047.000000000,886.000000000,5,0
cubic_1000.txt,3,5.378000021,HHO,906.000000000,886.000000000,5,0
cubic_1000.txt,3,5.544000149,ACO,878.000000000,878.000000000,5,1
cubic_1000.txt,3,6.310000181,ACO,908.000000000,878.000000000,5,0
cubic_1000.txt,3,7.101000071,ACO,905.000000000,878.000000000,5,0
cubic_1000.txt,3,7.860000134,ACO,895.000000000,878.000000000,5,0
cubic_1000.txt,3,8.630000114,ACO,889.000000000,878.000000000,5,0
cubic_1000.txt,3,9.468000174,ACO,898.000000000,878.000000000,5,0
cubic_1000.txt,3,10.907000065,HHO,887.000000000,878.000000000,5,0
cubic_1000.txt,3,11.892000198,ACO,881.000000000,878.000000000,5,0
cubic_1000.txt,3,13.440999985,ACO,888.000000000,878.000000000,5,0
cubic_1000.txt,4,0.004000187,RVNS,1089.000000000,1089.000000000,1,1
cubic_1000.txt,4,0.004000187,Tabu Search,1140.000000000,1089.000000000,2,0
cubic_1000.txt,4,0.006000042,RVNS,1086.000000000,1086.000000000,3,1
cubic_1000.txt,4,0.006000042,Tabu Search,1088.000000000,1086.000000000,4,0
cubic_1000.txt,4,0.007000208,RVNS,1141.000000000,1086.000000000,5,0
cubic_1000.txt,4,0.009000063,RVNS,1085.000000000,1085.000000000,5,1
cubic_1000.txt,4,0.009000063,Tabu Search,1082.000000000,1082.000000000,5,1
cubic_1000.txt,4,0.011000156,Tabu Search,1084.000000000,1082.000000000,5,0
cubic_1000.txt,4,0.017000198,Tabu Search,1083.000000000,1082.000000000,5,0
cubic_1000.txt,4,0.023000002,Tabu Search,1081.000000000,1081.000000000,5,1
cubic_1000.txt,4,0.070000172,Tabu Search,1080.000000000,1080.000000000,5,1
cubic_1000.txt,4,0.944000006,ACO,1068.000000000,1068.000000000,5,1
cubic_1000.txt,4,1.734000206,ACO,1067.000000000,1067.000000000,5,1
cubic_1000.txt,4,2.211000204,HHO,893.000000000,893.000000000,5,1
cubic_1000.txt,4,2.495000124,ACO,1065.000000000,893.000000000,5,0
cubic_1000.txt,4,3.251000166,ACO,1054.000000000,893.000000000,5,0
cubic_1000.txt,4,4.118000031,ACO,1046.000000000,893.000000000,5,0
cubic_1000.txt,4,4.684000015,HHO,897.000000000,893.000000000,5,0
cubic_1000.txt,4,5.821000099,ACO,1040.000000000,893.000000000,5,0
cubic_1000.txt,4,6.809000015,ACO,1031.000000000,893.000000000,5,0
cubic_1000.txt,4,7.546000004,HHO,912.000000000,893.000000000,5,0
cubic_1000.txt,4,7.653000116,ACO,895.000000000,893.000000000,5,0
cubic_1000.txt,4,8.446000099,ACO,924.000000000,893.000000000,5,0
cubic_1000.txt,4,9.212000132,ACO,916.000000000,893.000000000,5,0
cubic_1000.txt,4,9.971000195,ACO,906.000000000,893.000000000,5,0
cubic_1000.txt,4,10.321000099,HHO,910.000000000,893.000000000,5,0
cubic_1000.txt,4,12.443000078,ACO,890.000000000,890.000000000,5,1
cubic_1000.txt,4,13.234000206,ACO,896.000000000,890.000000000,5,0
cubic_1000.txt,4,14.035000086,ACO,887.000000000,887.000000000,5,1
cubic_1000.txt,4,14.975000143,ACO,894.000000000,887.000000000,5,0
cubic_1000.txt,4,15.973000050,ACO,878.000000000,878.000000000,5,1
cubic_1000.txt,4,16.788000107,ACO,868.000000000,868.000000000,5,1
cubic_1000.txt,4,17.634999990,ACO,876.000000000,868.000000000,5,0
cubic_1000.txt,4,20.298000097,ACO,886.000000000,868.000000000,5,0
cubic_1000.txt,4,21.288000107,ACO,872.000000000,868.000000000,5,0
cubic_1000.txt,4,23.019999981,ACO,874.000000000,868.000000000,5,0
cubic_1000.txt,5,0.003000021,Tabu Search,1082.000000000,1082.000000000,1,1
cubic_1000.txt,5,0.003999949,RVNS,1068.000000000,1068.000000000,2,1
cubic_1000.txt,5,0.004999876,Tabu Search,1079.000000000,1068.000000000,3,0
cubic_1000.txt,5,0.004999876,RVNS,1072.000000000,1068.000000000,4,0
cubic_1000.txt,5,0.006999969,Tabu Search,1067.000000000,1067.000000000,5,1
cubic_1000.txt,5,0.006999969,RVNS,1066.000000000,1066.000000000,5,1
cubic_1000.txt,5,0.008999825,Tabu Search,1069.000000000,1066.000000000,5,0
cubic_1000.txt,5,0.010999918,RVNS,1071.000000000,1066.000000000,5,0
cubic_1000.txt,5,0.014999866,Tabu Search,1064.000000000,1064.000000000,5,1
cubic_1000.txt,5,0.016999960,RVNS,1063.000000000,1063.000000000,5,1
cubic_1000.txt,5,0.027999878,RVNS,1065.000000000,1063.000000000,5,0
cubic_1000.txt,5,0.030999899,Tabu Search,1062.000000000,1062.000000000,5,1
cubic_1000.txt,5,1.970000029,ACO,1060.000000000,1060.000000000,5,1
cubic_1000.txt,5,2.622999907,HHO,917.000000000,917.000000000,5,1
cubic_1000.txt,5,3.556999922,ACO,909.000000000,909.000000000,5,1
cubic_1000.txt,5,4.328999996,ACO,897.000000000,897.000000000,5,1
cubic_1000.txt,5,5.325000048,ACO,898.000000000,897.000000000,5,0
cubic_1000.txt,5,6.264999866,ACO,911.000000000,897.000000000,5,0
cubic_1000.txt,5,7.036999941,ACO,901.000000000,897.000000000,5,0
cubic_1000.txt,5,7.896999836,ACO,895.000000000,895.000000000,5,1
cubic_1000.txt,5,8.674000025,ACO,900.000000000,895.000000000,5,0
cubic_1000.txt,5,9.434999943,ACO,882.000000000,882.000000000,5,1
cubic_1000.txt,5,10.269999981,ACO,874.000000000,874.000000000,5,1
cubic_1000.txt,5,10.930999994,HHO,890.000000000,874.000000000,5,0
cubic_1000.txt,5,13.257999897,ACO,893.000000000,874.000000000,5,0
cubic_1000.txt,5,15.399999857,ACO,891.000000000,874.000000000,5,0
cubic_1000.txt,5,16.641999960,ACO,888.000000000,874.000000000,5,0
cubic_1000.txt,5,18.481999874,ACO,884.000000000,874.000000000,5,0
cubic_1000.txt,5,19.445999861,ACO,885.000000000,874.000000000,5,0
cubic_1000.txt,5,20.269999981,ACO,886.000000000,874.000000000,5,0
cubic_1000.txt,5,22.687000036,ACO,880.000000000,874.000000000,5,0
cubic_1000.txt,5,23.463999987,ACO,873.000000000,873.000000000,5,1
cubic_1000.txt,6,0.006000042,RVNS,1092.000000000,1092.000000000,1,1
cubic_1000.txt,6,0.006000042,Tabu Search,1085.000000000,1085.000000000,2,1
cubic_1000.txt,6,0.011000156,Tabu Search,1084.000000000,1084.000000000,3,1
cubic_1000.txt,6,0.011000156,RVNS,1087.000000000,1084.000000000,4,0
cubic_1000.txt,6,0.013000011,Tabu Search,1083.000000000,1083.000000000,5,1
cubic_1000.txt,6,0.013000011,RVNS,1082.000000000,1082.000000000,5,1
cubic_1000.txt,6,0.018000126,Tabu Search,1081.000000000,1081.000000000,5,1
cubic_1000.txt,6,0.028000116,Tabu Search,1080.000000000,1080.000000000,5,1
cubic_1000.txt,6,0.062999964,RVNS,1079.000000000,1079.000000000,5,1
cubic_1000.txt,6,1.098000050,ACO,1057.000000000,1057.000000000,5,1
cubic_1000.txt,6,1.967999935,ACO,1053.000000000,1053.000000000,5,1
cubic_1000.txt,6,2.549999952,HHO,893.000000000,893.000000000,5,1
cubic_1000.txt,6,2.796999931,ACO,1051.000000000,893.000000000,5,0
cubic_1000.txt,6,3.680000067,ACO,1048.000000000,893.000000000,5,0
cubic_1000.txt,6,4.416000128,ACO,1050.000000000,893.000000000,5,0
cubic_1000.txt,6,4.978000164,HHO,912.000000000,893.000000000,5,0
cubic_1000.txt,6,5.205000162,ACO,1046.000000000,893.000000000,5,0
cubic_1000.txt,6,6.002000093,ACO,892.000000000,892.000000000,5,1
cubic_1000.txt,6,6.784000158,ACO,908.000000000,892.000000000,5,0
cubic_1000.txt,6,7.401000023,HHO,897.000000000,892.000000000,5,0
cubic_1000.txt,6,8.263000011,ACO,907.000000000,892.000000000,5,0
cubic_1000.txt,6,9.972000122,ACO,891.000000000,891.000000000,5,1
cubic_1000.txt,6,10.338999987,HHO,899.000000000,891.000000000,5,0
cubic_1000.txt,6,10.763000011,ACO,887.000000000,887.000000000,5,1
cubic_1000.txt,6,11.506999969,ACO,880.000000000,880.000000000,5,1
cubic_1000.txt,6,12.256999969,ACO,874.000000000,874.000000000,5,1
cubic_1000.txt,6,13.077000141,ACO,870.000000000,870.000000000,5,1
cubic_1000.txt,6,15.003999949,ACO,886.000000000,870.000000000,5,0
cubic_1000.txt,6,15.909000158,ACO,883.000000000,870.000000000,5,0
cubic_1000.txt,6,18.592999935,ACO,881.000000000,870.000000000,5,0
cubic_1000.txt,6,20.377000093,ACO,875.000000000,870.000000000,5,0
cubic_1000.txt,7,0.004000187,Tabu Search,1113.000000000,1113.000000000,1,1
cubic_1000.txt,7,0.005000114,RVNS,1101.000000000,1101.000000000,2,1
cubic_1000.txt,7,0.006000042,RVNS,1111.000000000,1101.000000000,3,0
cubic_1000.txt,7,0.006000042,Tabu Search,1105.000000000,1101.000000000,4,0
cubic_1000.txt,7,0.006999969,RVNS,1112.000000000,1101.000000000,5,0
cubic_1000.txt,7,0.009000063,Tabu Search,1102.000000000,1101.000000000,5,0
cubic_1000.txt,7,0.013000011,RVNS,1104.000000000,1101.000000000,5,0
cubic_1000.txt,7,0.014000177,Tabu Search,1103.000000000,1101.000000000,5,0
cubic_1000.txt,7,0.016000032,RVNS,1099.000000000,1099.000000000,5,1
cubic_1000.txt,7,0.018000126,RVNS,1100.000000000,1099.000000000,5,0
cubic_1000.txt,7,0.055999994,Tabu Search,1098.000000000,1098.000000000,5,1
cubic_1000.txt,7,1.091000080,ACO,1068.000000000,1068.000000000,5,1
cubic_1000.txt,7,1.863000154,ACO,1065.000000000,1065.000000000,5,1
cubic_1000.txt,7,2.417999983,HHO,896.000000000,896.000000000,5,1
cubic_1000.txt,7,2.631999969,ACO,1060.000000000,896.000000000,5,0
cubic_1000.txt,7,3.383000135,ACO,1050.000000000,896.000000000,5,0
cubic_1000.txt,7,4.199000120,ACO,1058.000000000,896.000000000,5,0
cubic_1000.txt,7,4.694000006,HHO,906.000000000,896.000000000,5,0
cubic_1000.txt,7,5.011000156,ACO,1043.000000000,896.000000000,5,0
cubic_1000.txt,7,6.795000076,ACO,900.000000000,896.000000000,5,0
cubic_1000.txt,7,7.598000050,ACO,904.000000000,896.000000000,5,0
cubic_1000.txt,7,9.279999971,ACO,894.000000000,894.000000000,5,1
cubic_1000.txt,7,10.137000084,ACO,893.000000000,893.000000000,5,1
cubic_1000.txt,7,10.598999977,HHO,891.000000000,891.000000000,5,1
cubic_1000.txt,7,10.902000189,ACO,895.000000000,891.000000000,5,0
cubic_1000.txt,7,13.404000044,ACO,880.000000000,880.000000000,5,1
cubic_1000.txt,7,15.002000093,ACO,888.000000000,880.000000000,5,0
cubic_1000.txt,7,15.842000008,ACO,892.000000000,880.000000000,5,0
cubic_1000.txt,7,16.811000109,HHO,887.000000000,880.000000000,5,0
cubic_1000.txt,7,19.881999969,ACO,889.000000000,880.000000000,5,0
cubic_1000.txt,7,20.824000120,ACO,884.000000000,880.000000000,5,0
cubic_1000.txt,7,22.608999968,ACO,871.000000000,871.000000000,5,1
cubic_1000.txt,7,23.344000101,ACO,869.000000000,869.000000000,5,1
cubic_1000.txt,8,0.003000021,Tabu Search,1117.000000000,1117.000000000,1,1
cubic_1000.txt,8,0.004000187,RVNS,1123.000000000,1117.000000000,2,0
cubic_1000.txt,8,0.004000187,Tabu Search,1111.000000000,1111.000000000,3,1
cubic_1000.txt,8,0.006000042,RVNS,1122.000000000,1111.000000000,4,0
cubic_1000.txt,8,0.006000042,Tabu Search,1116.000000000,1111.000000000,5,0
cubic_1000.txt,8,0.009000063,Tabu Search,1115.000000000,1111.000000000,5,0
cubic_1000.txt,8,0.009000063,RVNS,1112.000000000,1111.000000000,5,0
cubic_1000.txt,8,0.014000177,RVNS,1114.000000000,1111.000000000,5,0
cubic_1000.txt,8,0.016000032,RVNS,1113.000000000,1111.000000000,5,0
cubic_1000.txt,8,0.060000181,Tabu Search,1109.000000000,1109.000000000,5,1
cubic_1000.txt,8,0.944000006,ACO,1077.000000000,1077.000000000,5,1
cubic_1000.txt,8,1.706000090,ACO,1067.000000000,1067.000000000,5,1
cubic_1000.txt,8,2.354000092,HHO,893.000000000,893.000000000,5,1
cubic_1000.txt,8,2.489000082,ACO,1052.000000000,893.000000000,5,0
cubic_1000.txt,8,3.244000196,ACO,1051.000000000,893.000000000,5,0
cubic_1000.txt,8,4.042999983,ACO,1043.000000000,893.000000000,5,0
cubic_1000.txt,8,4.761000156,HHO,903.000000000,893.000000000,5,0
cubic_1000.txt,8,5.560000181,ACO,1047.000000000,893.000000000,5,0
cubic_1000.txt,8,6.391000032,ACO,1041.000000000,893.000000000,5,0
cubic_1000.txt,8,7.261000156,ACO,1039.000000000,893.000000000,5,0
cubic_1000.txt,8,7.394000053,HHO,905.000000000,893.000000000,5,0
cubic_1000.txt,8,8.819000006,ACO,875.000000000,875.000000000,5,1
cubic_1000.txt,8,10.364000082,HHO,909.000000000,875.000000000,5,0
cubic_1000.txt,8,11.268000126,ACO,900.000000000,875.000000000,5,0
cubic_1000.txt,8,12.103000164,ACO,886.000000000,875.000000000,5,0
cubic_1000.txt,8,13.590000153,HHO,898.000000000,875.000000000,5,0
cubic_1000.txt,8,13.762000084,ACO,897.000000000,875.000000000,5,0
cubic_1000.txt,8,14.662000179,ACO,887.000000000,875.000000000,5,0
cubic_1000.txt,8,15.607000113,ACO,892.000000000,875.000000000,5,0
cubic_1000.txt,8,16.399000168,ACO,888.000000000,875.000000000,5,0
cubic_1000.txt,8,17.939000130,ACO,882.000000000,875.000000000,5,0
cubic_1000.txt,8,18.733000040,ACO,885.000000000,875.000000000,5,0
cubic_1000.txt,8,23.336000204,ACO,869.000000000,869.000000000,5,1
cubic_1000.txt,9,0.004000187,Tabu Search,1096.000000000,1096.000000000,1,1
cubic_1000.txt,9,0.004000187,RVNS,1142.000000000,1096.000000000,2,0
cubic_1000.txt,9,0.006000042,Tabu Search,1098.000000000,1096.000000000,3,0
cubic_1000.txt,9,0.007000208,RVNS,1094.000000000,1094.000000000,4,1
cubic_1000.txt,9,0.008000135,Tabu Search,1099.000000000,1094.000000000,5,0
cubic_1000.txt,9,0.009000063,RVNS,1097.000000000,1094.000000000,5,0
cubic_1000.txt,9,0.013000011,RVNS,1095.000000000,1094.000000000,5,0
cubic_1000.txt,9,0.015000105,RVNS,1092.000000000,1092.000000000,5,1
cubic_1000.txt,9,0.020000219,Tabu Search,1093.000000000,1092.000000000,5,0
cubic_1000.txt,9,0.944000006,ACO,1063.000000000,1063.000000000,5,1
cubic_1000.txt,9,1.817000151,ACO,1057.000000000,1057.000000000,5,1
cubic_1000.txt,9,2.335000038,HHO,904.000000000,904.000000000,5,1
cubic_1000.txt,9,2.632000208,ACO,1053.000000000,904.000000000,5,0
cubic_1000.txt,9,3.453999996,ACO,1049.000000000,904.000000000,5,0
cubic_1000.txt,9,4.290000200,ACO,1051.000000000,904.000000000,5,0
cubic_1000.txt,9,4.823000193,HHO,889.000000000,889.000000000,5,1
cubic_1000.txt,9,5.155000210,ACO,1040.000000000,889.000000000,5,0
cubic_1000.txt,9,5.983000040,ACO,905.000000000,889.000000000,5,0
cubic_1000.txt,9,6.794000149,ACO,901.000000000,889.000000000,5,0
cubic_1000.txt,9,7.555000067,HHO,900.000000000,889.000000000,5,0
cubic_1000.txt,9,7.595000029,ACO,897.000000000,889.000000000,5,0
cubic_1000.txt,9,8.345000029,ACO,885.000000000,885.000000000,5,1
cubic_1000.txt,9,9.128000021,ACO,895.000000000,885.000000000,5,0
cubic_1000.txt,9,10.761000156,ACO,886.000000000,885.000000000,5,0
cubic_1000.txt,9,13.101000071,ACO,894.000000000,885.000000000,5,0
cubic_1000.txt,9,14.653000116,ACO,887.000000000,885.000000000,5,0
cubic_1000.txt,9,15.412000179,ACO,880.000000000,880.000000000,5,1
cubic_1000.txt,9,17.752000093,ACO,873.000000000,873.000000000,5,1
cubic_1000.txt,9,18.661000013,ACO,883.000000000,873.000000000,5,0
cubic_1000.txt,9,20.459000111,ACO,877.000000000,873.000000000,5,0
cubic_1000.txt,9,21.444000006,ACO,884.000000000,873.000000000,5,0
cubic_1000.txt,10,0.003000021,Tabu Search,1104.000000000,1104.000000000,1,1
cubic_1000.txt,10,0.003999949,RVNS,1084.000000000,1084.000000000,2,1
cubic_1000.txt,10,0.003999949,Tabu Search,1103.000000000,1084.000000000,3,0
cubic_1000.txt,10,0.005999804,Tabu Search,1083.000000000,1083.000000000,4,1
cubic_1000.txt,10,0.005999804,RVNS,1081.000000000,1081.000000000,5,1
cubic_1000.txt,10,0.007999897,Tabu Search,1082.000000000,1081.000000000,5,0
cubic_1000.txt,10,0.007999897,RVNS,1098.000000000,1081.000000000,5,0
cubic_1000.txt,10,0.009999990,RVNS,1085.000000000,1081.000000000,5,0
cubic_1000.txt,10,0.016000032,Tabu Search,1080.000000000,1080.000000000,5,1
cubic_1000.txt,10,0.063999891,Tabu Search,1079.000000000,1079.000000000,5,1
cubic_1000.txt,10,0.916999817,ACO,1060.000000000,1060.000000000,5,1
cubic_1000.txt,10,1.694000006,ACO,1064.000000000,1060.000000000,5,0
cubic_1000.txt,10,2.270999908,HHO,899.000000000,899.000000000,5,1
cubic_1000.txt,10,2.470000029,ACO,1057.000000000,899.000000000,5,0
cubic_1000.txt,10,3.309999943,ACO,1055.000000000,899.000000000,5,0
cubic_1000.txt,10,4.213999987,ACO,1049.000000000,899.000000000,5,0
cubic_1000.txt,10,4.717000008,HHO,885.000000000,885.000000000,5,1
cubic_1000.txt,10,4.967999935,ACO,1035.000000000,885.000000000,5,0
cubic_1000.txt,10,5.726999998,ACO,902.000000000,885.000000000,5,0
cubic_1000.txt,10,6.465999842,ACO,893.000000000,885.000000000,5,0
cubic_1000.txt,10,7.145999908,HHO,896.000000000,885.000000000,5,0
cubic_1000.txt,10,7.222999811,ACO,894.000000000,885.000000000,5,0
cubic_1000.txt,10,13.190999985,ACO,892.000000000,885.000000000,5,0
cubic_1000.txt,10,14.028999805,ACO,888.000000000,885.000000000,5,0
cubic_1000.txt,10,14.794999838,ACO,889.000000000,885.000000000,5,0
cubic_1000.txt,10,15.567999840,ACO,886.000000000,885.000000000,5,0
cubic_1000.txt,10,17.210000038,ACO,875.000000000,875.000000000,5,1
cubic_1000.txt,10,18.023999929,ACO,887.000000000,875.000000000,5,0
cubic_1000.txt,10,19.521999836,ACO,883.000000000,875.000000000,5,0
cubic_1000.txt,10,21.011999846,ACO,882.000000000,875.000000000,5,0
cubic_1100.txt,1,0.005000114,RVNS,1200.000000000,1200.000000000,1,1
cubic_1100.txt,1,0.005000114,Tabu Search,1253.000000000,1200.000000000,2,0
cubic_1100.txt,1,0.006999969,RVNS,1256.000000000,1200.000000000,3,0
cubic_1100.txt,1,0.006999969,Tabu Search,1198.000000000,1198.000000000,4,1
cubic_1100.txt,1,0.008000135,Tabu Search,1202.000000000,1198.000000000,5,0
cubic_1100.txt,1,0.011000156,Tabu Search,1199.000000000,1198.000000000,5,0
cubic_1100.txt,1,0.012000084,Tabu Search,1204.000000000,1198.000000000,5,0
cubic_1100.txt,1,0.013000011,Tabu Search,1201.000000000,1198.000000000,5,0
cubic_1100.txt,1,0.016000032,Tabu Search,1196.000000000,1196.000000000,5,1
cubic_1100.txt,1,0.026000023,Tabu Search,1197.000000000,1196.000000000,5,0
cubic_1100.txt,1,0.972000122,ACO,1171.000000000,1171.000000000,5,1
cubic_1100.txt,1,1.749000072,ACO,1168.000000000,1168.000000000,5,1
cubic_1100.txt,1,2.380000114,HHO,974.000000000,974.000000000,5,1
cubic_1100.txt,1,2.582000017,ACO,1173.000000000,974.000000000,5,0
cubic_1100.txt,1,4.296000004,ACO,1148.000000000,974.000000000,5,0
cubic_1100.txt,1,5.292000055,ACO,1142.000000000,974.000000000,5,0
cubic_1100.txt,1,5.297000170,HHO,975.000000000,974.000000000,5,0
cubic_1100.txt,1,6.130000114,ACO,1144.000000000,974.000000000,5,0
cubic_1100.txt,1,6.902000189,ACO,1145.000000000,974.000000000,5,0
cubic_1100.txt,1,8.011000156,HHO,959.000000000,959.000000000,5,1
cubic_1100.txt,1,8.447000027,ACO,948.000000000,948.000000000,5,1
cubic_1100.txt,1,9.219000101,ACO,969.000000000,948.000000000,5,0
cubic_1100.txt,1,10.078999996,ACO,972.000000000,948.000000000,5,0
cubic_1100.txt,1,11.702000141,ACO,962.000000000,948.000000000,5,0
cubic_1100.txt,1,14.797000170,ACO,966.000000000,948.000000000,5,0
cubic_1100.txt,1,17.350000143,ACO,964.000000000,948.000000000,5,0
cubic_1100.txt,1,25.343000174,ACO,961.000000000,948.000000000,5,0
cubic_1100.txt,2,0.003000021,RVNS,1228.000000000,1228.000000000,1,1
cubic_1100.txt,2,0.003999949,Tabu Search,1216.000000000,1216.000000000,2,1
cubic_1100.txt,2,0.003999949,RVNS,1227.000000000,1216.000000000,3,0
cubic_1100.txt,2,0.006000042,Tabu Search,1218.000000000,1216.000000000,4,0
cubic_1100.txt,2,0.006000042,RVNS,1223.000000000,1216.000000000,5,0
cubic_1100.txt,2,0.007999897,RVNS,1215.000000000,1215.000000000,5,1
cubic_1100.txt,2,0.009999990,Tabu Search,1214.000000000,1214.000000000,5,1
cubic_1100.txt,2,0.010999918,RVNS,1220.000000000,1214.000000000,5,0
cubic_1100.txt,2,0.014999866,Tabu Search,1213.000000000,1213.000000000,5,1
cubic_1100.txt,2,0.016000032,RVNS,1217.000000000,1213.000000000,5,0
cubic_1100.txt,2,0.019000053,RVNS,1211.000000000,1211.000000000,5,1
cubic_1100.txt,2,0.032999992,Tabu Search,1212.000000000,1211.000000000,5,0
cubic_1100.txt,2,0.103999853,Tabu Search,1210.000000000,1210.000000000,5,1
cubic_1100.txt,2,0.955999851,ACO,1175.000000000,1175.000000000,5,1
cubic_1100.txt,2,1.733000040,ACO,1172.000000000,1172.000000000,5,1
cubic_1100.txt,2,2.417000055,HHO,976.000000000,976.000000000,5,1
cubic_1100.txt,2,2.504999876,ACO,1167.000000000,976.000000000,5,0
cubic_1100.txt,2,4.289000034,ACO,1159.000000000,976.000000000,5,0
cubic_1100.txt,2,5.063999891,ACO,1148.000000000,976.000000000,5,0
cubic_1100.txt,2,5.144999981,HHO,989.000000000,976.000000000,5,0
cubic_1100.txt,2,5.799000025,ACO,1138.000000000,976.000000000,5,0
cubic_1100.txt,2,6.559999943,ACO,986.000000000,976.000000000,5,0
cubic_1100.txt,2,7.376999855,ACO,981.000000000,976.000000000,5,0
cubic_1100.txt,2,7.921000004,HHO,968.000000000,968.000000000,5,1
cubic_1100.txt,2,10.019999981,ACO,974.000000000,968.000000000,5,0
cubic_1100.txt,2,10.793999910,ACO,984.000000000,968.000000000,5,0
cubic_1100.txt,2,11.221999884,HHO,978.000000000,968.000000000,5,0
cubic_1100.txt,2,13.894999981,ACO,967.000000000,967.000000000,5,1
cubic_1100.txt,2,14.443000078,HHO,977.000000000,967.000000000,5,0
cubic_1100.txt,2,14.779999971,ACO,959.000000000,959.000000000,5,1
cubic_1100.txt,2,15.637000084,ACO,956.000000000,956.000000000,5,1
cubic_1100.txt,2,16.399999857,ACO,970.000000000,956.000000000,5,0
cubic_1100.txt,2,19.447999954,ACO,961.000000000,956.000000000,5,0
cubic_1100.txt,2,22.190999985,ACO,954.000000000,954.000000000,5,1
cubic_1100.txt,2,23.042999983,ACO,952.000000000,952.000000000,5,1
cubic_1100.txt,2,23.866999865,ACO,955.000000000,952.000000000,5,0
cubic_1100.txt,3,0.006000042,Tabu Search,1241.000000000,1241.000000000,1,1
cubic_1100.txt,3,0.006000042,RVNS,1233.000000000,1233.000000000,2,1
cubic_1100.txt,3,0.008000135,RVNS,1230.000000000,1230.000000000,3,1
cubic_1100.txt,3,0.008000135,Tabu Search,1231.000000000,1230.000000000,4,0
cubic_1100.txt,3,0.011000156,RVNS,1229.000000000,1229.000000000,5,1
cubic_1100.txt,3,0.013000011,Tabu Search,1228.000000000,1228.000000000,5,1
cubic_1100.txt,3,0.015000105,RVNS,1227.000000000,1227.000000000,5,1
cubic_1100.txt,3,1.079999924,ACO,1178.000000000,1178.000000000,5,1
cubic_1100.txt,3,1.858000040,ACO,1166.000000000,1166.000000000,5,1
cubic_1100.txt,3,2.486999989,HHO,973.000000000,973.000000000,5,1
cubic_1100.txt,3,2.605999947,ACO,1168.000000000,973.000000000,5,0
cubic_1100.txt,3,3.364000082,ACO,1154.000000000,973.000000000,5,0
cubic_1100.txt,3,4.123000145,ACO,1149.000000000,973.000000000,5,0
cubic_1100.txt,3,4.880000114,ACO,1148.000000000,973.000000000,5,0
cubic_1100.txt,3,5.671999931,ACO,1145.000000000,973.000000000,5,0
cubic_1100.txt,3,7.268000126,ACO,979.000000000,973.000000000,5,0
cubic_1100.txt,3,7.643000126,HHO,985.000000000,973.000000000,5,0
cubic_1100.txt,3,8.042999983,ACO,975.000000000,973.000000000,5,0
cubic_1100.txt,3,8.893000126,ACO,967.000000000,967.000000000,5,1
cubic_1100.txt,3,10.452000141,ACO,974.000000000,967.000000000,5,0
cubic_1100.txt,3,10.663000107,HHO,972.000000000,967.000000000,5,0
cubic_1100.txt,3,13.153000116,ACO,965.000000000,965.000000000,5,1
cubic_1100.txt,3,16.613000154,ACO,960.000000000,960.000000000,5,1
cubic_1100.txt,3,17.390000105,ACO,962.000000000,960.000000000,5,0
cubic_1100.txt,3,19.888000011,ACO,964.000000000,960.000000000,5,0
cubic_1100.txt,3,20.680000067,ACO,961.000000000,960.000000000,5,0
cubic_1100.txt,3,22.197000027,ACO,959.000000000,959.000000000,5,1
cubic_1100.txt,3,24.716000080,ACO,958.000000000,958.000000000,5,1
cubic_1100.txt,4,0.005000114,RVNS,1254.000000000,1254.000000000,1,1
cubic_1100.txt,4,0.005000114,Tabu Search,1196.000000000,1196.000000000,2,1
cubic_1100.txt,4,0.006999969,RVNS,1202.000000000,1196.000000000,3,0
cubic_1100.txt,4,0.006999969,Tabu Search,1200.000000000,1196.000000000,4,0
cubic_1100.txt,4,0.007999897,RVNS,1199.000000000,1196.000000000,5,0
cubic_1100.txt,4,0.007999897,Tabu Search,1198.000000000,1196.000000000,5,0
cubic_1100.txt,4,0.010999918,RVNS,1197.000000000,1196.000000000,5,0
cubic_1100.txt,4,0.017999887,Tabu Search,1195.000000000,1195.000000000,5,1
cubic_1100.txt,4,0.069000006,RVNS,1194.000000000,1194.000000000,5,1
cubic_1100.txt,4,0.983000040,ACO,1182.000000000,1182.000000000,5,1
cubic_1100.txt,4,1.756999969,ACO,1167.000000000,1167.000000000,5,1
cubic_1100.txt,4,2.584000111,HHO,965.000000000,965.000000000,5,1
cubic_1100.txt,4,2.637000084,ACO,1152.000000000,965.000000000,5,0
cubic_1100.txt,4,3.635999918,ACO,1158.000000000,965.000000000,5,0
cubic_1100.txt,4,4.493000031,ACO,1153.000000000,965.000000000,5,0
cubic_1100.txt,4,5.332999945,ACO,986.000000000,965.000000000,5,0
cubic_1100.txt,4,5.460000038,HHO,993.000000000,965.000000000,5,0
cubic_1100.txt,4,6.132999897,ACO,981.000000000,965.000000000,5,0
cubic_1100.txt,4,6.924000025,ACO,958.000000000,958.000000000,5,1
cubic_1100.txt,4,7.704999924,ACO,987.000000000,958.000000000,5,0
cubic_1100.txt,4,8.151999950,HHO,979.000000000,958.000000000,5,0
cubic_1100.txt,4,10.345000029,ACO,977.000000000,958.000000000,5,0
cubic_1100.txt,4,11.836999893,HHO,974.000000000,958.000000000,5,0
cubic_1100.txt,4,12.421000004,ACO,964.000000000,958.000000000,5,0
cubic_1100.txt,4,13.276000023,ACO,952.000000000,952.000000000,5,1
cubic_1100.txt,4,14.844000101,ACO,951.000000000,951.000000000,5,1
cubic_1100.txt,4,15.628000021,ACO,953.000000000,951.000000000,5,0
cubic_1100.txt,4,19.361999989,ACO,959.000000000,951.000000000,5,0
cubic_1100.txt,4,21.884999990,ACO,949.000000000,949.000000000,5,1
cubic_1100.txt,4,25.687999964,ACO,956.000000000,949.000000000,5,0
cubic_1100.txt,5,0.003999949,RVNS,1240.000000000,1240.000000000,1,1
cubic_1100.txt,5,0.004999876,Tabu Search,1249.000000000,1240.000000000,2,0
cubic_1100.txt,5,0.004999876,RVNS,1238.000000000,1238.000000000,3,1
cubic_1100.txt,5,0.007999897,Tabu Search,1237.000000000,1237.000000000,4,1
cubic_1100.txt,5,0.009999990,Tabu Search,1239.000000000,1237.000000000,5,0
cubic_1100.txt,5,0.014999866,Tabu Search,1241.000000000,1237.000000000,5,0
cubic_1100.txt,5,0.017999887,Tabu Search,1236.000000000,1236.000000000,5,1
cubic_1100.txt,5,0.036000013,Tabu Search,1235.000000000,1235.000000000,5,1
cubic_1100.txt,5,1.020999908,ACO,1169.000000000,1169.000000000,5,1
cubic_1100.txt,5,2.515999794,HHO,974.000000000,974.000000000,5,1
cubic_1100.txt,5,2.583999872,ACO,1146.000000000,974.000000000,5,0
cubic_1100.txt,5,3.435999870,ACO,1141.000000000,974.000000000,5,0
cubic_1100.txt,5,4.992999792,ACO,1140.000000000,974.000000000,5,0
cubic_1100.txt,5,5.139999866,HHO,982.000000000,974.000000000,5,0
cubic_1100.txt,5,5.930999994,ACO,1007.000000000,974.000000000,5,0
cubic_1100.txt,5,6.967000008,ACO,972.000000000,972.000000000,5,1
cubic_1100.txt,5,7.796999931,ACO,986.000000000,972.000000000,5,0
cubic_1100.txt,5,8.248999834,HHO,981.000000000,972.000000000,5,0
cubic_1100.txt,5,10.176999807,ACO,984.000000000,972.000000000,5,0
cubic_1100.txt,5,11.101999998,ACO,975.000000000,972.000000000,5,0
cubic_1100.txt,5,12.636999846,ACO,977.000000000,972.000000000,5,0
cubic_1100.txt,5,13.430999994,ACO,968.000000000,968.000000000,5,1
cubic_1100.txt,5,14.189999819,ACO,965.000000000,965.000000000,5,1
cubic_1100.txt,5,14.961999893,ACO,967.000000000,965.000000000,5,0
cubic_1100.txt,5,16.969999790,ACO,971.000000000,965.000000000,5,0
cubic_1100.txt,5,18.542999983,ACO,964.000000000,964.000000000,5,1
cubic_1100.txt,5,24.408999920,ACO,962.000000000,962.000000000,5,1
cubic_1100.txt,6,0.005000114,RVNS,1228.000000000,1228.000000000,1,1
cubic_1100.txt,6,0.005000114,Tabu Search,1233.000000000,1228.000000000,2,0
cubic_1100.txt,6,0.007000208,RVNS,1225.000000000,1225.000000000,3,1
cubic_1100.txt,6,0.007000208,Tabu Search,1224.000000000,1224.000000000,4,1
cubic_1100.txt,6,0.009999990,Tabu Search,1232.000000000,1224.000000000,5,0
cubic_1100.txt,6,0.009999990,RVNS,1229.000000000,1224.000000000,5,0
cubic_1100.txt,6,0.014000177,RVNS,1230.000000000,1224.000000000,5,0
cubic_1100.txt,6,0.040000200,RVNS,1227.000000000,1224.000000000,5,0
cubic_1100.txt,6,0.106000185,RVNS,1226.000000000,1224.000000000,5,0
cubic_1100.txt,6,1.105000019,ACO,1168.000000000,1168.000000000,5,1
cubic_1100.txt,6,1.861000061,ACO,1165.000000000,1165.000000000,5,1
cubic_1100.txt,6,2.445000172,HHO,998.000000000,998.000000000,5,1
cubic_1100.txt,6,2.628000021,ACO,1160.000000000,998.000000000,5,0
cubic_1100.txt,6,3.420000076,ACO,1164.000000000,998.000000000,5,0
cubic_1100.txt,6,4.921000004,HHO,978.000000000,978.000000000,5,1
cubic_1100.txt,6,4.979000092,ACO,1154.000000000,978.000000000,5,0
cubic_1100.txt,6,5.861000061,ACO,985.000000000,978.000000000,5,0
cubic_1100.txt,6,6.613000154,ACO,983.000000000,978.000000000,5,0
cubic_1100.txt,6,7.360000134,ACO,984.000000000,978.000000000,5,0
cubic_1100.txt,6,7.694000006,HHO,987.000000000,978.000000000,5,0
cubic_1100.txt,6,8.133000135,ACO,979.000000000,978.000000000,5,0
cubic_1100.txt,6,8.917000055,ACO,977.000000000,977.000000000,5,1
cubic_1100.txt,6,14.037000179,ACO,968.000000000,968.000000000,5,1
cubic_1100.txt,6,14.923000097,ACO,975.000000000,968.000000000,5,0
cubic_1100.txt,6,15.809000015,ACO,973.000000000,968.000000000,5,0
cubic_1100.txt,6,17.452000141,ACO,961.000000000,961.000000000,5,1
cubic_1100.txt,6,18.282999992,ACO,955.000000000,955.000000000,5,1
cubic_1100.txt,6,19.040000200,ACO,963.000000000,955.000000000,5,0
cubic_1100.txt,6,19.802000046,ACO,972.000000000,955.000000000,5,0
cubic_1100.txt,6,20.564000130,ACO,950.000000000,950.000000000,5,1
cubic_1100.txt,6,21.317000151,ACO,967.000000000,950.000000000,5,0
cubic_1100.txt,6,22.117000103,ACO,947.000000000,947.000000000,5,1
cubic_1100.txt,6,24.662000179,ACO,962.000000000,947.000000000,5,0
cubic_1100.txt,7,0.003999949,Tabu Search,1241.000000000,1241.000000000,1,1
cubic_1100.txt,7,0.004999876,RVNS,1233.000000000,1233.000000000,2,1
cubic_1100.txt,7,0.006000042,Tabu Search,1240.000000000,1233.000000000,3,0
cubic_1100.txt,7,0.007999897,Tabu Search,1228.000000000,1228.000000000,4,1
cubic_1100.txt,7,0.008999825,Tabu Search,1231.000000000,1228.000000000,5,0
cubic_1100.txt,7,0.011999846,RVNS,1230.000000000,1228.000000000,5,0
cubic_1100.txt,7,0.014999866,Tabu Search,1232.000000000,1228.000000000,5,0
cubic_1100.txt,7,0.023000002,RVNS,1229.000000000,1228.000000000,5,0
cubic_1100.txt,7,0.029999971,RVNS,1226.000000000,1226.000000000,5,1
cubic_1100.txt,7,0.039000034,RVNS,1227.000000000,1226.000000000,5,0
cubic_1100.txt,7,1.034999847,ACO,1165.000000000,1165.000000000,5,1
cubic_1100.txt,7,1.951999903,ACO,1163.000000000,1163.000000000,5,1
cubic_1100.txt,7,2.736999989,HHO,986.000000000,986.000000000,5,1
cubic_1100.txt,7,3.642999887,ACO,975.000000000,975.000000000,5,1
cubic_1100.txt,7,4.453999996,ACO,989.000000000,975.000000000,5,0
cubic_1100.txt,7,5.253999949,ACO,972.000000000,972.000000000,5,1
cubic_1100.txt,7,5.455999851,HHO,987.000000000,972.000000000,5,0
cubic_1100.txt,7,6.876999855,ACO,980.000000000,972.000000000,5,0
cubic_1100.txt,7,7.746999979,ACO,981.000000000,972.000000000,5,0
cubic_1100.txt,7,8.302000046,HHO,978.000000000,972.000000000,5,0
cubic_1100.txt,7,10.067999840,ACO,964.000000000,964.000000000,5,1
cubic_1100.txt,7,13.299999952,ACO,979.000000000,964.000000000,5,0
cubic_1100.txt,7,14.072000027,ACO,973.000000000,964.000000000,5,0
cubic_1100.txt,7,14.895999908,ACO,976.000000000,964.000000000,5,0
cubic_1100.txt,7,17.556999922,ACO,965.000000000,964.000000000,5,0
cubic_1100.txt,7,19.250000000,ACO,970.000000000,964.000000000,5,0
cubic_1100.txt,7,20.009999990,ACO,967.000000000,964.000000000,5,0
cubic_1100.txt,8,0.003000021,Tabu Search,1225.000000000,1225.000000000,1,1
cubic_1100.txt,8,0.003999949,RVNS,1237.000000000,1225.000000000,2,0
cubic_1100.txt,8,0.003999949,Tabu Search,1228.000000000,1225.000000000,3,0
cubic_1100.txt,8,0.006000042,RVNS,1239.000000000,1225.000000000,4,0
cubic_1100.txt,8,0.006000042,Tabu Search,1229.000000000,1225.000000000,5,0
cubic_1100.txt,8,0.006999969,RVNS,1234.000000000,1225.000000000,5,0
cubic_1100.txt,8,0.007999897,Tabu Search,1227.000000000,1225.000000000,5,0
cubic_1100.txt,8,0.009999990,RVNS,1224.000000000,1224.000000000,5,1
cubic_1100.txt,8,0.013000011,RVNS,1226.000000000,1224.000000000,5,0
cubic_1100.txt,8,0.032999992,Tabu Search,1223.000000000,1223.000000000,5,1
cubic_1100.txt,8,0.036999941,Tabu Search,1222.000000000,1222.000000000,5,1
cubic_1100.txt,8,0.967999935,ACO,1174.000000000,1174.000000000,5,1
cubic_1100.txt,8,1.723000050,ACO,1157.000000000,1157.000000000,5,1
cubic_1100.txt,8,2.471999884,HHO,977.000000000,977.000000000,5,1
cubic_1100.txt,8,3.286999941,ACO,997.000000000,977.000000000,5,0
cubic_1100.txt,8,4.052999973,ACO,971.000000000,971.000000000,5,1
cubic_1100.txt,8,4.948999882,ACO,992.000000000,971.000000000,5,0
cubic_1100.txt,8,5.123999834,HHO,959.000000000,959.000000000,5,1
cubic_1100.txt,8,5.806999922,ACO,989.000000000,959.000000000,5,0
cubic_1100.txt,8,6.685999870,ACO,967.000000000,959.000000000,5,0
cubic_1100.txt,8,8.105000019,HHO,982.000000000,959.000000000,5,0
cubic_1100.txt,8,8.335999966,ACO,981.000000000,959.000000000,5,0
cubic_1100.txt,8,9.148000002,ACO,979.000000000,959.000000000,5,0
cubic_1100.txt,8,10.702999830,ACO,975.000000000,959.000000000,5,0
cubic_1100.txt,8,11.497999907,ACO,968.000000000,959.000000000,5,0
cubic_1100.txt,8,19.934000015,ACO,970.000000000,959.000000000,5,0
cubic_1100.txt,8,21.759999990,ACO,961.000000000,959.000000000,5,0
cubic_1100.txt,8,22.529999971,ACO,958.000000000,958.000000000,5,1
cubic_1100.txt,8,23.292999983,ACO,957.000000000,957.000000000,5,1
cubic_1100.txt,8,24.075000048,ACO,956.000000000,956.000000000,5,1
cubic_1100.txt,8,24.865000010,ACO,946.000000000,946.000000000,5,1
cubic_1100.txt,9,0.002999783,Tabu Search,1245.000000000,1245.000000000,1,1
cubic_1100.txt,9,0.003999949,RVNS,1238.000000000,1238.000000000,2,1
cubic_1100.txt,9,0.003999949,Tabu Search,1248.000000000,1238.000000000,3,0
cubic_1100.txt,9,0.005999804,Tabu Search,1239.000000000,1238.000000000,4,0
cubic_1100.txt,9,0.006999969,RVNS,1247.000000000,1238.000000000,5,0
cubic_1100.txt,9,0.007999897,Tabu Search,1236.000000000,1236.000000000,5,1
cubic_1100.txt,9,0.008999825,Tabu Search,1237.000000000,1236.000000000,5,0
cubic_1100.txt,9,0.008999825,RVNS,1240.000000000,1236.000000000,5,0
cubic_1100.txt,9,0.013999939,RVNS,1235.000000000,1235.000000000,5,1
cubic_1100.txt,9,0.019999981,Tabu Search,1234.000000000,1234.000000000,5,1
cubic_1100.txt,9,0.967999935,ACO,1180.000000000,1180.000000000,5,1
cubic_1100.txt,9,1.750000000,ACO,1157.000000000,1157.000000000,5,1
cubic_1100.txt,9,2.396999836,HHO,984.000000000,984.000000000,5,1
cubic_1100.txt,9,3.284999847,ACO,1162.000000000,984.000000000,5,0
cubic_1100.txt,9,4.092000008,ACO,1152.000000000,984.000000000,5,0
cubic_1100.txt,9,4.855999947,ACO,1150.000000000,984.000000000,5,0
cubic_1100.txt,9,4.860999823,HHO,975.000000000,975.000000000,5,1
cubic_1100.txt,9,5.635999918,ACO,974.000000000,974.000000000,5,1
cubic_1100.txt,9,6.396999836,ACO,986.000000000,974.000000000,5,0
cubic_1100.txt,9,7.174999952,ACO,990.000000000,974.000000000,5,0
cubic_1100.txt,9,7.450999975,HHO,982.000000000,974.000000000,5,0
cubic_1100.txt,9,8.019999981,ACO,967.000000000,967.000000000,5,1
cubic_1100.txt,9,8.800999880,ACO,976.000000000,967.000000000,5,0
cubic_1100.txt,9,9.704999924,ACO,978.000000000,967.000000000,5,0
cubic_1100.txt,9,10.719999790,HHO,961.000000000,961.000000000,5,1
cubic_1100.txt,9,12.548999786,ACO,962.000000000,961.000000000,5,0
cubic_1100.txt,9,14.240999937,HHO,971.000000000,961.000000000,5,0
cubic_1100.txt,9,17.347999811,ACO,970.000000000,961.000000000,5,0
cubic_1100.txt,9,20.418999910,ACO,966.000000000,961.000000000,5,0
cubic_1100.txt,10,0.003999949,RVNS,1212.000000000,1212.000000000,1,1
cubic_1100.txt,10,0.003999949,Tabu Search,1230.000000000,1212.000000000,2,0
cubic_1100.txt,10,0.006999969,Tabu Search,1213.000000000,1212.000000000,3,0
cubic_1100.txt,10,0.006999969,RVNS,1216.000000000,1212.000000000,4,0
cubic_1100.txt,10,0.009000063,RVNS,1215.000000000,1212.000000000,5,0
cubic_1100.txt,10,0.013999939,Tabu Search,1211.000000000,1211.000000000,5,1
cubic_1100.txt,10,0.016000032,RVNS,1209.000000000,1209.000000000,5,1
cubic_1100.txt,10,0.020999908,RVNS,1210.000000000,1209.000000000,5,0
cubic_1100.txt,10,1.391999960,ACO,1172.000000000,1172.000000000,5,1
cubic_1100.txt,10,2.401999950,ACO,1156.000000000,1156.000000000,5,1
cubic_1100.txt,10,3.165999889,HHO,991.000000000,991.000000000,5,1
cubic_1100.txt,10,3.303999901,ACO,1154.000000000,991.000000000,5,0
cubic_1100.txt,10,4.098000050,ACO,1158.000000000,991.000000000,5,0
cubic_1100.txt,10,4.866999865,ACO,972.000000000,972.000000000,5,1
cubic_1100.txt,10,5.750000000,HHO,975.000000000,972.000000000,5,0
cubic_1100.txt,10,6.432999849,ACO,980.000000000,972.000000000,5,0
cubic_1100.txt,10,7.201999903,ACO,973.000000000,972.000000000,5,0
cubic_1100.txt,10,8.083999872,ACO,965.000000000,965.000000000,5,1
cubic_1100.txt,10,8.842000008,ACO,978.000000000,965.000000000,5,0
cubic_1100.txt,10,12.779999971,ACO,968.000000000,965.000000000,5,0
cubic_1100.txt,10,14.381000042,ACO,970.000000000,965.000000000,5,0
cubic_1100.txt,10,14.852999926,HHO,969.000000000,965.000000000,5,0
cubic_1100.txt,10,16.096999884,ACO,966.000000000,965.000000000,5,0
cubic_1100.txt,10,20.164999962,ACO,964.000000000,964.000000000,5,1
cubic_1100.txt,10,22.411999941,ACO,959.000000000,959.000000000,5,1
cubic_1100.txt,10,25.575999975,ACO,967.000000000,959.000000000,5,0
cubic_1200.txt,1,0.004000187,RVNS,1331.000000000,1331.000000000,1,1
cubic_1200.txt,1,0.004000187,Tabu Search,1326.000000000,1326.000000000,2,1
cubic_1200.txt,1,0.005000114,RVNS,1336.000000000,1326.000000000,3,0
cubic_1200.txt,1,0.006000042,Tabu Search,1328.000000000,1326.000000000,4,0
cubic_1200.txt,1,0.008000135,RVNS,1334.000000000,1326.000000000,5,0
cubic_1200.txt,1,0.009000063,RVNS,1333.000000000,1326.000000000,5,0
cubic_1200.txt,1,0.009999990,Tabu Search,1327.000000000,1326.000000000,5,0
cubic_1200.txt,1,0.013000011,RVNS,1329.000000000,1326.000000000,5,0
cubic_1200.txt,1,0.015000105,Tabu Search,1330.000000000,1326.000000000,5,0
cubic_1200.txt,1,0.021000147,Tabu Search,1325.000000000,1325.000000000,5,1
cubic_1200.txt,1,0.044000149,Tabu Search,1323.000000000,1323.000000000,5,1
cubic_1200.txt,1,0.044000149,RVNS,1322.000000000,1322.000000000,5,1
cubic_1200.txt,1,0.049000025,RVNS,1321.000000000,1321.000000000,5,1
cubic_1200.txt,1,0.055999994,RVNS,1324.000000000,1321.000000000,5,0
cubic_1200.txt,1,1.167999983,ACO,1281.000000000,1281.000000000,5,1
cubic_1200.txt,1,1.992000103,ACO,1285.000000000,1281.000000000,5,0
cubic_1200.txt,1,2.851000071,ACO,1279.000000000,1279.000000000,5,1
cubic_1200.txt,1,2.985000134,HHO,1077.000000000,1077.000000000,5,1
cubic_1200.txt,1,3.674000025,ACO,1257.000000000,1077.000000000,5,0
cubic_1200.txt,1,4.637000084,ACO,1086.000000000,1077.000000000,5,0
cubic_1200.txt,1,5.537000179,ACO,1089.000000000,1077.000000000,5,0
cubic_1200.txt,1,6.009000063,HHO,1087.000000000,1077.000000000,5,0
cubic_1200.txt,1,6.356000185,ACO,1097.000000000,1077.000000000,5,0
cubic_1200.txt,1,7.130000114,ACO,1070.000000000,1070.000000000,5,1
cubic_1200.txt,1,7.921000004,ACO,1088.000000000,1070.000000000,5,0
cubic_1200.txt,1,8.860000134,HHO,1063.000000000,1063.000000000,5,1
cubic_1200.txt,1,9.493000031,ACO,1084.000000000,1063.000000000,5,0
cubic_1200.txt,1,10.328000069,ACO,1065.000000000,1063.000000000,5,0
cubic_1200.txt,1,11.118000031,ACO,1073.000000000,1063.000000000,5,0
cubic_1200.txt,1,11.904000044,ACO,1054.000000000,1054.000000000,5,1
cubic_1200.txt,1,12.844000101,ACO,1064.000000000,1054.000000000,5,0
cubic_1200.txt,1,15.036000013,ACO,1053.000000000,1053.000000000,5,1
cubic_1200.txt,1,15.875000000,ACO,1062.000000000,1053.000000000,5,0
cubic_1200.txt,1,16.662000179,ACO,1050.000000000,1050.000000000,5,1
cubic_1200.txt,1,20.098999977,ACO,1057.000000000,1050.000000000,5,0
cubic_1200.txt,1,24.436000109,ACO,1055.000000000,1050.000000000,5,0
cubic_1200.txt,1,27.627000093,ACO,1056.000000000,1050.000000000,5,0
cubic_1200.txt,2,0.003999949,RVNS,1355.000000000,1355.000000000,1,1
cubic_1200.txt,2,0.003999949,Tabu Search,1323.000000000,1323.000000000,2,1
cubic_1200.txt,2,0.006999969,RVNS,1324.000000000,1323.000000000,3,0
cubic_1200.txt,2,0.008999825,Tabu Search,1326.000000000,1323.000000000,4,0
cubic_1200.txt,2,0.010999918,Tabu Search,1320.000000000,1320.000000000,5,1
cubic_1200.txt,2,0.010999918,RVNS,1321.000000000,1320.000000000,5,0
cubic_1200.txt,2,0.013000011,RVNS,1322.000000000,1320.000000000,5,0
cubic_1200.txt,2,0.044999838,Tabu Search,1318.000000000,1318.000000000,5,1
cubic_1200.txt,2,0.065999985,RVNS,1319.000000000,1318.000000000,5,0
cubic_1200.txt,2,1.030999899,ACO,1285.000000000,1285.000000000,5,1
cubic_1200.txt,2,1.964999914,ACO,1279.000000000,1279.000000000,5,1
cubic_1200.txt,2,2.835999966,ACO,1265.000000000,1265.000000000,5,1
cubic_1200.txt,2,2.873999834,HHO,1096.000000000,1096.000000000,5,1
cubic_1200.txt,2,3.586999893,ACO,1263.000000000,1096.000000000,5,0
cubic_1200.txt,2,4.365000010,ACO,1259.000000000,1096.000000000,5,0
cubic_1200.txt,2,5.149999857,ACO,1254.000000000,1096.000000000,5,0
cubic_1200.txt,2,5.517999887,HHO,1081.000000000,1081.000000000,5,1
cubic_1200.txt,2,5.960000038,ACO,1251.000000000,1081.000000000,5,0
cubic_1200.txt,2,6.715999842,ACO,1085.000000000,1081.000000000,5,0
cubic_1200.txt,2,7.859999895,ACO,1074.000000000,1074.000000000,5,1
cubic_1200.txt,2,8.756000042,ACO,1076.000000000,1074.000000000,5,0
cubic_1200.txt,2,8.842000008,HHO,1077.000000000,1074.000000000,5,0
cubic_1200.txt,2,10.306999922,ACO,1080.000000000,1074.000000000,5,0
cubic_1200.txt,2,11.093999863,ACO,1070.000000000,1070.000000000,5,1
cubic_1200.txt,2,11.998999834,HHO,1068.000000000,1068.000000000,5,1
cubic_1200.txt,2,14.373999834,ACO,1065.000000000,1065.000000000,5,1
cubic_1200.txt,2,16.751999855,ACO,1055.000000000,1055.000000000,5,1
cubic_1200.txt,2,17.737999916,ACO,1067.000000000,1055.000000000,5,0
cubic_1200.txt,2,18.776999950,ACO,1056.000000000,1055.000000000,5,0
cubic_1200.txt,2,19.544999838,ACO,1063.000000000,1055.000000000,5,0
cubic_1200.txt,2,20.381000042,ACO,1057.000000000,1055.000000000,5,0
cubic_1200.txt,2,22.873999834,ACO,1050.000000000,1050.000000000,5,1
cubic_1200.txt,2,23.032999992,HHO,1059.000000000,1050.000000000,5,0
cubic_1200.txt,3,0.004000187,RVNS,1324.000000000,1324.000000000,1,1
cubic_1200.txt,3,0.004000187,Tabu Search,1330.000000000,1324.000000000,2,0
cubic_1200.txt,3,0.006000042,Tabu Search,1322.000000000,1322.000000000,3,1
cubic_1200.txt,3,0.006999969,RVNS,1320.000000000,1320.000000000,4,1
cubic_1200.txt,3,0.008000135,RVNS,1323.000000000,1320.000000000,5,0
cubic_1200.txt,3,0.009000063,Tabu Search,1319.000000000,1319.000000000,5,1
cubic_1200.txt,3,0.009999990,RVNS,1321.000000000,1319.000000000,5,0
cubic_1200.txt,3,0.023000002,RVNS,1318.000000000,1318.000000000,5,1
cubic_1200.txt,3,0.025000095,RVNS,1317.000000000,1317.000000000,5,1
cubic_1200.txt,3,0.050000191,RVNS,1316.000000000,1316.000000000,5,1
cubic_1200.txt,3,0.984000206,ACO,1280.000000000,1280.000000000,5,1
cubic_1200.txt,3,1.894000053,ACO,1278.000000000,1278.000000000,5,1
cubic_1200.txt,3,2.644999981,ACO,1275.000000000,1275.000000000,5,1
cubic_1200.txt,3,2.726999998,HHO,1069.000000000,1069.000000000,5,1
cubic_1200.txt,3,3.442000151,ACO,1264.000000000,1069.000000000,5,0
cubic_1200.txt,3,4.242000103,ACO,1267.000000000,1069.000000000,5,0
cubic_1200.txt,3,5.019000053,ACO,1261.000000000,1069.000000000,5,0
cubic_1200.txt,3,5.358000040,HHO,1065.000000000,1065.000000000,5,1
cubic_1200.txt,3,5.802000046,ACO,1255.000000000,1065.000000000,5,0
cubic_1200.txt,3,6.550000191,ACO,1070.000000000,1065.000000000,5,0
cubic_1200.txt,3,7.320000172,ACO,1076.000000000,1065.000000000,5,0
cubic_1200.txt,3,8.113000154,ACO,1063.000000000,1063.000000000,5,1
cubic_1200.txt,3,8.139000177,HHO,1058.000000000,1058.000000000,5,1
cubic_1200.txt,3,14.821000099,ACO,1068.000000000,1058.000000000,5,0
cubic_1200.txt,3,15.177999973,HHO,1062.000000000,1058.000000000,5,0
cubic_1200.txt,3,15.700000048,ACO,1047.000000000,1047.000000000,5,1
cubic_1200.txt,3,16.524000168,ACO,1055.000000000,1047.000000000,5,0
cubic_1200.txt,3,18.975000143,ACO,1059.000000000,1047.000000000,5,0
cubic_1200.txt,3,22.842000008,ACO,1056.000000000,1047.000000000,5,0
cubic_1200.txt,3,23.715000153,ACO,1049.000000000,1047.000000000,5,0
cubic_1200.txt,3,24.508000135,ACO,1050.000000000,1047.000000000,5,0
cubic_1200.txt,3,25.521000147,ACO,1041.000000000,1041.000000000,5,1
cubic_1200.txt,3,26.338000059,ACO,1054.000000000,1041.000000000,5,0
cubic_1200.txt,4,0.004999876,RVNS,1371.000000000,1371.000000000,1,1
cubic_1200.txt,4,0.004999876,Tabu Search,1339.000000000,1339.000000000,2,1
cubic_1200.txt,4,0.006999969,RVNS,1374.000000000,1339.000000000,3,0
cubic_1200.txt,4,0.007999897,Tabu Search,1335.000000000,1335.000000000,4,1
cubic_1200.txt,4,0.009000063,RVNS,1336.000000000,1335.000000000,5,0
cubic_1200.txt,4,0.009999990,Tabu Search,1342.000000000,1335.000000000,5,0
cubic_1200.txt,4,0.010999918,Tabu Search,1340.000000000,1335.000000000,5,0
cubic_1200.txt,4,0.013000011,RVNS,1337.000000000,1335.000000000,5,0
cubic_1200.txt,4,0.013999939,Tabu Search,1338.000000000,1335.000000000,5,0
cubic_1200.txt,4,0.029999971,Tabu Search,1334.000000000,1334.000000000,5,1
cubic_1200.txt,4,0.992000103,ACO,1288.000000000,1288.000000000,5,1
cubic_1200.txt,4,1.799999952,ACO,1283.000000000,1283.000000000,5,1
cubic_1200.txt,4,2.671000004,ACO,1279.000000000,1279.000000000,5,1
cubic_1200.txt,4,2.719000101,HHO,1062.000000000,1062.000000000,5,1
cubic_1200.txt,4,3.466000080,ACO,1281.000000000,1062.000000000,5,0
cubic_1200.txt,4,4.229000092,ACO,1262.000000000,1062.000000000,5,0
cubic_1200.txt,4,5.013999939,ACO,1260.000000000,1062.000000000,5,0
cubic_1200.txt,4,5.277999878,HHO,1051.000000000,1051.000000000,5,1
cubic_1200.txt,4,5.846999884,ACO,1079.000000000,1051.000000000,5,0
cubic_1200.txt,4,6.628999949,ACO,1078.000000000,1051.000000000,5,0
cubic_1200.txt,4,7.628999949,ACO,1074.000000000,1051.000000000,5,0
cubic_1200.txt,4,8.525000095,ACO,1064.000000000,1051.000000000,5,0
cubic_1200.txt,4,8.550999880,HHO,1069.000000000,1051.000000000,5,0
cubic_1200.txt,4,10.323999882,ACO,1043.000000000,1043.000000000,5,1
cubic_1200.txt,4,11.900000095,ACO,1061.000000000,1043.000000000,5,0
cubic_1200.txt,4,14.729000092,ACO,1057.000000000,1043.000000000,5,0
cubic_1200.txt,4,16.388999939,ACO,1059.000000000,1043.000000000,5,0
cubic_1200.txt,4,17.171999931,ACO,1055.000000000,1043.000000000,5,0
cubic_1200.txt,4,20.382999897,ACO,1050.000000000,1043.000000000,5,0
cubic_1200.txt,5,0.003999949,Tabu Search,1337.000000000,1337.000000000,1,1
cubic_1200.txt,5,0.005000114,RVNS,1345.000000000,1337.000000000,2,0
cubic_1200.txt,5,0.006999969,Tabu Search,1336.000000000,1336.000000000,3,1
cubic_1200.txt,5,0.006999969,RVNS,1335.000000000,1335.000000000,4,1
cubic_1200.txt,5,0.009999990,RVNS,1334.000000000,1334.000000000,5,1
cubic_1200.txt,5,0.013000011,RVNS,1339.000000000,1334.000000000,5,0
cubic_1200.txt,5,0.020999908,Tabu Search,1338.000000000,1334.000000000,5,0
cubic_1200.txt,5,0.026999950,RVNS,1333.000000000,1333.000000000,5,1
cubic_1200.txt,5,0.029999971,RVNS,1332.000000000,1332.000000000,5,1
cubic_1200.txt,5,0.089999914,Tabu Search,1331.000000000,1331.000000000,5,1
cubic_1200.txt,5,0.114000082,RVNS,1330.000000000,1330.000000000,5,1
cubic_1200.txt,5,1.009000063,ACO,1280.000000000,1280.000000000,5,1
cubic_1200.txt,5,1.964999914,ACO,1284.000000000,1280.000000000,5,0
cubic_1200.txt,5,2.848999977,ACO,1275.000000000,1275.000000000,5,1
cubic_1200.txt,5,2.875000000,HHO,1061.000000000,1061.000000000,5,1
cubic_1200.txt,5,3.725000143,ACO,1277.000000000,1061.000000000,5,0
cubic_1200.txt,5,4.503000021,ACO,1272.000000000,1061.000000000,5,0
cubic_1200.txt,5,5.283999920,ACO,1263.000000000,1061.000000000,5,0
cubic_1200.txt,5,5.749000072,HHO,1055.000000000,1055.000000000,5,1
cubic_1200.txt,5,6.049000025,ACO,1257.000000000,1055.000000000,5,0
cubic_1200.txt,5,6.883000135,ACO,1069.000000000,1055.000000000,5,0
cubic_1200.txt,5,7.680999994,ACO,1050.000000000,1050.000000000,5,1
cubic_1200.txt,5,8.453000069,ACO,1065.000000000,1050.000000000,5,0
cubic_1200.txt,5,8.720000029,HHO,1053.000000000,1050.000000000,5,0
cubic_1200.txt,5,9.230999947,ACO,1045.000000000,1045.000000000,5,1
cubic_1200.txt,5,10.891999960,ACO,1057.000000000,1045.000000000,5,0
cubic_1200.txt,5,15.722000122,ACO,1049.000000000,1045.000000000,5,0
cubic_1200.txt,5,15.753999949,HHO,1052.000000000,1045.000000000,5,0
cubic_1200.txt,5,25.677000046,ACO,1041.000000000,1041.000000000,5,1
cubic_1200.txt,6,0.004999876,Tabu Search,1332.000000000,1332.000000000,1,1
cubic_1200.txt,6,0.004999876,RVNS,1324.000000000,1324.000000000,2,1
cubic_1200.txt,6,0.007999897,RVNS,1323.000000000,1323.000000000,3,1
cubic_1200.txt,6,0.009999990,RVNS,1322.000000000,1322.000000000,4,1
cubic_1200.txt,6,0.009999990,Tabu Search,1327.000000000,1322.000000000,5,0
cubic_1200.txt,6,0.012999773,Tabu Search,1325.000000000,1322.000000000,5,0
cubic_1200.txt,6,0.013999939,RVNS,1326.000000000,1322.000000000,5,0
cubic_1200.txt,6,0.023000002,Tabu Search,1321.000000000,1321.000000000,5,1
cubic_1200.txt,6,0.046000004,Tabu Search,1320.000000000,1320.000000000,5,1
cubic_1200.txt,6,1.029999971,ACO,1289.000000000,1289.000000000,5,1
cubic_1200.txt,6,1.856999874,ACO,1277.000000000,1277.000000000,5,1
cubic_1200.txt,6,2.648999929,ACO,1274.000000000,1274.000000000,5,1
cubic_1200.txt,6,2.716999769,HHO,1047.000000000,1047.000000000,5,1
cubic_1200.txt,6,3.462999821,ACO,1256.000000000,1047.000000000,5,0
cubic_1200.txt,6,4.293999910,ACO,1261.000000000,1047.000000000,5,0
cubic_1200.txt,6,5.141999960,ACO,1255.000000000,1047.000000000,5,0
cubic_1200.txt,6,5.594999790,HHO,1066.000000000,1047.000000000,5,0
cubic_1200.txt,6,6.041999817,ACO,1248.000000000,1047.000000000,5,0
cubic_1200.txt,6,6.836999893,ACO,1091.000000000,1047.000000000,5,0
cubic_1200.txt,6,7.602999926,ACO,1072.000000000,1047.000000000,5,0
cubic_1200.txt,6,8.558999777,HHO,1074.000000000,1047.000000000,5,0
cubic_1200.txt,6,9.152999878,ACO,1076.000000000,1047.000000000,5,0
cubic_1200.txt,6,9.939999819,ACO,1068.000000000,1047.000000000,5,0
cubic_1200.txt,6,11.978999853,HHO,1056.000000000,1047.000000000,5,0
cubic_1200.txt,6,13.332999945,ACO,1061.000000000,1047.000000000,5,0
cubic_1200.txt,6,14.197999954,ACO,1067.000000000,1047.000000000,5,0
cubic_1200.txt,6,22.477999926,ACO,1059.000000000,1047.000000000,5,0
cubic_1200.txt,6,23.236999989,ACO,1053.000000000,1047.000000000,5,0
cubic_1200.txt,6,24.048999786,ACO,1041.000000000,1041.000000000,5,1
cubic_1200.txt,7,0.003999949,Tabu Search,1358.000000000,1358.000000000,1,1
cubic_1200.txt,7,0.004999876,RVNS,1349.000000000,1349.000000000,2,1
cubic_1200.txt,7,0.004999876,Tabu Search,1356.000000000,1349.000000000,3,0
cubic_1200.txt,7,0.006999969,RVNS,1352.000000000,1349.000000000,4,0
cubic_1200.txt,7,0.006999969,Tabu Search,1351.000000000,1349.000000000,5,0
cubic_1200.txt,7,0.009000063,Tabu Search,1348.000000000,1348.000000000,5,1
cubic_1200.txt,7,0.013000011,RVNS,1354.000000000,1348.000000000,5,0
cubic_1200.txt,7,0.013000011,Tabu Search,1350.000000000,1348.000000000,5,0
cubic_1200.txt,7,0.970999956,ACO,1285.000000000,1285.000000000,5,1
cubic_1200.txt,7,1.819999933,ACO,1271.000000000,1271.000000000,5,1
cubic_1200.txt,7,2.813999891,ACO,1268.000000000,1268.000000000,5,1
cubic_1200.txt,7,2.907999992,HHO,1054.000000000,1054.000000000,5,1
cubic_1200.txt,7,3.793999910,ACO,1270.000000000,1054.000000000,5,0
cubic_1200.txt,7,4.576999903,ACO,1262.000000000,1054.000000000,5,0
cubic_1200.txt,7,5.335999966,ACO,1254.000000000,1054.000000000,5,0
cubic_1200.txt,7,5.724999905,HHO,1048.000000000,1048.000000000,5,1
cubic_1200.txt,7,6.126999855,ACO,1051.000000000,1048.000000000,5,0
cubic_1200.txt,7,6.901000023,ACO,1065.000000000,1048.000000000,5,0
cubic_1200.txt,7,7.675999880,ACO,1049.000000000,1048.000000000,5,0
cubic_1200.txt,7,8.743999958,HHO,1052.000000000,1048.000000000,5,0
cubic_1200.txt,7,15.894999981,HHO,1047.000000000,1047.000000000,5,1
cubic_1200.txt,7,18.616999865,ACO,1050.000000000,1047.000000000,5,0
cubic_1200.txt,7,23.872999907,HHO,1046.000000000,1046.000000000,5,1
cubic_1200.txt,8,0.004999876,RVNS,1356.000000000,1356.000000000,1,1
cubic_1200.txt,8,0.006999969,Tabu Search,1295.000000000,1295.000000000,2,1
cubic_1200.txt,8,0.007999897,RVNS,1357.000000000,1295.000000000,3,0
cubic_1200.txt,8,0.011999846,RVNS,1353.000000000,1295.000000000,4,0
cubic_1200.txt,8,0.011999846,Tabu Search,1296.000000000,1295.000000000,5,0
cubic_1200.txt,8,0.014999866,Tabu Search,1299.000000000,1295.000000000,5,0
cubic_1200.txt,8,0.014999866,RVNS,1354.000000000,1295.000000000,5,0
cubic_1200.txt,8,0.017999887,Tabu Search,1294.000000000,1294.000000000,5,1
cubic_1200.txt,8,0.019999981,Tabu Search,1293.000000000,1293.000000000,5,1
cubic_1200.txt,8,0.023000002,Tabu Search,1291.000000000,1291.000000000,5,1
cubic_1200.txt,8,0.026000023,Tabu Search,1292.000000000,1291.000000000,5,0
cubic_1200.txt,8,0.037999868,RVNS,1290.000000000,1290.000000000,5,1
cubic_1200.txt,8,0.069999933,Tabu Search,1289.000000000,1289.000000000,5,1
cubic_1200.txt,8,1.921999931,ACO,1271.000000000,1271.000000000,5,1
cubic_1200.txt,8,2.820999861,HHO,1064.000000000,1064.000000000,5,1
cubic_1200.txt,8,3.493999958,ACO,1267.000000000,1064.000000000,5,0
cubic_1200.txt,8,4.297999859,ACO,1265.000000000,1064.000000000,5,0
cubic_1200.txt,8,5.243000031,ACO,1052.000000000,1052.000000000,5,1
cubic_1200.txt,8,5.957999945,HHO,1056.000000000,1052.000000000,5,0
cubic_1200.txt,8,6.438999891,ACO,1057.000000000,1052.000000000,5,0
cubic_1200.txt,8,7.376999855,ACO,1047.000000000,1047.000000000,5,1
cubic_1200.txt,8,8.233000040,ACO,1059.000000000,1047.000000000,5,0
cubic_1200.txt,8,9.134000063,HHO,1058.000000000,1047.000000000,5,0
cubic_1200.txt,8,9.782999992,ACO,1036.000000000,1036.000000000,5,1
cubic_1200.txt,8,11.861000061,ACO,1046.000000000,1036.000000000,5,0
cubic_1200.txt,8,15.253999949,ACO,1054.000000000,1036.000000000,5,0
cubic_1200.txt,8,16.027999878,ACO,1043.000000000,1036.000000000,5,0
cubic_1200.txt,8,16.662999868,HHO,1051.000000000,1036.000000000,5,0
cubic_1200.txt,8,18.509000063,ACO,1044.000000000,1036.000000000,5,0
cubic_1200.txt,8,27.586999893,ACO,1045.000000000,1036.000000000,5,0
cubic_1200.txt,9,0.003999949,Tabu Search,1357.000000000,1357.000000000,1,1
cubic_1200.txt,9,0.003999949,RVNS,1341.000000000,1341.000000000,2,1
cubic_1200.txt,9,0.006000042,RVNS,1360.000000000,1341.000000000,3,0
cubic_1200.txt,9,0.009000063,Tabu Search,1340.000000000,1340.000000000,4,1
cubic_1200.txt,9,0.009999990,RVNS,1339.000000000,1339.000000000,5,1
cubic_1200.txt,9,0.010999918,RVNS,1344.000000000,1339.000000000,5,0
cubic_1200.txt,9,0.013000011,RVNS,1343.000000000,1339.000000000,5,0
cubic_1200.txt,9,0.015000105,RVNS,1337.000000000,1337.000000000,5,1
cubic_1200.txt,9,0.015000105,Tabu Search,1342.000000000,1337.000000000,5,0
cubic_1200.txt,9,0.016999960,Tabu Search,1338.000000000,1337.000000000,5,0
cubic_1200.txt,9,0.019000053,Tabu Search,1336.000000000,1336.000000000,5,1
cubic_1200.txt,9,0.056999922,Tabu Search,1335.000000000,1335.000000000,5,1
cubic_1200.txt,9,0.127000093,Tabu Search,1333.000000000,1333.000000000,5,1
cubic_1200.txt,9,0.986999989,ACO,1267.000000000,1267.000000000,5,1
cubic_1200.txt,9,1.812000036,ACO,1273.000000000,1267.000000000,5,0
cubic_1200.txt,9,2.651000023,ACO,1270.000000000,1267.000000000,5,0
cubic_1200.txt,9,2.714999914,HHO,1063.000000000,1063.000000000,5,1
cubic_1200.txt,9,3.411999941,ACO,1263.000000000,1063.000000000,5,0
cubic_1200.txt,9,4.181999922,ACO,1260.000000000,1063.000000000,5,0
cubic_1200.txt,9,5.206000090,HHO,1072.000000000,1063.000000000,5,0
cubic_1200.txt,9,6.658999920,ACO,1069.000000000,1063.000000000,5,0
cubic_1200.txt,9,7.680999994,ACO,1060.000000000,1060.000000000,5,1
cubic_1200.txt,9,8.486999989,HHO,1065.000000000,1060.000000000,5,0
cubic_1200.txt,9,8.490000010,ACO,1055.000000000,1055.000000000,5,1
cubic_1200.txt,9,9.250999928,ACO,1068.000000000,1055.000000000,5,0
cubic_1200.txt,9,10.019000053,ACO,1058.000000000,1055.000000000,5,0
cubic_1200.txt,9,10.878999949,ACO,1057.000000000,1055.000000000,5,0
cubic_1200.txt,9,14.414999962,ACO,1054.000000000,1054.000000000,5,1
cubic_1200.txt,9,16.249000072,ACO,1053.000000000,1053.000000000,5,1
cubic_1200.txt,9,20.112999916,ACO,1052.000000000,1052.000000000,5,1
cubic_1200.txt,9,21.757999897,ACO,1046.000000000,1046.000000000,5,1
cubic_1200.txt,9,26.697000027,HHO,1048.000000000,1046.000000000,5,0
cubic_1200.txt,9,27.457000017,ACO,1049.000000000,1046.000000000,5,0
cubic_1200.txt,10,0.004999876,Tabu Search,1323.000000000,1323.000000000,1,1
cubic_1200.txt,10,0.004999876,RVNS,1332.000000000,1323.000000000,2,0
cubic_1200.txt,10,0.006000042,Tabu Search,1326.000000000,1323.000000000,3,0
cubic_1200.txt,10,0.007999897,Tabu Search,1324.000000000,1323.000000000,4,0
cubic_1200.txt,10,0.009999990,RVNS,1335.000000000,1323.000000000,5,0
cubic_1200.txt,10,0.012000084,Tabu Search,1325.000000000,1323.000000000,5,0
cubic_1200.txt,10,0.013999939,RVNS,1322.000000000,1322.000000000,5,1
cubic_1200.txt,10,0.016999960,RVNS,1321.000000000,1321.000000000,5,1
cubic_1200.txt,10,0.023000002,Tabu Search,1319.000000000,1319.000000000,5,1
cubic_1200.txt,10,0.023000002,RVNS,1317.000000000,1317.000000000,5,1
cubic_1200.txt,10,0.032000065,RVNS,1320.000000000,1317.000000000,5,0
cubic_1200.txt,10,0.043999910,Tabu Search,1318.000000000,1317.000000000,5,0
cubic_1200.txt,10,1.141999960,ACO,1277.000000000,1277.000000000,5,1
cubic_1200.txt,10,2.016000032,ACO,1266.000000000,1266.000000000,5,1
cubic_1200.txt,10,2.830999851,ACO,1260.000000000,1260.000000000,5,1
cubic_1200.txt,10,2.866999865,HHO,1065.000000000,1065.000000000,5,1
cubic_1200.txt,10,3.648000002,ACO,1258.000000000,1065.000000000,5,0
cubic_1200.txt,10,5.300999880,ACO,1247.000000000,1065.000000000,5,0
cubic_1200.txt,10,5.592999935,HHO,1069.000000000,1065.000000000,5,0
cubic_1200.txt,10,6.093999863,ACO,1249.000000000,1065.000000000,5,0
cubic_1200.txt,10,7.615000010,ACO,1252.000000000,1065.000000000,5,0
cubic_1200.txt,10,8.493000031,ACO,1064.000000000,1064.000000000,5,1
cubic_1200.txt,10,8.585999966,HHO,1070.000000000,1064.000000000,5,0
cubic_1200.txt,10,9.269999981,ACO,1076.000000000,1064.000000000,5,0
cubic_1200.txt,10,11.898000002,HHO,1067.000000000,1064.000000000,5,0
cubic_1200.txt,10,12.487999916,ACO,1057.000000000,1057.000000000,5,1
cubic_1200.txt,10,14.099999905,ACO,1049.000000000,1049.000000000,5,1
cubic_1200.txt,10,17.000000000,ACO,1048.000000000,1048.000000000,5,1
cubic_1200.txt,10,19.512000084,ACO,1062.000000000,1048.000000000,5,0
cubic_1200.txt,10,21.345999956,ACO,1050.000000000,1048.000000000,5,0
cubic_1200.txt,10,22.118999958,ACO,1052.000000000,1048.000000000,5,0
cubic_1200.txt,10,26.865000010,ACO,1039.000000000,1039.000000000,5,1
cubic_1300.txt,1,0.005999804,Tabu Search,1413.000000000,1413.000000000,1,1
cubic_1300.txt,1,0.005999804,RVNS,1469.000000000,1413.000000000,2,0
cubic_1300.txt,1,0.008999825,RVNS,1470.000000000,1413.000000000,3,0
cubic_1300.txt,1,0.008999825,Tabu Search,1409.000000000,1409.000000000,4,1
cubic_1300.txt,1,0.010999918,RVNS,1472.000000000,1409.000000000,5,0
cubic_1300.txt,1,0.011999846,Tabu Search,1411.000000000,1409.000000000,5,0
cubic_1300.txt,1,0.012999773,RVNS,1418.000000000,1409.000000000,5,0
cubic_1300.txt,1,0.014999866,Tabu Search,1414.000000000,1409.000000000,5,0
cubic_1300.txt,1,0.015999794,RVNS,1407.000000000,1407.000000000,5,1
cubic_1300.txt,1,0.018999815,RVNS,1412.000000000,1407.000000000,5,0
cubic_1300.txt,1,0.025999784,RVNS,1410.000000000,1407.000000000,5,0
cubic_1300.txt,1,0.034999847,RVNS,1408.000000000,1407.000000000,5,0
cubic_1300.txt,1,1.072999954,ACO,1397.000000000,1397.000000000,5,1
cubic_1300.txt,1,1.902999878,ACO,1384.000000000,1384.000000000,5,1
cubic_1300.txt,1,2.862999916,ACO,1383.000000000,1383.000000000,5,1
cubic_1300.txt,1,3.331999779,HHO,1168.000000000,1168.000000000,5,1
cubic_1300.txt,1,3.982999802,ACO,1380.000000000,1168.000000000,5,0
cubic_1300.txt,1,4.924999952,ACO,1176.000000000,1168.000000000,5,0
cubic_1300.txt,1,5.787999868,ACO,1164.000000000,1164.000000000,5,1
cubic_1300.txt,1,6.575999975,ACO,1146.000000000,1146.000000000,5,1
cubic_1300.txt,1,6.596999884,HHO,1177.000000000,1146.000000000,5,0
cubic_1300.txt,1,9.908999920,HHO,1167.000000000,1146.000000000,5,0
cubic_1300.txt,1,10.740999937,ACO,1165.000000000,1146.000000000,5,0
cubic_1300.txt,1,11.524999857,ACO,1162.000000000,1146.000000000,5,0
cubic_1300.txt,1,12.330999851,ACO,1159.000000000,1146.000000000,5,0
cubic_1300.txt,1,14.876999855,ACO,1138.000000000,1138.000000000,5,1
cubic_1300.txt,1,16.460999966,ACO,1163.000000000,1138.000000000,5,0
cubic_1300.txt,1,17.318999767,ACO,1148.000000000,1138.000000000,5,0
cubic_1300.txt,1,18.263999939,ACO,1160.000000000,1138.000000000,5,0
cubic_1300.txt,1,22.631999969,ACO,1157.000000000,1138.000000000,5,0
cubic_1300.txt,1,23.424999952,ACO,1141.000000000,1138.000000000,5,0
cubic_1300.txt,1,24.285999775,ACO,1139.000000000,1138.000000000,5,0
cubic_1300.txt,1,25.081999779,ACO,1143.000000000,1138.000000000,5,0
cubic_1300.txt,1,27.403999805,ACO,1144.000000000,1138.000000000,5,0
cubic_1300.txt,2,0.003999949,Tabu Search,1476.000000000,1476.000000000,1,1
cubic_1300.txt,2,0.005000114,RVNS,1446.000000000,1446.000000000,2,1
cubic_1300.txt,2,0.005000114,Tabu Search,1482.000000000,1446.000000000,3,0
cubic_1300.txt,2,0.006999969,RVNS,1442.000000000,1442.000000000,4,1
cubic_1300.txt,2,0.006999969,Tabu Search,1447.000000000,1442.000000000,5,0
cubic_1300.txt,2,0.009000063,Tabu Search,1445.000000000,1442.000000000,5,0
cubic_1300.txt,2,0.015000105,RVNS,1450.000000000,1442.000000000,5,0
cubic_1300.txt,2,0.019999981,Tabu Search,1449.000000000,1442.000000000,5,0
cubic_1300.txt,2,0.023000002,Tabu Search,1444.000000000,1442.000000000,5,0
cubic_1300.txt,2,0.033999920,Tabu Search,1443.000000000,1442.000000000,5,0
cubic_1300.txt,2,0.148000002,RVNS,1441.000000000,1441.000000000,5,1
cubic_1300.txt,2,1.157000065,ACO,1397.000000000,1397.000000000,5,1
cubic_1300.txt,2,1.996000051,ACO,1394.000000000,1394.000000000,5,1
cubic_1300.txt,2,2.832000017,ACO,1370.000000000,1370.000000000,5,1
cubic_1300.txt,2,3.089999914,HHO,1159.000000000,1159.000000000,5,1
cubic_1300.txt,2,3.851999998,ACO,1372.000000000,1159.000000000,5,0
cubic_1300.txt,2,4.713000059,ACO,1371.000000000,1159.000000000,5,0
cubic_1300.txt,2,5.554000139,ACO,1354.000000000,1159.000000000,5,0
cubic_1300.txt,2,6.365000010,ACO,1355.000000000,1159.000000000,5,0
cubic_1300.txt,2,8.032999992,ACO,1356.000000000,1159.000000000,5,0
cubic_1300.txt,2,8.838999987,ACO,1347.000000000,1159.000000000,5,0
cubic_1300.txt,2,9.529999971,HHO,1162.000000000,1159.000000000,5,0
cubic_1300.txt,2,9.608999968,ACO,1342.000000000,1159.000000000,5,0
cubic_1300.txt,2,10.404000044,ACO,1161.000000000,1159.000000000,5,0
cubic_1300.txt,2,11.184000015,ACO,1155.000000000,1155.000000000,5,1
cubic_1300.txt,2,12.732000113,ACO,1160.000000000,1155.000000000,5,0
cubic_1300.txt,2,13.654000044,ACO,1148.000000000,1148.000000000,5,1
cubic_1300.txt,2,16.133000135,ACO,1145.000000000,1145.000000000,5,1
cubic_1300.txt,2,16.819999933,HHO,1151.000000000,1145.000000000,5,0
cubic_1300.txt,2,16.939000130,ACO,1142.000000000,1142.000000000,5,1
cubic_1300.txt,2,17.732000113,ACO,1147.000000000,1142.000000000,5,0
cubic_1300.txt,2,18.689000130,ACO,1143.000000000,1142.000000000,5,0
cubic_1300.txt,2,19.699000120,ACO,1144.000000000,1142.000000000,5,0
cubic_1300.txt,2,24.088000059,ACO,1140.000000000,1140.000000000,5,1
cubic_1300.txt,2,25.637000084,ACO,1136.000000000,1136.000000000,5,1
cubic_1300.txt,3,0.003999949,Tabu Search,1454.000000000,1454.000000000,1,1
cubic_1300.txt,3,0.003999949,RVNS,1442.000000000,1442.000000000,2,1
cubic_1300.txt,3,0.006000042,Tabu Search,1439.000000000,1439.000000000,3,1
cubic_1300.txt,3,0.006999969,RVNS,1443.000000000,1439.000000000,4,0
cubic_1300.txt,3,0.007999897,Tabu Search,1441.000000000,1439.000000000,5,0
cubic_1300.txt,3,0.007999897,RVNS,1449.000000000,1439.000000000,5,0
cubic_1300.txt,3,0.009999990,Tabu Search,1437.000000000,1437.000000000,5,1
cubic_1300.txt,3,0.016000032,Tabu Search,1436.000000000,1436.000000000,5,1
cubic_1300.txt,3,0.016999960,Tabu Search,1440.000000000,1436.000000000,5,0
cubic_1300.txt,3,0.020999908,Tabu Search,1438.000000000,1436.000000000,5,0
cubic_1300.txt,3,0.023999929,Tabu Search,1435.000000000,1435.000000000,5,1
cubic_1300.txt,3,0.080999851,Tabu Search,1434.000000000,1434.000000000,5,1
cubic_1300.txt,3,1.021999836,ACO,1391.000000000,1391.000000000,5,1
cubic_1300.txt,3,1.901999950,ACO,1390.000000000,1390.000000000,5,1
cubic_1300.txt,3,2.846999884,ACO,1387.000000000,1387.000000000,5,1
cubic_1300.txt,3,3.059999943,HHO,1152.000000000,1152.000000000,5,1
cubic_1300.txt,3,3.671000004,ACO,1363.000000000,1152.000000000,5,0
cubic_1300.txt,3,4.629999876,ACO,1168.000000000,1152.000000000,5,0
cubic_1300.txt,3,5.532999992,ACO,1146.000000000,1146.000000000,5,1
cubic_1300.txt,3,6.325999975,HHO,1163.000000000,1146.000000000,5,0
cubic_1300.txt,3,6.409999847,ACO,1157.000000000,1146.000000000,5,0
cubic_1300.txt,3,7.256000042,ACO,1141.000000000,1141.000000000,5,1
cubic_1300.txt,3,8.990000010,ACO,1150.000000000,1141.000000000,5,0
cubic_1300.txt,3,9.842999935,ACO,1147.000000000,1141.000000000,5,0
cubic_1300.txt,3,15.562000036,ACO,1136.000000000,1136.000000000,5,1
cubic_1300.txt,3,16.376999855,ACO,1148.000000000,1136.000000000,5,0
cubic_1300.txt,3,17.157999992,ACO,1139.000000000,1136.000000000,5,0
cubic_1300.txt,3,20.703999996,ACO,1140.000000000,1136.000000000,5,0
cubic_1300.txt,3,27.865000010,ACO,1143.000000000,1136.000000000,5,0
cubic_1300.txt,4,0.006000042,Tabu Search,1439.000000000,1439.000000000,1,1
cubic_1300.txt,4,0.007000208,RVNS,1445.000000000,1439.000000000,2,0
cubic_1300.txt,4,0.009999990,RVNS,1443.000000000,1439.000000000,3,0
cubic_1300.txt,4,0.009999990,Tabu Search,1438.000000000,1438.000000000,4,1
cubic_1300.txt,4,0.012000084,RVNS,1448.000000000,1438.000000000,5,0
cubic_1300.txt,4,0.013000011,RVNS,1441.000000000,1438.000000000,5,0
cubic_1300.txt,4,0.014000177,Tabu Search,1433.000000000,1433.000000000,5,1
cubic_1300.txt,4,0.016000032,Tabu Search,1437.000000000,1433.000000000,5,0
cubic_1300.txt,4,0.019000053,Tabu Search,1435.000000000,1433.000000000,5,0
cubic_1300.txt,4,0.023000002,RVNS,1434.000000000,1433.000000000,5,0
cubic_1300.txt,4,0.026000023,RVNS,1430.000000000,1430.000000000,5,1
cubic_1300.txt,4,0.031000137,RVNS,1432.000000000,1430.000000000,5,0
cubic_1300.txt,4,0.063000202,RVNS,1431.000000000,1430.000000000,5,0
cubic_1300.txt,4,0.107000113,RVNS,1429.000000000,1429.000000000,5,1
cubic_1300.txt,4,1.080000162,ACO,1395.000000000,1395.000000000,5,1
cubic_1300.txt,4,1.873000145,ACO,1388.000000000,1388.000000000,5,1
cubic_1300.txt,4,2.675000191,ACO,1384.000000000,1384.000000000,5,1
cubic_1300.txt,4,2.891000032,HHO,1150.000000000,1150.000000000,5,1
cubic_1300.txt,4,3.479000092,ACO,1373.000000000,1150.000000000,5,0
cubic_1300.txt,4,4.315000057,ACO,1155.000000000,1150.000000000,5,0
cubic_1300.txt,4,5.295000076,ACO,1153.000000000,1150.000000000,5,0
cubic_1300.txt,4,6.037000179,HHO,1148.000000000,1148.000000000,5,1
cubic_1300.txt,4,6.147000074,ACO,1174.000000000,1148.000000000,5,0
cubic_1300.txt,4,7.929000139,ACO,1159.000000000,1148.000000000,5,0
cubic_1300.txt,4,8.743000031,ACO,1135.000000000,1135.000000000,5,1
cubic_1300.txt,4,9.552000046,ACO,1147.000000000,1135.000000000,5,0
cubic_1300.txt,4,11.169000149,ACO,1151.000000000,1135.000000000,5,0
cubic_1300.txt,4,11.958000183,ACO,1146.000000000,1135.000000000,5,0
cubic_1300.txt,4,15.535000086,ACO,1145.000000000,1135.000000000,5,0
cubic_1300.txt,4,16.483000040,ACO,1137.000000000,1135.000000000,5,0
cubic_1300.txt,4,17.422000170,ACO,1134.000000000,1134.000000000,5,1
cubic_1300.txt,4,17.631000042,HHO,1144.000000000,1134.000000000,5,0
cubic_1300.txt,4,18.446000099,ACO,1138.000000000,1134.000000000,5,0
cubic_1300.txt,4,19.420000076,ACO,1126.000000000,1126.000000000,5,1
cubic_1300.txt,4,28.266000032,ACO,1136.000000000,1126.000000000,5,0
cubic_1300.txt,4,29.043000221,ACO,1131.000000000,1126.000000000,5,0
cubic_1300.txt,4,29.822000027,ACO,1132.000000000,1126.000000000,5,0
cubic_1300.txt,5,0.003999949,RVNS,1448.000000000,1448.000000000,1,1
cubic_1300.txt,5,0.003999949,Tabu Search,1438.000000000,1438.000000000,2,1
cubic_1300.txt,5,0.006999969,RVNS,1435.000000000,1435.000000000,3,1
cubic_1300.txt,5,0.006999969,Tabu Search,1441.000000000,1435.000000000,4,0
cubic_1300.txt,5,0.009000063,RVNS,1439.000000000,1435.000000000,5,0
cubic_1300.txt,5,0.009000063,Tabu Search,1442.000000000,1435.000000000,5,0
cubic_1300.txt,5,0.013999939,Tabu Search,1437.000000000,1435.000000000,5,0
cubic_1300.txt,5,0.018000126,RVNS,1440.000000000,1435.000000000,5,0
cubic_1300.txt,5,0.025000095,Tabu Search,1436.000000000,1435.000000000,5,0
cubic_1300.txt,5,0.068000078,Tabu Search,1434.000000000,1434.000000000,5,1
cubic_1300.txt,5,1.015000105,ACO,1399.000000000,1399.000000000,5,1
cubic_1300.txt,5,1.820000172,ACO,1386.000000000,1386.000000000,5,1
cubic_1300.txt,5,2.615999937,ACO,1382.000000000,1382.000000000,5,1
cubic_1300.txt,5,2.814000130,HHO,1154.000000000,1154.000000000,5,1
cubic_1300.txt,5,3.434999943,ACO,1373.000000000,1154.000000000,5,0
cubic_1300.txt,5,4.452000141,ACO,1368.000000000,1154.000000000,5,0
cubic_1300.txt,5,5.381000042,ACO,1369.000000000,1154.000000000,5,0
cubic_1300.txt,5,6.065999985,HHO,1171.000000000,1154.000000000,5,0
cubic_1300.txt,5,6.170000076,ACO,1147.000000000,1147.000000000,5,1
cubic_1300.txt,5,6.937000036,ACO,1143.000000000,1143.000000000,5,1
cubic_1300.txt,5,8.499000072,ACO,1140.000000000,1140.000000000,5,1
cubic_1300.txt,5,10.164999962,ACO,1142.000000000,1140.000000000,5,0
cubic_1300.txt,5,10.982000113,ACO,1152.000000000,1140.000000000,5,0
cubic_1300.txt,5,11.759000063,ACO,1137.000000000,1137.000000000,5,1
cubic_1300.txt,5,16.812000036,ACO,1138.000000000,1137.000000000,5,0
cubic_1300.txt,5,22.709000111,ACO,1141.000000000,1137.000000000,5,0
cubic_1300.txt,5,23.483999968,ACO,1139.000000000,1137.000000000,5,0
cubic_1300.txt,6,0.003999949,RVNS,1446.000000000,1446.000000000,1,1
cubic_1300.txt,6,0.005000114,Tabu Search,1441.000000000,1441.000000000,2,1
cubic_1300.txt,6,0.006000042,RVNS,1450.000000000,1441.000000000,3,0
cubic_1300.txt,6,0.008000135,RVNS,1444.000000000,1441.000000000,4,0
cubic_1300.txt,6,0.009999990,RVNS,1447.000000000,1441.000000000,5,0
cubic_1300.txt,6,0.012000084,RVNS,1443.000000000,1441.000000000,5,0
cubic_1300.txt,6,0.012000084,Tabu Search,1440.000000000,1440.000000000,5,1
cubic_1300.txt,6,0.016999960,Tabu Search,1439.000000000,1439.000000000,5,1
cubic_1300.txt,6,0.019999981,RVNS,1442.000000000,1439.000000000,5,0
cubic_1300.txt,6,0.046000004,Tabu Search,1438.000000000,1438.000000000,5,1
cubic_1300.txt,6,0.074000120,Tabu Search,1437.000000000,1437.000000000,5,1
cubic_1300.txt,6,0.982000113,ACO,1387.000000000,1387.000000000,5,1
cubic_1300.txt,6,1.789999962,ACO,1386.000000000,1386.000000000,5,1
cubic_1300.txt,6,2.853000164,HHO,1180.000000000,1180.000000000,5,1
cubic_1300.txt,6,3.486000061,ACO,1381.000000000,1180.000000000,5,0
cubic_1300.txt,6,4.266999960,ACO,1380.000000000,1180.000000000,5,0
cubic_1300.txt,6,5.138000011,ACO,1376.000000000,1180.000000000,5,0
cubic_1300.txt,6,6.111999989,ACO,1367.000000000,1180.000000000,5,0
cubic_1300.txt,6,6.151000023,HHO,1164.000000000,1164.000000000,5,1
cubic_1300.txt,6,6.989000082,ACO,1350.000000000,1164.000000000,5,0
cubic_1300.txt,6,7.795000076,ACO,1355.000000000,1164.000000000,5,0
cubic_1300.txt,6,8.539000034,ACO,1345.000000000,1164.000000000,5,0
cubic_1300.txt,6,9.305000067,ACO,1342.000000000,1164.000000000,5,0
cubic_1300.txt,6,9.386000156,HHO,1161.000000000,1161.000000000,5,1
cubic_1300.txt,6,10.078999996,ACO,1169.000000000,1161.000000000,5,0
cubic_1300.txt,6,10.899000168,ACO,1165.000000000,1161.000000000,5,0
cubic_1300.txt,6,11.712000132,ACO,1178.000000000,1161.000000000,5,0
cubic_1300.txt,6,12.552999973,ACO,1158.000000000,1158.000000000,5,1
cubic_1300.txt,6,12.901999950,HHO,1162.000000000,1158.000000000,5,0
cubic_1300.txt,6,13.345999956,ACO,1159.000000000,1158.000000000,5,0
cubic_1300.txt,6,15.095999956,ACO,1156.000000000,1156.000000000,5,1
cubic_1300.txt,6,15.947000027,ACO,1135.000000000,1135.000000000,5,1
cubic_1300.txt,6,16.726999998,HHO,1146.000000000,1135.000000000,5,0
cubic_1300.txt,6,16.745000124,ACO,1145.000000000,1135.000000000,5,0
cubic_1300.txt,6,17.562000036,ACO,1149.000000000,1135.000000000,5,0
cubic_1300.txt,6,19.146000147,ACO,1147.000000000,1135.000000000,5,0
cubic_1300.txt,6,20.111000061,ACO,1142.000000000,1135.000000000,5,0
cubic_1300.txt,6,22.048000097,ACO,1141.000000000,1135.000000000,5,0
cubic_1300.txt,6,22.847000122,ACO,1133.000000000,1133.000000000,5,1
cubic_1300.txt,6,23.723000050,ACO,1136.000000000,1133.000000000,5,0
cubic_1300.txt,6,25.413000107,ACO,1140.000000000,1133.000000000,5,0
cubic_1300.txt,7,0.003000021,Tabu Search,1450.000000000,1450.000000000,1,1
cubic_1300.txt,7,0.003999949,RVNS,1447.000000000,1447.000000000,2,1
cubic_1300.txt,7,0.006000042,Tabu Search,1446.000000000,1446.000000000,3,1
cubic_1300.txt,7,0.006000042,RVNS,1443.000000000,1443.000000000,4,1
cubic_1300.txt,7,0.008000135,Tabu Search,1448.000000000,1443.000000000,5,0
cubic_1300.txt,7,0.009999990,RVNS,1445.000000000,1443.000000000,5,0
cubic_1300.txt,7,0.013999939,Tabu Search,1438.000000000,1438.000000000,5,1
cubic_1300.txt,7,0.016999960,RVNS,1442.000000000,1438.000000000,5,0
cubic_1300.txt,7,0.019999981,RVNS,1444.000000000,1438.000000000,5,0
cubic_1300.txt,7,0.036000013,RVNS,1440.000000000,1438.000000000,5,0
cubic_1300.txt,7,0.078999996,Tabu Search,1439.000000000,1438.000000000,5,0
cubic_1300.txt,7,0.098000050,Tabu Search,1441.000000000,1438.000000000,5,0
cubic_1300.txt,7,1.090000153,ACO,1401.000000000,1401.000000000,5,1
cubic_1300.txt,7,1.980999947,ACO,1391.000000000,1391.000000000,5,1
cubic_1300.txt,7,2.773000002,ACO,1375.000000000,1375.000000000,5,1
cubic_1300.txt,7,3.029999971,HHO,1167.000000000,1167.000000000,5,1
cubic_1300.txt,7,3.592999935,ACO,1381.000000000,1167.000000000,5,0
cubic_1300.txt,7,4.378999949,ACO,1362.000000000,1167.000000000,5,0
cubic_1300.txt,7,5.171000004,ACO,1364.000000000,1167.000000000,5,0
cubic_1300.txt,7,6.046000004,HHO,1155.000000000,1155.000000000,5,1
cubic_1300.txt,7,6.059000015,ACO,1359.000000000,1155.000000000,5,0
cubic_1300.txt,7,6.906000137,ACO,1346.000000000,1155.000000000,5,0
cubic_1300.txt,7,7.808000088,ACO,1348.000000000,1155.000000000,5,0
cubic_1300.txt,7,8.607000113,ACO,1345.000000000,1155.000000000,5,0
cubic_1300.txt,7,9.470000029,HHO,1165.000000000,1155.000000000,5,0
cubic_1300.txt,7,10.151999950,ACO,1150.000000000,1150.000000000,5,1
cubic_1300.txt,7,10.924999952,ACO,1166.000000000,1150.000000000,5,0
cubic_1300.txt,7,11.775000095,ACO,1164.000000000,1150.000000000,5,0
cubic_1300.txt,7,13.532999992,ACO,1161.000000000,1150.000000000,5,0
cubic_1300.txt,7,16.804000139,HHO,1156.000000000,1150.000000000,5,0
cubic_1300.txt,7,17.541000128,ACO,1153.000000000,1150.000000000,5,0
cubic_1300.txt,7,18.384000063,ACO,1145.000000000,1145.000000000,5,1
cubic_1300.txt,7,21.683000088,ACO,1147.000000000,1145.000000000,5,0
cubic_1300.txt,7,23.601999998,ACO,1149.000000000,1145.000000000,5,0
cubic_1300.txt,7,24.819999933,HHO,1151.000000000,1145.000000000,5,0
cubic_1300.txt,8,0.006000042,RVNS,1418.000000000,1418.000000000,1,1
cubic_1300.txt,8,0.006000042,Tabu Search,1459.000000000,1418.000000000,2,0
cubic_1300.txt,8,0.009000063,RVNS,1461.000000000,1418.000000000,3,0
cubic_1300.txt,8,0.009000063,Tabu Search,1419.000000000,1418.000000000,4,0
cubic_1300.txt,8,0.012000084,RVNS,1456.000000000,1418.000000000,5,0
cubic_1300.txt,8,0.015000105,RVNS,1458.000000000,1418.000000000,5,0
cubic_1300.txt,8,0.016000032,Tabu Search,1422.000000000,1418.000000000,5,0
cubic_1300.txt,8,0.017000198,RVNS,1417.000000000,1417.000000000,5,1
cubic_1300.txt,8,0.018000126,Tabu Search,1423.000000000,1417.000000000,5,0
cubic_1300.txt,8,0.019000053,RVNS,1416.000000000,1416.000000000,5,1
cubic_1300.txt,8,0.019999981,RVNS,1421.000000000,1416.000000000,5,0
cubic_1300.txt,8,0.022000074,RVNS,1420.000000000,1416.000000000,5,0
cubic_1300.txt,8,0.115000010,Tabu Search,1415.000000000,1415.000000000,5,1
cubic_1300.txt,8,1.017000198,ACO,1399.000000000,1399.000000000,5,1
cubic_1300.txt,8,2.588000059,ACO,1384.000000000,1384.000000000,5,1
cubic_1300.txt,8,2.925000191,HHO,1138.000000000,1138.000000000,5,1
cubic_1300.txt,8,3.380000114,ACO,1386.000000000,1138.000000000,5,0
cubic_1300.txt,8,4.163000107,ACO,1377.000000000,1138.000000000,5,0
cubic_1300.txt,8,5.156000137,ACO,1150.000000000,1138.000000000,5,0
cubic_1300.txt,8,5.960999966,ACO,1141.000000000,1138.000000000,5,0
cubic_1300.txt,8,6.000000000,HHO,1129.000000000,1129.000000000,5,1
cubic_1300.txt,8,6.755000114,ACO,1143.000000000,1129.000000000,5,0
cubic_1300.txt,8,7.843000174,ACO,1136.000000000,1129.000000000,5,0
cubic_1300.txt,8,8.777000189,ACO,1132.000000000,1129.000000000,5,0
cubic_1300.txt,8,9.687000036,ACO,1137.000000000,1129.000000000,5,0
cubic_1300.txt,8,11.386000156,ACO,1133.000000000,1129.000000000,5,0
cubic_1300.txt,8,17.072000027,ACO,1130.000000000,1129.000000000,5,0
cubic_1300.txt,8,27.863000154,ACO,1127.000000000,1127.000000000,5,1
cubic_1300.txt,8,28.962000132,HHO,1123.000000000,1123.000000000,5,1
cubic_1300.txt,9,0.004999876,RVNS,1425.000000000,1425.000000000,1,1
cubic_1300.txt,9,0.006000042,Tabu Search,1445.000000000,1425.000000000,2,0
cubic_1300.txt,9,0.007999897,RVNS,1426.000000000,1425.000000000,3,0
cubic_1300.txt,9,0.007999897,Tabu Search,1424.000000000,1424.000000000,4,1
cubic_1300.txt,9,0.009000063,RVNS,1423.000000000,1423.000000000,5,1
cubic_1300.txt,9,0.012000084,RVNS,1422.000000000,1422.000000000,5,1
cubic_1300.txt,9,0.023999929,RVNS,1421.000000000,1421.000000000,5,1
cubic_1300.txt,9,0.033999920,Tabu Search,1419.000000000,1419.000000000,5,1
cubic_1300.txt,9,0.043999910,Tabu Search,1420.000000000,1419.000000000,5,0
cubic_1300.txt,9,0.075999975,RVNS,1417.000000000,1417.000000000,5,1
cubic_1300.txt,9,0.124000072,RVNS,1418.000000000,1417.000000000,5,0
cubic_1300.txt,9,1.094000101,ACO,1390.000000000,1390.000000000,5,1
cubic_1300.txt,9,1.898000002,ACO,1380.000000000,1380.000000000,5,1
cubic_1300.txt,9,2.687000036,ACO,1377.000000000,1377.000000000,5,1
cubic_1300.txt,9,2.915999889,HHO,1172.000000000,1172.000000000,5,1
cubic_1300.txt,9,3.487999916,ACO,1371.000000000,1172.000000000,5,0
cubic_1300.txt,9,4.288000107,ACO,1363.000000000,1172.000000000,5,0
cubic_1300.txt,9,5.914999962,HHO,1174.000000000,1172.000000000,5,0
cubic_1300.txt,9,6.743999958,ACO,1157.000000000,1157.000000000,5,1
cubic_1300.txt,9,7.602999926,ACO,1148.000000000,1148.000000000,5,1
cubic_1300.txt,9,8.487999916,ACO,1183.000000000,1148.000000000,5,0
cubic_1300.txt,9,9.378999949,HHO,1181.000000000,1148.000000000,5,0
cubic_1300.txt,9,9.385999918,ACO,1154.000000000,1148.000000000,5,0
cubic_1300.txt,9,10.293999910,ACO,1158.000000000,1148.000000000,5,0
cubic_1300.txt,9,11.092999935,ACO,1155.000000000,1148.000000000,5,0
cubic_1300.txt,9,18.420000076,ACO,1140.000000000,1140.000000000,5,1
cubic_1300.txt,9,19.219000101,ACO,1146.000000000,1140.000000000,5,0
cubic_1300.txt,9,19.997999907,ACO,1147.000000000,1140.000000000,5,0
cubic_1300.txt,9,20.673000097,HHO,1151.000000000,1140.000000000,5,0
cubic_1300.txt,9,22.503000021,ACO,1149.000000000,1140.000000000,5,0
cubic_1300.txt,10,0.003999949,Tabu Search,1467.000000000,1467.000000000,1,1
cubic_1300.txt,10,0.004999876,RVNS,1429.000000000,1429.000000000,2,1
cubic_1300.txt,10,0.006999969,RVNS,1468.000000000,1429.000000000,3,0
cubic_1300.txt,10,0.006999969,Tabu Search,1427.000000000,1427.000000000,4,1
cubic_1300.txt,10,0.009999990,Tabu Search,1433.000000000,1427.000000000,5,0
cubic_1300.txt,10,0.009999990,RVNS,1430.000000000,1427.000000000,5,0
cubic_1300.txt,10,0.013999939,Tabu Search,1431.000000000,1427.000000000,5,0
cubic_1300.txt,10,0.016000032,Tabu Search,1432.000000000,1427.000000000,5,0
cubic_1300.txt,10,0.019999981,RVNS,1428.000000000,1427.000000000,5,0
cubic_1300.txt,10,0.037999868,RVNS,1426.000000000,1426.000000000,5,1
cubic_1300.txt,10,0.115999937,Tabu Search,1425.000000000,1425.000000000,5,1
cubic_1300.txt,10,1.019000053,ACO,1390.000000000,1390.000000000,5,1
cubic_1300.txt,10,1.838999987,ACO,1391.000000000,1390.000000000,5,0
cubic_1300.txt,10,2.687999964,ACO,1381.000000000,1381.000000000,5,1
cubic_1300.txt,10,2.924999952,HHO,1184.000000000,1184.000000000,5,1
cubic_1300.txt,10,3.460999966,ACO,1373.000000000,1184.000000000,5,0
cubic_1300.txt,10,4.305000067,ACO,1375.000000000,1184.000000000,5,0
cubic_1300.txt,10,5.169999838,ACO,1157.000000000,1157.000000000,5,1
cubic_1300.txt,10,5.960000038,ACO,1154.000000000,1154.000000000,5,1
cubic_1300.txt,10,5.964999914,HHO,1182.000000000,1154.000000000,5,0
cubic_1300.txt,10,7.695999861,ACO,1171.000000000,1154.000000000,5,0
cubic_1300.txt,10,9.549999952,ACO,1170.000000000,1154.000000000,5,0
cubic_1300.txt,10,9.608000040,HHO,1168.000000000,1154.000000000,5,0
cubic_1300.txt,10,11.240999937,ACO,1160.000000000,1154.000000000,5,0
cubic_1300.txt,10,12.059000015,ACO,1163.000000000,1154.000000000,5,0
cubic_1300.txt,10,15.323999882,ACO,1155.000000000,1154.000000000,5,0
cubic_1300.txt,10,17.124000072,HHO,1161.000000000,1154.000000000,5,0
cubic_1300.txt,10,17.855000019,ACO,1152.000000000,1152.000000000,5,1
cubic_1300.txt,10,18.675999880,ACO,1156.000000000,1152.000000000,5,0
cubic_1300.txt,10,19.524999857,ACO,1139.000000000,1139.000000000,5,1
cubic_1300.txt,10,21.445999861,ACO,1140.000000000,1139.000000000,5,0
cubic_1300.txt,10,22.378999949,ACO,1148.000000000,1139.000000000,5,0
cubic_1300.txt,10,23.753999949,ACO,1135.000000000,1135.000000000,5,1
cubic_1300.txt,10,25.496000051,ACO,1141.000000000,1135.000000000,5,0
cubic_1300.txt,10,26.299999952,ACO,1143.000000000,1135.000000000,5,0
cubic_1300.txt,10,28.730999947,ACO,1142.000000000,1135.000000000,5,0
cubic_1300.txt,10,30.277999878,ACO,1134.000000000,1134.000000000,5,1
cubic_1400.txt,1,0.004000187,Tabu Search,1569.000000000,1569.000000000,1,1
cubic_1400.txt,1,0.005000114,RVNS,1588.000000000,1569.000000000,2,0
cubic_1400.txt,1,0.007000208,Tabu Search,1570.000000000,1569.000000000,3,0
cubic_1400.txt,1,0.008000135,RVNS,1567.000000000,1567.000000000,4,1
cubic_1400.txt,1,0.009999990,RVNS,1586.000000000,1567.000000000,5,0
cubic_1400.txt,1,0.012000084,RVNS,1566.000000000,1566.000000000,5,1
cubic_1400.txt,1,0.013000011,Tabu Search,1568.000000000,1566.000000000,5,0
cubic_1400.txt,1,0.023000002,Tabu Search,1565.000000000,1565.000000000,5,1
cubic_1400.txt,1,0.054000139,RVNS,1564.000000000,1564.000000000,5,1
cubic_1400.txt,1,0.101999998,Tabu Search,1563.000000000,1563.000000000,5,1
cubic_1400.txt,1,1.039000034,ACO,1497.000000000,1497.000000000,5,1
cubic_1400.txt,1,1.844000101,ACO,1492.000000000,1492.000000000,5,1
cubic_1400.txt,1,2.661000013,ACO,1482.000000000,1482.000000000,5,1
cubic_1400.txt,1,3.019000053,HHO,1251.000000000,1251.000000000,5,1
cubic_1400.txt,1,4.382000208,ACO,1478.000000000,1251.000000000,5,0
cubic_1400.txt,1,5.164000034,ACO,1472.000000000,1251.000000000,5,0
cubic_1400.txt,1,5.953000069,ACO,1465.000000000,1251.000000000,5,0
cubic_1400.txt,1,6.059000015,HHO,1242.000000000,1242.000000000,5,1
cubic_1400.txt,1,6.763000011,ACO,1460.000000000,1242.000000000,5,0
cubic_1400.txt,1,7.717000008,ACO,1252.000000000,1242.000000000,5,0
cubic_1400.txt,1,8.694000006,ACO,1254.000000000,1242.000000000,5,0
cubic_1400.txt,1,9.749000072,HHO,1239.000000000,1239.000000000,5,1
cubic_1400.txt,1,11.190999985,ACO,1247.000000000,1239.000000000,5,0
cubic_1400.txt,1,13.736000061,ACO,1248.000000000,1239.000000000,5,0
cubic_1400.txt,1,14.660000086,ACO,1238.000000000,1238.000000000,5,1
cubic_1400.txt,1,15.498000145,ACO,1246.000000000,1238.000000000,5,0
cubic_1400.txt,1,16.328000069,ACO,1243.000000000,1238.000000000,5,0
cubic_1400.txt,1,17.956000090,ACO,1220.000000000,1220.000000000,5,1
cubic_1400.txt,1,19.002000093,ACO,1241.000000000,1220.000000000,5,0
cubic_1400.txt,1,19.949000120,ACO,1229.000000000,1220.000000000,5,0
cubic_1400.txt,1,20.763000011,ACO,1225.000000000,1220.000000000,5,0
cubic_1400.txt,1,22.403000116,ACO,1222.000000000,1220.000000000,5,0
cubic_1400.txt,1,26.746000051,ACO,1235.000000000,1220.000000000,5,0
cubic_1400.txt,1,28.325000048,ACO,1221.000000000,1220.000000000,5,0
cubic_1400.txt,2,0.003000021,Tabu Search,1564.000000000,1564.000000000,1,1
cubic_1400.txt,2,0.004999876,RVNS,1566.000000000,1564.000000000,2,0
cubic_1400.txt,2,0.006000042,Tabu Search,1568.000000000,1564.000000000,3,0
cubic_1400.txt,2,0.006999969,RVNS,1570.000000000,1564.000000000,4,0
cubic_1400.txt,2,0.006999969,Tabu Search,1567.000000000,1564.000000000,5,0
cubic_1400.txt,2,0.010999918,Tabu Search,1565.000000000,1564.000000000,5,0
cubic_1400.txt,2,0.022000074,Tabu Search,1561.000000000,1561.000000000,5,1
cubic_1400.txt,2,0.024999857,Tabu Search,1563.000000000,1561.000000000,5,0
cubic_1400.txt,2,0.026999950,Tabu Search,1562.000000000,1561.000000000,5,0
cubic_1400.txt,2,0.055000067,RVNS,1559.000000000,1559.000000000,5,1
cubic_1400.txt,2,0.098000050,RVNS,1560.000000000,1559.000000000,5,0
cubic_1400.txt,2,1.050999880,ACO,1510.000000000,1510.000000000,5,1
cubic_1400.txt,2,1.858999968,ACO,1500.000000000,1500.000000000,5,1
cubic_1400.txt,2,2.782999992,ACO,1483.000000000,1483.000000000,5,1
cubic_1400.txt,2,3.174000025,HHO,1256.000000000,1256.000000000,5,1
cubic_1400.txt,2,3.565999985,ACO,1489.000000000,1256.000000000,5,0
cubic_1400.txt,2,4.352999926,ACO,1478.000000000,1256.000000000,5,0
cubic_1400.txt,2,5.138000011,ACO,1475.000000000,1256.000000000,5,0
cubic_1400.txt,2,5.944000006,ACO,1460.000000000,1256.000000000,5,0
cubic_1400.txt,2,6.207999945,HHO,1251.000000000,1251.000000000,5,1
cubic_1400.txt,2,6.976999998,ACO,1466.000000000,1251.000000000,5,0
cubic_1400.txt,2,7.836999893,ACO,1462.000000000,1251.000000000,5,0
cubic_1400.txt,2,8.651999950,ACO,1266.000000000,1251.000000000,5,0
cubic_1400.txt,2,9.448999882,ACO,1238.000000000,1238.000000000,5,1
cubic_1400.txt,2,9.895999908,HHO,1235.000000000,1235.000000000,5,1
cubic_1400.txt,2,10.269999981,ACO,1247.000000000,1235.000000000,5,0
cubic_1400.txt,2,12.023999929,ACO,1242.000000000,1235.000000000,5,0
cubic_1400.txt,2,13.642999887,ACO,1250.000000000,1235.000000000,5,0
cubic_1400.txt,2,14.455999851,ACO,1231.000000000,1231.000000000,5,1
cubic_1400.txt,2,15.375000000,ACO,1239.000000000,1231.000000000,5,0
cubic_1400.txt,2,18.739000082,ACO,1237.000000000,1231.000000000,5,0
cubic_1400.txt,2,21.188999891,ACO,1229.000000000,1229.000000000,5,1
cubic_1400.txt,2,23.099999905,ACO,1215.000000000,1215.000000000,5,1
cubic_1400.txt,2,24.894999981,ACO,1220.000000000,1215.000000000,5,0
cubic_1400.txt,2,26.540999889,ACO,1223.000000000,1215.000000000,5,0
cubic_1400.txt,2,29.885999918,ACO,1221.000000000,1215.000000000,5,0
cubic_1400.txt,3,0.003999949,Tabu Search,1614.000000000,1614.000000000,1,1
cubic_1400.txt,3,0.005000114,RVNS,1559.000000000,1559.000000000,2,1
cubic_1400.txt,3,0.006000042,Tabu Search,1611.000000000,1559.000000000,3,0
cubic_1400.txt,3,0.006999969,RVNS,1555.000000000,1555.000000000,4,1
cubic_1400.txt,3,0.007999897,Tabu Search,1551.000000000,1551.000000000,5,1
cubic_1400.txt,3,0.009000063,RVNS,1553.000000000,1551.000000000,5,0
cubic_1400.txt,3,0.010999918,Tabu Search,1557.000000000,1551.000000000,5,0
cubic_1400.txt,3,0.013999939,Tabu Search,1554.000000000,1551.000000000,5,0
cubic_1400.txt,3,0.013999939,RVNS,1556.000000000,1551.000000000,5,0
cubic_1400.txt,3,0.016999960,Tabu Search,1552.000000000,1551.000000000,5,0
cubic_1400.txt,3,0.016999960,RVNS,1550.000000000,1550.000000000,5,1
cubic_1400.txt,3,0.026000023,Tabu Search,1549.000000000,1549.000000000,5,1
cubic_1400.txt,3,1.059000015,ACO,1510.000000000,1510.000000000,5,1
cubic_1400.txt,3,1.960999966,ACO,1494.000000000,1494.000000000,5,1
cubic_1400.txt,3,2.769000053,ACO,1485.000000000,1485.000000000,5,1
cubic_1400.txt,3,3.249000072,HHO,1251.000000000,1251.000000000,5,1
cubic_1400.txt,3,3.605999947,ACO,1486.000000000,1251.000000000,5,0
cubic_1400.txt,3,4.437000036,ACO,1484.000000000,1251.000000000,5,0
cubic_1400.txt,3,5.220000029,ACO,1481.000000000,1251.000000000,5,0
cubic_1400.txt,3,6.124000072,ACO,1250.000000000,1250.000000000,5,1
cubic_1400.txt,3,6.687999964,HHO,1247.000000000,1247.000000000,5,1
cubic_1400.txt,3,7.145999908,ACO,1256.000000000,1247.000000000,5,0
cubic_1400.txt,3,8.036999941,ACO,1270.000000000,1247.000000000,5,0
cubic_1400.txt,3,9.009999990,ACO,1255.000000000,1247.000000000,5,0
cubic_1400.txt,3,10.878000021,ACO,1240.000000000,1240.000000000,5,1
cubic_1400.txt,3,11.680999994,ACO,1253.000000000,1240.000000000,5,0
cubic_1400.txt,3,12.493000031,ACO,1249.000000000,1240.000000000,5,0
cubic_1400.txt,3,14.953000069,ACO,1227.000000000,1227.000000000,5,1
cubic_1400.txt,3,15.841000080,ACO,1241.000000000,1227.000000000,5,0
cubic_1400.txt,3,16.697000027,ACO,1239.000000000,1227.000000000,5,0
cubic_1400.txt,3,18.296999931,ACO,1229.000000000,1227.000000000,5,0
cubic_1400.txt,3,19.910000086,ACO,1236.000000000,1227.000000000,5,0
cubic_1400.txt,3,23.608999968,ACO,1232.000000000,1227.000000000,5,0
cubic_1400.txt,3,24.516999960,ACO,1221.000000000,1221.000000000,5,1
cubic_1400.txt,3,25.318000078,ACO,1223.000000000,1221.000000000,5,0
cubic_1400.txt,3,27.032999992,ACO,1207.000000000,1207.000000000,5,1
cubic_1400.txt,3,27.861999989,ACO,1220.000000000,1207.000000000,5,0
cubic_1400.txt,3,28.654000044,ACO,1217.000000000,1207.000000000,5,0
cubic_1400.txt,3,29.454999924,ACO,1206.000000000,1206.000000000,5,1
cubic_1400.txt,3,30.253000021,ACO,1213.000000000,1206.000000000,5,0
cubic_1400.txt,4,0.004999876,Tabu Search,1601.000000000,1601.000000000,1,1
cubic_1400.txt,4,0.006000042,RVNS,1549.000000000,1549.000000000,2,1
cubic_1400.txt,4,0.007999897,Tabu Search,1598.000000000,1549.000000000,3,0
cubic_1400.txt,4,0.009999990,Tabu Search,1550.000000000,1549.000000000,4,0
cubic_1400.txt,4,0.009999990,RVNS,1544.000000000,1544.000000000,5,1
cubic_1400.txt,4,0.013000011,RVNS,1547.000000000,1544.000000000,5,0
cubic_1400.txt,4,0.013000011,Tabu Search,1548.000000000,1544.000000000,5,0
cubic_1400.txt,4,0.016000032,Tabu Search,1545.000000000,1544.000000000,5,0
cubic_1400.txt,4,0.023000002,Tabu Search,1542.000000000,1542.000000000,5,1
cubic_1400.txt,4,0.024999857,RVNS,1546.000000000,1542.000000000,5,0
cubic_1400.txt,4,0.027999878,Tabu Search,1543.000000000,1542.000000000,5,0
cubic_1400.txt,4,0.105000019,RVNS,1541.000000000,1541.000000000,5,1
cubic_1400.txt,4,1.200000048,ACO,1491.000000000,1491.000000000,5,1
cubic_1400.txt,4,2.103999853,ACO,1499.000000000,1491.000000000,5,0
cubic_1400.txt,4,2.930999994,ACO,1490.000000000,1490.000000000,5,1
cubic_1400.txt,4,3.289000034,HHO,1261.000000000,1261.000000000,5,1
cubic_1400.txt,4,3.743999958,ACO,1484.000000000,1261.000000000,5,0
cubic_1400.txt,4,4.582000017,ACO,1480.000000000,1261.000000000,5,0
cubic_1400.txt,4,5.693000078,ACO,1478.000000000,1261.000000000,5,0
cubic_1400.txt,4,6.644999981,ACO,1465.000000000,1261.000000000,5,0
cubic_1400.txt,4,6.828000069,HHO,1256.000000000,1256.000000000,5,1
cubic_1400.txt,4,7.494999886,ACO,1460.000000000,1256.000000000,5,0
cubic_1400.txt,4,9.075999975,ACO,1236.000000000,1236.000000000,5,1
cubic_1400.txt,4,9.922999859,ACO,1246.000000000,1236.000000000,5,0
cubic_1400.txt,4,10.200000048,HHO,1238.000000000,1236.000000000,5,0
cubic_1400.txt,4,10.782999992,ACO,1235.000000000,1235.000000000,5,1
cubic_1400.txt,4,11.621999979,ACO,1244.000000000,1235.000000000,5,0
cubic_1400.txt,4,12.427000046,ACO,1234.000000000,1234.000000000,5,1
cubic_1400.txt,4,13.220000029,ACO,1242.000000000,1234.000000000,5,0
cubic_1400.txt,4,13.943000078,HHO,1239.000000000,1234.000000000,5,0
cubic_1400.txt,4,17.463000059,ACO,1237.000000000,1234.000000000,5,0
cubic_1400.txt,4,18.141000032,HHO,1218.000000000,1218.000000000,5,1
cubic_1400.txt,4,18.299000025,ACO,1232.000000000,1218.000000000,5,0
cubic_1400.txt,4,19.155999899,ACO,1219.000000000,1218.000000000,5,0
cubic_1400.txt,4,22.121999979,ACO,1225.000000000,1218.000000000,5,0
cubic_1400.txt,4,24.526000023,ACO,1233.000000000,1218.000000000,5,0
cubic_1400.txt,4,26.125999928,ACO,1231.000000000,1218.000000000,5,0
cubic_1400.txt,4,27.040999889,ACO,1205.000000000,1205.000000000,5,1
cubic_1400.txt,4,28.733999968,ACO,1221.000000000,1205.000000000,5,0
cubic_1400.txt,5,0.004000187,Tabu Search,1540.000000000,1540.000000000,1,1
cubic_1400.txt,5,0.005000114,RVNS,1573.000000000,1540.000000000,2,0
cubic_1400.txt,5,0.007000208,Tabu Search,1538.000000000,1538.000000000,3,1
cubic_1400.txt,5,0.008000135,RVNS,1539.000000000,1538.000000000,4,0
cubic_1400.txt,5,0.009000063,Tabu Search,1541.000000000,1538.000000000,5,0
cubic_1400.txt,5,0.017000198,RVNS,1542.000000000,1538.000000000,5,0
cubic_1400.txt,5,0.024000168,Tabu Search,1536.000000000,1536.000000000,5,1
cubic_1400.txt,5,0.026000023,Tabu Search,1537.000000000,1536.000000000,5,0
cubic_1400.txt,5,0.042000055,Tabu Search,1535.000000000,1535.000000000,5,1
cubic_1400.txt,5,1.223000050,ACO,1513.000000000,1513.000000000,5,1
cubic_1400.txt,5,2.044000149,ACO,1488.000000000,1488.000000000,5,1
cubic_1400.txt,5,2.857000113,ACO,1484.000000000,1484.000000000,5,1
cubic_1400.txt,5,3.167000055,HHO,1232.000000000,1232.000000000,5,1
cubic_1400.txt,5,3.726999998,ACO,1474.000000000,1232.000000000,5,0
cubic_1400.txt,5,4.652000189,ACO,1249.000000000,1232.000000000,5,0
cubic_1400.txt,5,5.616000175,ACO,1235.000000000,1232.000000000,5,0
cubic_1400.txt,5,6.559000015,ACO,1241.000000000,1232.000000000,5,0
cubic_1400.txt,5,7.367000103,ACO,1250.000000000,1232.000000000,5,0
cubic_1400.txt,5,8.154000044,ACO,1246.000000000,1232.000000000,5,0
cubic_1400.txt,5,9.883000135,ACO,1234.000000000,1232.000000000,5,0
cubic_1400.txt,5,10.186000109,HHO,1244.000000000,1232.000000000,5,0
cubic_1400.txt,5,15.809000015,ACO,1228.000000000,1228.000000000,5,1
cubic_1400.txt,5,17.524000168,ACO,1239.000000000,1228.000000000,5,0
cubic_1400.txt,5,18.142000198,HHO,1227.000000000,1227.000000000,5,1
cubic_1400.txt,5,18.513000011,ACO,1233.000000000,1227.000000000,5,0
cubic_1400.txt,5,20.294000149,ACO,1220.000000000,1220.000000000,5,1
cubic_1400.txt,5,23.652000189,ACO,1225.000000000,1220.000000000,5,0
cubic_1400.txt,6,0.004000187,Tabu Search,1576.000000000,1576.000000000,1,1
cubic_1400.txt,6,0.005000114,RVNS,1538.000000000,1538.000000000,2,1
cubic_1400.txt,6,0.006000042,Tabu Search,1580.000000000,1538.000000000,3,0
cubic_1400.txt,6,0.008000135,Tabu Search,1541.000000000,1538.000000000,4,0
cubic_1400.txt,6,0.009000063,RVNS,1583.000000000,1538.000000000,5,0
cubic_1400.txt,6,0.009999990,Tabu Search,1536.000000000,1536.000000000,5,1
cubic_1400.txt,6,0.009999990,RVNS,1578.000000000,1536.000000000,5,0
cubic_1400.txt,6,0.012000084,Tabu Search,1539.000000000,1536.000000000,5,0
cubic_1400.txt,6,0.013000011,RVNS,1540.000000000,1536.000000000,5,0
cubic_1400.txt,6,0.018000126,Tabu Search,1535.000000000,1535.000000000,5,1
cubic_1400.txt,6,0.027000189,Tabu Search,1537.000000000,1535.000000000,5,0
cubic_1400.txt,6,0.036000013,RVNS,1534.000000000,1534.000000000,5,1
cubic_1400.txt,6,0.111000061,RVNS,1533.000000000,1533.000000000,5,1
cubic_1400.txt,6,1.049000025,ACO,1506.000000000,1506.000000000,5,1
cubic_1400.txt,6,2.052999973,ACO,1500.000000000,1500.000000000,5,1
cubic_1400.txt,6,2.952000141,ACO,1485.000000000,1485.000000000,5,1
cubic_1400.txt,6,3.348999977,HHO,1237.000000000,1237.000000000,5,1
cubic_1400.txt,6,3.887000084,ACO,1483.000000000,1237.000000000,5,0
cubic_1400.txt,6,5.650000095,ACO,1463.000000000,1237.000000000,5,0
cubic_1400.txt,6,6.482000113,ACO,1453.000000000,1237.000000000,5,0
cubic_1400.txt,6,6.789999962,HHO,1266.000000000,1237.000000000,5,0
cubic_1400.txt,6,7.285000086,ACO,1458.000000000,1237.000000000,5,0
cubic_1400.txt,6,8.111999989,ACO,1455.000000000,1237.000000000,5,0
cubic_1400.txt,6,9.745000124,ACO,1445.000000000,1237.000000000,5,0
cubic_1400.txt,6,10.164999962,HHO,1264.000000000,1237.000000000,5,0
cubic_1400.txt,6,10.650000095,ACO,1439.000000000,1237.000000000,5,0
cubic_1400.txt,6,11.539000034,ACO,1440.000000000,1237.000000000,5,0
cubic_1400.txt,6,13.164999962,ACO,1245.000000000,1237.000000000,5,0
cubic_1400.txt,6,13.940000057,ACO,1252.000000000,1237.000000000,5,0
cubic_1400.txt,6,14.117000103,HHO,1236.000000000,1236.000000000,5,1
cubic_1400.txt,6,16.039999962,ACO,1254.000000000,1236.000000000,5,0
cubic_1400.txt,6,18.350000143,ACO,1246.000000000,1236.000000000,5,0
cubic_1400.txt,6,20.208000183,ACO,1238.000000000,1236.000000000,5,0
cubic_1400.txt,6,21.098000050,ACO,1240.000000000,1236.000000000,5,0
cubic_1400.txt,6,22.004000187,ACO,1243.000000000,1236.000000000,5,0
cubic_1400.txt,6,22.808000088,ACO,1229.000000000,1229.000000000,5,1
cubic_1400.txt,6,23.621000051,ACO,1227.000000000,1227.000000000,5,1
cubic_1400.txt,6,24.426000118,ACO,1230.000000000,1227.000000000,5,0
cubic_1400.txt,6,27.752000093,ACO,1233.000000000,1227.000000000,5,0
cubic_1400.txt,7,0.003999949,RVNS,1564.000000000,1564.000000000,1,1
cubic_1400.txt,7,0.005999804,Tabu Search,1580.000000000,1564.000000000,2,0
cubic_1400.txt,7,0.008999825,RVNS,1574.000000000,1564.000000000,3,0
cubic_1400.txt,7,0.010999918,Tabu Search,1566.000000000,1564.000000000,4,0
cubic_1400.txt,7,0.011999846,RVNS,1575.000000000,1564.000000000,5,0
cubic_1400.txt,7,0.013999939,RVNS,1569.000000000,1564.000000000,5,0
cubic_1400.txt,7,0.013999939,Tabu Search,1563.000000000,1563.000000000,5,1
cubic_1400.txt,7,0.019999981,Tabu Search,1568.000000000,1563.000000000,5,0
cubic_1400.txt,7,0.024999857,Tabu Search,1565.000000000,1563.000000000,5,0
cubic_1400.txt,7,0.029999971,Tabu Search,1567.000000000,1563.000000000,5,0
cubic_1400.txt,7,0.032999992,RVNS,1561.000000000,1561.000000000,5,1
cubic_1400.txt,7,0.043999910,Tabu Search,1562.000000000,1561.000000000,5,0
cubic_1400.txt,7,0.146999836,Tabu Search,1559.000000000,1559.000000000,5,1
cubic_1400.txt,7,1.158999920,ACO,1497.000000000,1497.000000000,5,1
cubic_1400.txt,7,1.980999947,ACO,1499.000000000,1497.000000000,5,0
cubic_1400.txt,7,2.859999895,ACO,1485.000000000,1485.000000000,5,1
cubic_1400.txt,7,3.310999870,HHO,1261.000000000,1261.000000000,5,1
cubic_1400.txt,7,4.494999886,ACO,1479.000000000,1261.000000000,5,0
cubic_1400.txt,7,5.376999855,ACO,1476.000000000,1261.000000000,5,0
cubic_1400.txt,7,6.182999849,ACO,1262.000000000,1261.000000000,5,0
cubic_1400.txt,7,7.005999804,ACO,1255.000000000,1255.000000000,5,1
cubic_1400.txt,7,7.807999849,ACO,1252.000000000,1252.000000000,5,1
cubic_1400.txt,7,8.610999823,ACO,1254.000000000,1252.000000000,5,0
cubic_1400.txt,7,9.436999798,ACO,1240.000000000,1240.000000000,5,1
cubic_1400.txt,7,11.286999941,ACO,1251.000000000,1240.000000000,5,0
cubic_1400.txt,7,12.106999874,ACO,1244.000000000,1240.000000000,5,0
cubic_1400.txt,7,12.911999941,ACO,1241.000000000,1240.000000000,5,0
cubic_1400.txt,7,13.765999794,ACO,1242.000000000,1240.000000000,5,0
cubic_1400.txt,7,14.565999985,ACO,1243.000000000,1240.000000000,5,0
cubic_1400.txt,7,17.507999897,ACO,1239.000000000,1239.000000000,5,1
cubic_1400.txt,7,19.130999804,ACO,1227.000000000,1227.000000000,5,1
cubic_1400.txt,7,25.775999784,ACO,1235.000000000,1227.000000000,5,0
cubic_1400.txt,7,26.564999819,ACO,1234.000000000,1227.000000000,5,0
cubic_1400.txt,7,28.280999899,ACO,1230.000000000,1227.000000000,5,0
cubic_1400.txt,7,29.938999891,ACO,1222.000000000,1222.000000000,5,1
cubic_1400.txt,7,30.831999779,ACO,1233.000000000,1222.000000000,5,0
cubic_1400.txt,7,31.658999920,ACO,1232.000000000,1222.000000000,5,0
cubic_1400.txt,8,0.003999949,RVNS,1568.000000000,1568.000000000,1,1
cubic_1400.txt,8,0.005000114,Tabu Search,1585.000000000,1568.000000000,2,0
cubic_1400.txt,8,0.006999969,RVNS,1590.000000000,1568.000000000,3,0
cubic_1400.txt,8,0.006999969,Tabu Search,1571.000000000,1568.000000000,4,0
cubic_1400.txt,8,0.009000063,RVNS,1589.000000000,1568.000000000,5,0
cubic_1400.txt,8,0.012000084,Tabu Search,1569.000000000,1568.000000000,5,0
cubic_1400.txt,8,0.018000126,Tabu Search,1573.000000000,1568.000000000,5,0
cubic_1400.txt,8,0.019999981,Tabu Search,1570.000000000,1568.000000000,5,0
cubic_1400.txt,8,0.023000002,Tabu Search,1572.000000000,1568.000000000,5,0
cubic_1400.txt,8,0.148999929,Tabu Search,1567.000000000,1567.000000000,5,1
cubic_1400.txt,8,1.220999956,ACO,1505.000000000,1505.000000000,5,1
cubic_1400.txt,8,2.190000057,ACO,1493.000000000,1493.000000000,5,1
cubic_1400.txt,8,3.269000053,HHO,1244.000000000,1244.000000000,5,1
cubic_1400.txt,8,3.805999994,ACO,1479.000000000,1244.000000000,5,0
cubic_1400.txt,8,4.601999998,ACO,1468.000000000,1244.000000000,5,0
cubic_1400.txt,8,5.447000027,ACO,1470.000000000,1244.000000000,5,0
cubic_1400.txt,8,6.226000071,ACO,1236.000000000,1236.000000000,5,1
cubic_1400.txt,8,6.276000023,HHO,1243.000000000,1236.000000000,5,0
cubic_1400.txt,8,7.125000000,ACO,1247.000000000,1236.000000000,5,0
cubic_1400.txt,8,8.720000029,ACO,1245.000000000,1236.000000000,5,0
cubic_1400.txt,8,9.523999929,ACO,1240.000000000,1236.000000000,5,0
cubic_1400.txt,8,10.374000072,ACO,1233.000000000,1233.000000000,5,1
cubic_1400.txt,8,11.179000139,ACO,1230.000000000,1230.000000000,5,1
cubic_1400.txt,8,12.046000004,ACO,1241.000000000,1230.000000000,5,0
cubic_1400.txt,8,12.906000137,ACO,1231.000000000,1230.000000000,5,0
cubic_1400.txt,8,13.480999947,HHO,1239.000000000,1230.000000000,5,0
cubic_1400.txt,8,14.625000000,ACO,1232.000000000,1230.000000000,5,0
cubic_1400.txt,8,18.821000099,ACO,1220.000000000,1220.000000000,5,1
cubic_1400.txt,8,19.610000134,ACO,1229.000000000,1220.000000000,5,0
cubic_1400.txt,8,20.403000116,ACO,1228.000000000,1220.000000000,5,0
cubic_1400.txt,8,21.677999973,HHO,1226.000000000,1220.000000000,5,0
cubic_1400.txt,8,22.947000027,ACO,1224.000000000,1220.000000000,5,0
cubic_1400.txt,9,0.003999949,RVNS,1559.000000000,1559.000000000,1,1
cubic_1400.txt,9,0.003999949,Tabu Search,1554.000000000,1554.000000000,2,1
cubic_1400.txt,9,0.006999969,RVNS,1550.000000000,1550.000000000,3,1
cubic_1400.txt,9,0.006999969,Tabu Search,1552.000000000,1550.000000000,4,0
cubic_1400.txt,9,0.009000063,Tabu Search,1553.000000000,1550.000000000,5,0
cubic_1400.txt,9,0.013000011,Tabu Search,1555.000000000,1550.000000000,5,0
cubic_1400.txt,9,0.016000032,RVNS,1551.000000000,1550.000000000,5,0
cubic_1400.txt,9,0.055999994,RVNS,1549.000000000,1549.000000000,5,1
cubic_1400.txt,9,1.079999924,ACO,1492.000000000,1492.000000000,5,1
cubic_1400.txt,9,1.890000105,ACO,1496.000000000,1492.000000000,5,0
cubic_1400.txt,9,2.690999985,ACO,1491.000000000,1491.000000000,5,1
cubic_1400.txt,9,3.079999924,HHO,1250.000000000,1250.000000000,5,1
cubic_1400.txt,9,3.500999928,ACO,1488.000000000,1250.000000000,5,0
cubic_1400.txt,9,4.342000008,ACO,1465.000000000,1250.000000000,5,0
cubic_1400.txt,9,5.133000135,ACO,1267.000000000,1250.000000000,5,0
cubic_1400.txt,9,5.947000027,ACO,1252.000000000,1250.000000000,5,0
cubic_1400.txt,9,6.203999996,HHO,1248.000000000,1248.000000000,5,1
cubic_1400.txt,9,6.727999926,ACO,1246.000000000,1246.000000000,5,1
cubic_1400.txt,9,8.532000065,ACO,1242.000000000,1242.000000000,5,1
cubic_1400.txt,9,10.171999931,ACO,1249.000000000,1242.000000000,5,0
cubic_1400.txt,9,12.638999939,ACO,1245.000000000,1242.000000000,5,0
cubic_1400.txt,9,13.733999968,ACO,1244.000000000,1242.000000000,5,0
cubic_1400.txt,9,14.694999933,ACO,1232.000000000,1232.000000000,5,1
cubic_1400.txt,9,15.595999956,ACO,1243.000000000,1232.000000000,5,0
cubic_1400.txt,9,17.930000067,ACO,1235.000000000,1232.000000000,5,0
cubic_1400.txt,9,21.329999924,ACO,1241.000000000,1232.000000000,5,0
cubic_1400.txt,9,22.970999956,ACO,1237.000000000,1232.000000000,5,0
cubic_1400.txt,9,31.500999928,ACO,1227.000000000,1227.000000000,5,1
cubic_1400.txt,10,0.003999949,RVNS,1541.000000000,1541.000000000,1,1
cubic_1400.txt,10,0.004999876,Tabu Search,1559.000000000,1541.000000000,2,0
cubic_1400.txt,10,0.006999969,RVNS,1538.000000000,1538.000000000,3,1
cubic_1400.txt,10,0.007999897,Tabu Search,1540.000000000,1538.000000000,4,0
cubic_1400.txt,10,0.013999939,Tabu Search,1537.000000000,1537.000000000,5,1
cubic_1400.txt,10,0.013999939,RVNS,1536.000000000,1536.000000000,5,1
cubic_1400.txt,10,0.016999960,RVNS,1539.000000000,1536.000000000,5,0
cubic_1400.txt,10,0.023000002,RVNS,1535.000000000,1535.000000000,5,1
cubic_1400.txt,10,0.109999895,RVNS,1534.000000000,1534.000000000,5,1
cubic_1400.txt,10,1.096999884,ACO,1507.000000000,1507.000000000,5,1
cubic_1400.txt,10,1.903999805,ACO,1505.000000000,1505.000000000,5,1
cubic_1400.txt,10,2.712999821,ACO,1489.000000000,1489.000000000,5,1
cubic_1400.txt,10,3.078999996,HHO,1262.000000000,1262.000000000,5,1
cubic_1400.txt,10,3.514999866,ACO,1483.000000000,1262.000000000,5,0
cubic_1400.txt,10,4.332999945,ACO,1481.000000000,1262.000000000,5,0
cubic_1400.txt,10,5.166999817,ACO,1475.000000000,1262.000000000,5,0
cubic_1400.txt,10,5.967999935,ACO,1464.000000000,1262.000000000,5,0
cubic_1400.txt,10,6.118999958,HHO,1251.000000000,1251.000000000,5,1
cubic_1400.txt,10,6.769999981,ACO,1466.000000000,1251.000000000,5,0
cubic_1400.txt,10,7.578999996,ACO,1246.000000000,1246.000000000,5,1
cubic_1400.txt,10,8.373999834,ACO,1247.000000000,1246.000000000,5,0
cubic_1400.txt,10,9.230999947,ACO,1256.000000000,1246.000000000,5,0
cubic_1400.txt,10,9.415999889,HHO,1237.000000000,1237.000000000,5,1
cubic_1400.txt,10,11.973999977,ACO,1253.000000000,1237.000000000,5,0
cubic_1400.txt,10,13.422999859,HHO,1244.000000000,1237.000000000,5,0
cubic_1400.txt,10,14.695999861,ACO,1239.000000000,1237.000000000,5,0
cubic_1400.txt,10,15.490999937,ACO,1230.000000000,1230.000000000,5,1
cubic_1400.txt,10,18.893999815,ACO,1228.000000000,1228.000000000,5,1
cubic_1400.txt,10,19.699999809,ACO,1241.000000000,1228.000000000,5,0
cubic_1400.txt,10,20.500000000,ACO,1224.000000000,1224.000000000,5,1
cubic_1400.txt,10,21.378000021,ACO,1226.000000000,1224.000000000,5,0
cubic_1400.txt,10,23.073999882,ACO,1222.000000000,1222.000000000,5,1
cubic_1400.txt,10,30.148000002,ACO,1223.000000000,1222.000000000,5,0
cubic_1500.txt,1,0.005000114,RVNS,1701.000000000,1701.000000000,1,1
cubic_1500.txt,1,0.005000114,Tabu Search,1668.000000000,1668.000000000,2,1
cubic_1500.txt,1,0.006999969,Tabu Search,1671.000000000,1668.000000000,3,0
cubic_1500.txt,1,0.006999969,RVNS,1699.000000000,1668.000000000,4,0
cubic_1500.txt,1,0.008000135,Tabu Search,1669.000000000,1668.000000000,5,0
cubic_1500.txt,1,0.009000063,RVNS,1673.000000000,1668.000000000,5,0
cubic_1500.txt,1,0.014000177,Tabu Search,1666.000000000,1666.000000000,5,1
cubic_1500.txt,1,0.016000032,RVNS,1667.000000000,1666.000000000,5,0
cubic_1500.txt,1,0.019999981,Tabu Search,1663.000000000,1663.000000000,5,1
cubic_1500.txt,1,0.019999981,RVNS,1665.000000000,1663.000000000,5,0
cubic_1500.txt,1,0.023000002,RVNS,1662.000000000,1662.000000000,5,1
cubic_1500.txt,1,0.082000017,Tabu Search,1664.000000000,1662.000000000,5,0
cubic_1500.txt,1,1.069000006,ACO,1614.000000000,1614.000000000,5,1
cubic_1500.txt,1,1.881000042,ACO,1610.000000000,1610.000000000,5,1
cubic_1500.txt,1,2.690999985,ACO,1605.000000000,1605.000000000,5,1
cubic_1500.txt,1,3.256000042,HHO,1341.000000000,1341.000000000,5,1
cubic_1500.txt,1,3.514000177,ACO,1598.000000000,1341.000000000,5,0
cubic_1500.txt,1,4.358000040,ACO,1342.000000000,1341.000000000,5,0
cubic_1500.txt,1,5.172000170,ACO,1330.000000000,1330.000000000,5,1
cubic_1500.txt,1,6.085000038,ACO,1346.000000000,1330.000000000,5,0
cubic_1500.txt,1,6.679000139,HHO,1348.000000000,1330.000000000,5,0
cubic_1500.txt,1,8.671000004,ACO,1336.000000000,1330.000000000,5,0
cubic_1500.txt,1,9.525000095,ACO,1314.000000000,1314.000000000,5,1
cubic_1500.txt,1,10.630000114,HHO,1340.000000000,1314.000000000,5,0
cubic_1500.txt,1,12.381000042,ACO,1324.000000000,1314.000000000,5,0
cubic_1500.txt,1,14.989000082,HHO,1335.000000000,1314.000000000,5,0
cubic_1500.txt,1,15.094000101,ACO,1334.000000000,1314.000000000,5,0
cubic_1500.txt,1,16.812000036,ACO,1318.000000000,1314.000000000,5,0
cubic_1500.txt,1,17.650000095,ACO,1319.000000000,1314.000000000,5,0
cubic_1500.txt,1,19.396000147,HHO,1329.000000000,1314.000000000,5,0
cubic_1500.txt,1,21.022000074,ACO,1328.000000000,1314.000000000,5,0
cubic_1500.txt,1,28.315999985,ACO,1323.000000000,1314.000000000,5,0
cubic_1500.txt,1,29.139000177,ACO,1316.000000000,1314.000000000,5,0
cubic_1500.txt,1,29.995000124,ACO,1320.000000000,1314.000000000,5,0
cubic_1500.txt,1,31.703999996,ACO,1315.000000000,1314.000000000,5,0
cubic_1500.txt,1,32.521000147,ACO,1313.000000000,1313.000000000,5,1
cubic_1500.txt,1,33.301000118,ACO,1309.000000000,1309.000000000,5,1
cubic_1500.txt,2,0.006000042,Tabu Search,1705.000000000,1705.000000000,1,1
cubic_1500.txt,2,0.006000042,RVNS,1679.000000000,1679.000000000,2,1
cubic_1500.txt,2,0.007999897,RVNS,1703.000000000,1679.000000000,3,0
cubic_1500.txt,2,0.009000063,Tabu Search,1678.000000000,1678.000000000,4,1
cubic_1500.txt,2,0.009999990,RVNS,1701.000000000,1678.000000000,5,0
cubic_1500.txt,2,0.010999918,Tabu Search,1677.000000000,1677.000000000,5,1
cubic_1500.txt,2,0.013999939,RVNS,1700.000000000,1677.000000000,5,0
cubic_1500.txt,2,0.015000105,Tabu Search,1684.000000000,1677.000000000,5,0
cubic_1500.txt,2,0.016000032,RVNS,1683.000000000,1677.000000000,5,0
cubic_1500.txt,2,0.016999960,Tabu Search,1681.000000000,1677.000000000,5,0
cubic_1500.txt,2,0.017999887,Tabu Search,1676.000000000,1676.000000000,5,1
cubic_1500.txt,2,0.023000002,RVNS,1680.000000000,1676.000000000,5,0
cubic_1500.txt,2,0.094000101,Tabu Search,1675.000000000,1675.000000000,5,1
cubic_1500.txt,2,0.105000019,Tabu Search,1674.000000000,1674.000000000,5,1
cubic_1500.txt,2,1.104000092,ACO,1602.000000000,1602.000000000,5,1
cubic_1500.txt,2,1.950999975,ACO,1607.000000000,1602.000000000,5,0
cubic_1500.txt,2,2.757999897,ACO,1601.000000000,1601.000000000,5,1
cubic_1500.txt,2,3.319000006,HHO,1343.000000000,1343.000000000,5,1
cubic_1500.txt,2,3.578000069,ACO,1593.000000000,1343.000000000,5,0
cubic_1500.txt,2,4.381000042,ACO,1331.000000000,1331.000000000,5,1
cubic_1500.txt,2,5.198999882,ACO,1352.000000000,1331.000000000,5,0
cubic_1500.txt,2,6.187000036,ACO,1354.000000000,1331.000000000,5,0
cubic_1500.txt,2,7.299000025,HHO,1333.000000000,1331.000000000,5,0
cubic_1500.txt,2,7.684999943,ACO,1339.000000000,1331.000000000,5,0
cubic_1500.txt,2,10.802000046,ACO,1334.000000000,1331.000000000,5,0
cubic_1500.txt,2,12.585999966,ACO,1336.000000000,1331.000000000,5,0
cubic_1500.txt,2,14.234999895,ACO,1320.000000000,1320.000000000,5,1
cubic_1500.txt,2,15.075000048,ACO,1329.000000000,1320.000000000,5,0
cubic_1500.txt,2,26.171000004,ACO,1326.000000000,1320.000000000,5,0
cubic_1500.txt,2,26.966000080,ACO,1319.000000000,1319.000000000,5,1
cubic_1500.txt,2,28.805999994,ACO,1317.000000000,1317.000000000,5,1
cubic_1500.txt,2,30.420000076,ACO,1311.000000000,1311.000000000,5,1
cubic_1500.txt,2,31.257999897,ACO,1308.000000000,1308.000000000,5,1
cubic_1500.txt,3,0.004999876,Tabu Search,1677.000000000,1677.000000000,1,1
cubic_1500.txt,3,0.006000042,RVNS,1669.000000000,1669.000000000,2,1
cubic_1500.txt,3,0.006999969,Tabu Search,1681.000000000,1669.000000000,3,0
cubic_1500.txt,3,0.007999897,Tabu Search,1668.000000000,1668.000000000,4,1
cubic_1500.txt,3,0.009999990,RVNS,1680.000000000,1668.000000000,5,0
cubic_1500.txt,3,0.011999846,RVNS,1675.000000000,1668.000000000,5,0
cubic_1500.txt,3,0.013000011,RVNS,1671.000000000,1668.000000000,5,0
cubic_1500.txt,3,0.014999866,Tabu Search,1672.000000000,1668.000000000,5,0
cubic_1500.txt,3,0.026999950,Tabu Search,1670.000000000,1668.000000000,5,0
cubic_1500.txt,3,0.033999920,Tabu Search,1667.000000000,1667.000000000,5,1
cubic_1500.txt,3,0.042999983,RVNS,1666.000000000,1666.000000000,5,1
cubic_1500.txt,3,0.047999859,RVNS,1665.000000000,1665.000000000,5,1
cubic_1500.txt,3,1.075000048,ACO,1614.000000000,1614.000000000,5,1
cubic_1500.txt,3,1.902999878,ACO,1610.000000000,1610.000000000,5,1
cubic_1500.txt,3,2.786000013,ACO,1606.000000000,1606.000000000,5,1
cubic_1500.txt,3,3.371000051,HHO,1329.000000000,1329.000000000,5,1
cubic_1500.txt,3,3.700000048,ACO,1591.000000000,1329.000000000,5,0
cubic_1500.txt,3,4.613999844,ACO,1582.000000000,1329.000000000,5,0
cubic_1500.txt,3,5.537999868,ACO,1320.000000000,1320.000000000,5,1
cubic_1500.txt,3,6.417999983,ACO,1330.000000000,1320.000000000,5,0
cubic_1500.txt,3,6.908999920,HHO,1334.000000000,1320.000000000,5,0
cubic_1500.txt,3,9.069000006,ACO,1308.000000000,1308.000000000,5,1
cubic_1500.txt,3,9.888999939,ACO,1309.000000000,1308.000000000,5,0
cubic_1500.txt,3,10.634000063,HHO,1317.000000000,1308.000000000,5,0
cubic_1500.txt,3,10.700000048,ACO,1315.000000000,1308.000000000,5,0
cubic_1500.txt,3,12.355999947,ACO,1312.000000000,1308.000000000,5,0
cubic_1500.txt,3,21.069999933,ACO,1310.000000000,1308.000000000,5,0
cubic_1500.txt,3,25.253000021,ACO,1314.000000000,1308.000000000,5,0
cubic_1500.txt,3,28.486000061,ACO,1313.000000000,1308.000000000,5,0
cubic_1500.txt,3,32.885999918,HHO,1311.000000000,1308.000000000,5,0
cubic_1500.txt,4,0.005000114,RVNS,1718.000000000,1718.000000000,1,1
cubic_1500.txt,4,0.005000114,Tabu Search,1629.000000000,1629.000000000,2,1
cubic_1500.txt,4,0.008000135,RVNS,1721.000000000,1629.000000000,3,0
cubic_1500.txt,4,0.008000135,Tabu Search,1627.000000000,1627.000000000,4,1
cubic_1500.txt,4,0.011000156,RVNS,1628.000000000,1627.000000000,5,0
cubic_1500.txt,4,0.015000105,Tabu Search,1630.000000000,1627.000000000,5,0
cubic_1500.txt,4,0.022000074,Tabu Search,1636.000000000,1627.000000000,5,0
cubic_1500.txt,4,0.026000023,Tabu Search,1633.000000000,1627.000000000,5,0
cubic_1500.txt,4,0.028000116,RVNS,1626.000000000,1626.000000000,5,1
cubic_1500.txt,4,0.042000055,Tabu Search,1625.000000000,1625.000000000,5,1
cubic_1500.txt,4,0.067000151,RVNS,1624.000000000,1624.000000000,5,1
cubic_1500.txt,4,0.088000059,RVNS,1623.000000000,1623.000000000,5,1
cubic_1500.txt,4,1.318000078,ACO,1607.000000000,1607.000000000,5,1
cubic_1500.txt,4,2.137000084,ACO,1597.000000000,1597.000000000,5,1
cubic_1500.txt,4,2.947000027,ACO,1593.000000000,1593.000000000,5,1
cubic_1500.txt,4,3.482000113,HHO,1341.000000000,1341.000000000,5,1
cubic_1500.txt,4,3.799000025,ACO,1587.000000000,1341.000000000,5,0
cubic_1500.txt,4,4.601000071,ACO,1583.000000000,1341.000000000,5,0
cubic_1500.txt,4,5.407999992,ACO,1584.000000000,1341.000000000,5,0
cubic_1500.txt,4,6.299999952,ACO,1586.000000000,1341.000000000,5,0
cubic_1500.txt,4,6.884000063,HHO,1353.000000000,1341.000000000,5,0
cubic_1500.txt,4,7.118000031,ACO,1579.000000000,1341.000000000,5,0
cubic_1500.txt,4,8.046000004,ACO,1351.000000000,1341.000000000,5,0
cubic_1500.txt,4,8.865000010,ACO,1340.000000000,1340.000000000,5,1
cubic_1500.txt,4,9.667000055,ACO,1321.000000000,1321.000000000,5,1
cubic_1500.txt,4,10.465000153,ACO,1330.000000000,1321.000000000,5,0
cubic_1500.txt,4,10.499000072,HHO,1316.000000000,1316.000000000,5,1
cubic_1500.txt,4,11.282000065,ACO,1324.000000000,1316.000000000,5,0
cubic_1500.txt,4,12.113000154,ACO,1328.000000000,1316.000000000,5,0
cubic_1500.txt,4,12.973999977,ACO,1322.000000000,1316.000000000,5,0
cubic_1500.txt,4,14.785000086,HHO,1320.000000000,1316.000000000,5,0
cubic_1500.txt,4,23.616000175,ACO,1323.000000000,1316.000000000,5,0
cubic_1500.txt,4,27.779999971,ACO,1317.000000000,1316.000000000,5,0
cubic_1500.txt,4,33.205000162,ACO,1313.000000000,1313.000000000,5,1
cubic_1500.txt,5,0.005000114,Tabu Search,1663.000000000,1663.000000000,1,1
cubic_1500.txt,5,0.005000114,RVNS,1662.000000000,1662.000000000,2,1
cubic_1500.txt,5,0.006999969,Tabu Search,1666.000000000,1662.000000000,3,0
cubic_1500.txt,5,0.008000135,RVNS,1664.000000000,1662.000000000,4,0
cubic_1500.txt,5,0.009999990,Tabu Search,1658.000000000,1658.000000000,5,1
cubic_1500.txt,5,0.011000156,RVNS,1659.000000000,1658.000000000,5,0
cubic_1500.txt,5,0.013000011,Tabu Search,1657.000000000,1657.000000000,5,1
cubic_1500.txt,5,0.018000126,Tabu Search,1660.000000000,1657.000000000,5,0
cubic_1500.txt,5,0.024000168,Tabu Search,1661.000000000,1657.000000000,5,0
cubic_1500.txt,5,0.047000170,RVNS,1656.000000000,1656.000000000,5,1
cubic_1500.txt,5,1.192000151,ACO,1625.000000000,1625.000000000,5,1
cubic_1500.txt,5,2.169000149,ACO,1609.000000000,1609.000000000,5,1
cubic_1500.txt,5,3.245000124,ACO,1592.000000000,1592.000000000,5,1
cubic_1500.txt,5,3.752000093,HHO,1343.000000000,1343.000000000,5,1
cubic_1500.txt,5,4.058000088,ACO,1581.000000000,1343.000000000,5,0
cubic_1500.txt,5,4.873000145,ACO,1584.000000000,1343.000000000,5,0
cubic_1500.txt,5,5.725000143,ACO,1575.000000000,1343.000000000,5,0
cubic_1500.txt,5,6.524000168,ACO,1327.000000000,1327.000000000,5,1
cubic_1500.txt,5,6.996000051,HHO,1319.000000000,1319.000000000,5,1
cubic_1500.txt,5,7.335000038,ACO,1326.000000000,1319.000000000,5,0
cubic_1500.txt,5,8.278000116,ACO,1320.000000000,1319.000000000,5,0
cubic_1500.txt,5,9.075000048,ACO,1337.000000000,1319.000000000,5,0
cubic_1500.txt,5,9.929000139,ACO,1333.000000000,1319.000000000,5,0
cubic_1500.txt,5,10.718000174,HHO,1316.000000000,1316.000000000,5,1
cubic_1500.txt,5,10.830000162,ACO,1315.000000000,1315.000000000,5,1
cubic_1500.txt,5,24.037000179,ACO,1318.000000000,1315.000000000,5,0
cubic_1500.txt,5,27.065000057,ACO,1310.000000000,1310.000000000,5,1
cubic_1500.txt,5,30.458000183,ACO,1314.000000000,1310.000000000,5,0
cubic_1500.txt,5,32.211000204,ACO,1298.000000000,1298.000000000,5,1
cubic_1500.txt,5,33.026000023,ACO,1308.000000000,1298.000000000,5,0
cubic_1500.txt,5,33.765000105,ACO,1307.000000000,1298.000000000,5,0
cubic_1500.txt,6,0.003000021,Tabu Search,1683.000000000,1683.000000000,1,1
cubic_1500.txt,6,0.003999949,RVNS,1690.000000000,1683.000000000,2,0
cubic_1500.txt,6,0.004999876,RVNS,1689.000000000,1683.000000000,3,0
cubic_1500.txt,6,0.006000042,Tabu Search,1684.000000000,1683.000000000,4,0
cubic_1500.txt,6,0.007999897,Tabu Search,1686.000000000,1683.000000000,5,0
cubic_1500.txt,6,0.009999990,RVNS,1688.000000000,1683.000000000,5,0
cubic_1500.txt,6,0.019000053,Tabu Search,1682.000000000,1682.000000000,5,1
cubic_1500.txt,6,0.024999857,Tabu Search,1685.000000000,1682.000000000,5,0
cubic_1500.txt,6,0.032999992,RVNS,1680.000000000,1680.000000000,5,1
cubic_1500.txt,6,0.116999865,Tabu Search,1681.000000000,1680.000000000,5,0
cubic_1500.txt,6,1.082000017,ACO,1613.000000000,1613.000000000,5,1
cubic_1500.txt,6,1.937999964,ACO,1603.000000000,1603.000000000,5,1
cubic_1500.txt,6,2.740000010,ACO,1596.000000000,1596.000000000,5,1
cubic_1500.txt,6,3.269999981,HHO,1358.000000000,1358.000000000,5,1
cubic_1500.txt,6,3.556999922,ACO,1583.000000000,1358.000000000,5,0
cubic_1500.txt,6,4.365000010,ACO,1580.000000000,1358.000000000,5,0
cubic_1500.txt,6,5.180000067,ACO,1585.000000000,1358.000000000,5,0
cubic_1500.txt,6,6.006999969,ACO,1582.000000000,1358.000000000,5,0
cubic_1500.txt,6,6.691999912,HHO,1341.000000000,1341.000000000,5,1
cubic_1500.txt,6,6.937999964,ACO,1571.000000000,1341.000000000,5,0
cubic_1500.txt,6,7.852999926,ACO,1575.000000000,1341.000000000,5,0
cubic_1500.txt,6,8.713999987,ACO,1566.000000000,1341.000000000,5,0
cubic_1500.txt,6,9.513999939,ACO,1346.000000000,1341.000000000,5,0
cubic_1500.txt,6,10.320999861,ACO,1324.000000000,1324.000000000,5,1
cubic_1500.txt,6,10.375999928,HHO,1342.000000000,1324.000000000,5,0
cubic_1500.txt,6,12.138999939,ACO,1354.000000000,1324.000000000,5,0
cubic_1500.txt,6,13.855999947,ACO,1343.000000000,1324.000000000,5,0
cubic_1500.txt,6,14.773000002,ACO,1322.000000000,1322.000000000,5,1
cubic_1500.txt,6,15.626999855,ACO,1327.000000000,1322.000000000,5,0
cubic_1500.txt,6,16.435999870,ACO,1321.000000000,1321.000000000,5,1
cubic_1500.txt,6,17.328999996,ACO,1330.000000000,1321.000000000,5,0
cubic_1500.txt,6,18.161999941,ACO,1326.000000000,1321.000000000,5,0
cubic_1500.txt,6,25.190000057,ACO,1314.000000000,1314.000000000,5,1
cubic_1500.txt,6,27.680000067,ACO,1323.000000000,1314.000000000,5,0
cubic_1500.txt,6,28.556999922,ACO,1319.000000000,1314.000000000,5,0
cubic_1500.txt,7,0.006999969,RVNS,1672.000000000,1672.000000000,1,1
cubic_1500.txt,7,0.006999969,Tabu Search,1709.000000000,1672.000000000,2,0
cubic_1500.txt,7,0.008999825,RVNS,1673.000000000,1672.000000000,3,0
cubic_1500.txt,7,0.009999990,Tabu Search,1670.000000000,1670.000000000,4,1
cubic_1500.txt,7,0.013000011,Tabu Search,1671.000000000,1670.000000000,5,0
cubic_1500.txt,7,0.014999866,Tabu Search,1669.000000000,1669.000000000,5,1
cubic_1500.txt,7,0.033999920,Tabu Search,1664.000000000,1664.000000000,5,1
cubic_1500.txt,7,0.040999889,RVNS,1668.000000000,1664.000000000,5,0
cubic_1500.txt,7,0.177999973,Tabu Search,1667.000000000,1664.000000000,5,0
cubic_1500.txt,7,1.325999975,ACO,1597.000000000,1597.000000000,5,1
cubic_1500.txt,7,2.132999897,ACO,1598.000000000,1597.000000000,5,0
cubic_1500.txt,7,2.925999880,ACO,1595.000000000,1595.000000000,5,1
cubic_1500.txt,7,3.474999905,HHO,1329.000000000,1329.000000000,5,1
cubic_1500.txt,7,3.736999989,ACO,1586.000000000,1329.000000000,5,0
cubic_1500.txt,7,4.702999830,ACO,1584.000000000,1329.000000000,5,0
cubic_1500.txt,7,5.845999956,ACO,1578.000000000,1329.000000000,5,0
cubic_1500.txt,7,6.789000034,ACO,1582.000000000,1329.000000000,5,0
cubic_1500.txt,7,7.349999905,HHO,1319.000000000,1319.000000000,5,1
cubic_1500.txt,7,7.656999826,ACO,1325.000000000,1319.000000000,5,0
cubic_1500.txt,7,8.519999981,ACO,1336.000000000,1319.000000000,5,0
cubic_1500.txt,7,9.342000008,ACO,1331.000000000,1319.000000000,5,0
cubic_1500.txt,7,10.174000025,ACO,1322.000000000,1319.000000000,5,0
cubic_1500.txt,7,11.112999916,ACO,1321.000000000,1319.000000000,5,0
cubic_1500.txt,7,12.760999918,ACO,1324.000000000,1319.000000000,5,0
cubic_1500.txt,7,13.602999926,ACO,1316.000000000,1316.000000000,5,1
cubic_1500.txt,7,14.430999994,ACO,1313.000000000,1313.000000000,5,1
cubic_1500.txt,7,15.026999950,HHO,1309.000000000,1309.000000000,5,1
cubic_1500.txt,7,18.720999956,ACO,1311.000000000,1309.000000000,5,0
cubic_1500.txt,7,19.496999979,HHO,1318.000000000,1309.000000000,5,0
cubic_1500.txt,7,25.077999830,HHO,1315.000000000,1309.000000000,5,0
cubic_1500.txt,7,33.316999912,ACO,1310.000000000,1309.000000000,5,0
cubic_1500.txt,8,0.005000114,RVNS,1652.000000000,1652.000000000,1,1
cubic_1500.txt,8,0.006000042,Tabu Search,1675.000000000,1652.000000000,2,0
cubic_1500.txt,8,0.009000063,RVNS,1679.000000000,1652.000000000,3,0
cubic_1500.txt,8,0.009000063,Tabu Search,1657.000000000,1652.000000000,4,0
cubic_1500.txt,8,0.010999918,RVNS,1655.000000000,1652.000000000,5,0
cubic_1500.txt,8,0.013000011,RVNS,1654.000000000,1652.000000000,5,0
cubic_1500.txt,8,0.015000105,RVNS,1658.000000000,1652.000000000,5,0
cubic_1500.txt,8,0.017999887,RVNS,1653.000000000,1652.000000000,5,0
cubic_1500.txt,8,0.023000002,RVNS,1656.000000000,1652.000000000,5,0
cubic_1500.txt,8,0.032000065,RVNS,1647.000000000,1647.000000000,5,1
cubic_1500.txt,8,0.036999941,RVNS,1651.000000000,1647.000000000,5,0
cubic_1500.txt,8,0.058000088,RVNS,1650.000000000,1647.000000000,5,0
cubic_1500.txt,8,0.072000027,Tabu Search,1649.000000000,1647.000000000,5,0
cubic_1500.txt,8,0.072000027,RVNS,1648.000000000,1647.000000000,5,0
cubic_1500.txt,8,1.377000093,ACO,1606.000000000,1606.000000000,5,1
cubic_1500.txt,8,2.309000015,ACO,1598.000000000,1598.000000000,5,1
cubic_1500.txt,8,3.293999910,ACO,1593.000000000,1593.000000000,5,1
cubic_1500.txt,8,3.769999981,HHO,1360.000000000,1360.000000000,5,1
cubic_1500.txt,8,4.091000080,ACO,1599.000000000,1360.000000000,5,0
cubic_1500.txt,8,4.934999943,ACO,1339.000000000,1339.000000000,5,1
cubic_1500.txt,8,5.766999960,ACO,1353.000000000,1339.000000000,5,0
cubic_1500.txt,8,6.582999945,ACO,1334.000000000,1334.000000000,5,1
cubic_1500.txt,8,7.141000032,HHO,1340.000000000,1334.000000000,5,0
cubic_1500.txt,8,8.336999893,ACO,1342.000000000,1334.000000000,5,0
cubic_1500.txt,8,10.114000082,ACO,1345.000000000,1334.000000000,5,0
cubic_1500.txt,8,12.050999880,ACO,1327.000000000,1327.000000000,5,1
cubic_1500.txt,8,12.897000074,ACO,1341.000000000,1327.000000000,5,0
cubic_1500.txt,8,17.496000051,ACO,1311.000000000,1311.000000000,5,1
cubic_1500.txt,8,18.552000046,ACO,1322.000000000,1311.000000000,5,0
cubic_1500.txt,8,19.407000065,ACO,1328.000000000,1311.000000000,5,0
cubic_1500.txt,8,21.032999992,ACO,1324.000000000,1311.000000000,5,0
cubic_1500.txt,8,21.842000008,ACO,1320.000000000,1311.000000000,5,0
cubic_1500.txt,8,23.520999908,ACO,1325.000000000,1311.000000000,5,0
cubic_1500.txt,8,28.882999897,ACO,1303.000000000,1303.000000000,5,1
cubic_1500.txt,8,29.742000103,ACO,1314.000000000,1303.000000000,5,0
cubic_1500.txt,8,30.691999912,ACO,1302.000000000,1302.000000000,5,1
cubic_1500.txt,8,31.660000086,ACO,1315.000000000,1302.000000000,5,0
cubic_1500.txt,8,33.441999912,ACO,1296.000000000,1296.000000000,5,1
cubic_1500.txt,8,34.277999878,ACO,1310.000000000,1296.000000000,5,0
cubic_1500.txt,9,0.003999949,RVNS,1673.000000000,1673.000000000,1,1
cubic_1500.txt,9,0.004999876,Tabu Search,1672.000000000,1672.000000000,2,1
cubic_1500.txt,9,0.005999804,RVNS,1674.000000000,1672.000000000,3,0
cubic_1500.txt,9,0.009999990,RVNS,1668.000000000,1668.000000000,4,1
cubic_1500.txt,9,0.009999990,Tabu Search,1671.000000000,1668.000000000,5,0
cubic_1500.txt,9,0.014999866,Tabu Search,1670.000000000,1668.000000000,5,0
cubic_1500.txt,9,0.031999826,RVNS,1669.000000000,1668.000000000,5,0
cubic_1500.txt,9,0.049999952,RVNS,1667.000000000,1667.000000000,5,1
cubic_1500.txt,9,0.184000015,RVNS,1666.000000000,1666.000000000,5,1
cubic_1500.txt,9,1.153999805,ACO,1605.000000000,1605.000000000,5,1
cubic_1500.txt,9,1.974999905,ACO,1607.000000000,1605.000000000,5,0
cubic_1500.txt,9,2.812000036,ACO,1592.000000000,1592.000000000,5,1
cubic_1500.txt,9,3.461999893,HHO,1318.000000000,1318.000000000,5,1
cubic_1500.txt,9,3.651999950,ACO,1591.000000000,1318.000000000,5,0
cubic_1500.txt,9,4.462999821,ACO,1583.000000000,1318.000000000,5,0
cubic_1500.txt,9,5.291999817,ACO,1587.000000000,1318.000000000,5,0
cubic_1500.txt,9,6.125999928,ACO,1586.000000000,1318.000000000,5,0
cubic_1500.txt,9,6.737999916,HHO,1314.000000000,1314.000000000,5,1
cubic_1500.txt,9,6.941999912,ACO,1572.000000000,1314.000000000,5,0
cubic_1500.txt,9,7.736999989,ACO,1338.000000000,1314.000000000,5,0
cubic_1500.txt,9,9.427999973,ACO,1334.000000000,1314.000000000,5,0
cubic_1500.txt,9,10.315999985,ACO,1313.000000000,1313.000000000,5,1
cubic_1500.txt,9,11.291999817,ACO,1306.000000000,1306.000000000,5,1
cubic_1500.txt,9,12.212999821,ACO,1325.000000000,1306.000000000,5,0
cubic_1500.txt,9,14.961999893,ACO,1322.000000000,1306.000000000,5,0
cubic_1500.txt,9,15.787999868,ACO,1319.000000000,1306.000000000,5,0
cubic_1500.txt,9,16.606999874,ACO,1308.000000000,1306.000000000,5,0
cubic_1500.txt,9,23.434999943,ACO,1307.000000000,1306.000000000,5,0
cubic_1500.txt,9,26.224999905,ACO,1302.000000000,1302.000000000,5,1
cubic_1500.txt,10,0.005000114,RVNS,1711.000000000,1711.000000000,1,1
cubic_1500.txt,10,0.006000042,Tabu Search,1689.000000000,1689.000000000,2,1
cubic_1500.txt,10,0.006000042,RVNS,1707.000000000,1689.000000000,3,0
cubic_1500.txt,10,0.008000135,RVNS,1694.000000000,1689.000000000,4,0
cubic_1500.txt,10,0.009999990,Tabu Search,1691.000000000,1689.000000000,5,0
cubic_1500.txt,10,0.013000011,Tabu Search,1693.000000000,1689.000000000,5,0
cubic_1500.txt,10,0.016000032,Tabu Search,1690.000000000,1689.000000000,5,0
cubic_1500.txt,10,0.018000126,RVNS,1692.000000000,1689.000000000,5,0
cubic_1500.txt,10,0.031000137,RVNS,1687.000000000,1687.000000000,5,1
cubic_1500.txt,10,0.036999941,RVNS,1686.000000000,1686.000000000,5,1
cubic_1500.txt,10,0.056999922,Tabu Search,1688.000000000,1686.000000000,5,0
cubic_1500.txt,10,1.101000071,ACO,1602.000000000,1602.000000000,5,1
cubic_1500.txt,10,1.939000130,ACO,1588.000000000,1588.000000000,5,1
cubic_1500.txt,10,2.758000135,ACO,1592.000000000,1588.000000000,5,0
cubic_1500.txt,10,3.245000124,HHO,1335.000000000,1335.000000000,5,1
cubic_1500.txt,10,3.627000093,ACO,1589.000000000,1335.000000000,5,0
cubic_1500.txt,10,5.407999992,ACO,1569.000000000,1335.000000000,5,0
cubic_1500.txt,10,6.253999949,ACO,1570.000000000,1335.000000000,5,0
cubic_1500.txt,10,6.720999956,HHO,1332.000000000,1332.000000000,5,1
cubic_1500.txt,10,7.114000082,ACO,1578.000000000,1332.000000000,5,0
cubic_1500.txt,10,8.236000061,ACO,1344.000000000,1332.000000000,5,0
cubic_1500.txt,10,9.151000023,ACO,1328.000000000,1328.000000000,5,1
cubic_1500.txt,10,10.095999956,ACO,1325.000000000,1325.000000000,5,1
cubic_1500.txt,10,13.569000006,ACO,1334.000000000,1325.000000000,5,0
cubic_1500.txt,10,14.417999983,ACO,1333.000000000,1325.000000000,5,0
cubic_1500.txt,10,16.250000000,ACO,1331.000000000,1325.000000000,5,0
cubic_1500.txt,10,23.368999958,ACO,1329.000000000,1325.000000000,5,0
cubic_1500.txt,10,25.237999916,ACO,1322.000000000,1322.000000000,5,1
cubic_1500.txt,10,26.154000044,ACO,1316.000000000,1316.000000000,5,1
cubic_1500.txt,10,27.029999971,ACO,1326.000000000,1316.000000000,5,0
cubic_1500.txt,10,28.679000139,ACO,1308.000000000,1308.000000000,5,1
cubic_1500.txt,10,33.026000023,ACO,1313.000000000,1308.000000000,5,0
cubic_1600.txt,1,0.003999949,Tabu Search,1784.000000000,1784.000000000,1,1
cubic_1600.txt,1,0.003999949,RVNS,1775.000000000,1775.000000000,2,1
cubic_1600.txt,1,0.006999969,Tabu Search,1774.000000000,1774.000000000,3,1
cubic_1600.txt,1,0.006999969,RVNS,1789.000000000,1774.000000000,4,0
cubic_1600.txt,1,0.009999990,RVNS,1771.000000000,1771.000000000,5,1
cubic_1600.txt,1,0.009999990,Tabu Search,1770.000000000,1770.000000000,5,1
cubic_1600.txt,1,0.013000011,Tabu Search,1773.000000000,1770.000000000,5,0
cubic_1600.txt,1,0.013999939,RVNS,1772.000000000,1770.000000000,5,0
cubic_1600.txt,1,0.014999866,Tabu Search,1768.000000000,1768.000000000,5,1
cubic_1600.txt,1,0.029000044,Tabu Search,1767.000000000,1767.000000000,5,1
cubic_1600.txt,1,0.059000015,Tabu Search,1769.000000000,1767.000000000,5,0
cubic_1600.txt,1,1.332999945,ACO,1720.000000000,1720.000000000,5,1
cubic_1600.txt,1,3.006999969,ACO,1711.000000000,1711.000000000,5,1
cubic_1600.txt,1,3.702999830,HHO,1433.000000000,1433.000000000,5,1
cubic_1600.txt,1,3.931999922,ACO,1692.000000000,1433.000000000,5,0
cubic_1600.txt,1,5.797999859,ACO,1689.000000000,1433.000000000,5,0
cubic_1600.txt,1,6.714999914,ACO,1685.000000000,1433.000000000,5,0
cubic_1600.txt,1,7.605999947,HHO,1408.000000000,1408.000000000,5,1
cubic_1600.txt,1,7.667999983,ACO,1672.000000000,1408.000000000,5,0
cubic_1600.txt,1,8.611999989,ACO,1676.000000000,1408.000000000,5,0
cubic_1600.txt,1,9.530999899,ACO,1669.000000000,1408.000000000,5,0
cubic_1600.txt,1,10.346999884,ACO,1413.000000000,1408.000000000,5,0
cubic_1600.txt,1,11.148999929,ACO,1414.000000000,1408.000000000,5,0
cubic_1600.txt,1,11.552000046,HHO,1410.000000000,1408.000000000,5,0
cubic_1600.txt,1,11.976999998,ACO,1425.000000000,1408.000000000,5,0
cubic_1600.txt,1,15.447999954,ACO,1415.000000000,1408.000000000,5,0
cubic_1600.txt,1,22.738999844,ACO,1387.000000000,1387.000000000,5,1
cubic_1600.txt,1,23.598000050,ACO,1406.000000000,1387.000000000,5,0
cubic_1600.txt,1,24.415999889,ACO,1412.000000000,1387.000000000,5,0
cubic_1600.txt,1,27.848000050,ACO,1402.000000000,1387.000000000,5,0
cubic_1600.txt,1,30.246999979,ACO,1394.000000000,1387.000000000,5,0
cubic_1600.txt,2,0.004999876,Tabu Search,1790.000000000,1790.000000000,1,1
cubic_1600.txt,2,0.004999876,RVNS,1825.000000000,1790.000000000,2,0
cubic_1600.txt,2,0.006999969,Tabu Search,1786.000000000,1786.000000000,3,1
cubic_1600.txt,2,0.006999969,RVNS,1829.000000000,1786.000000000,4,0
cubic_1600.txt,2,0.007999897,Tabu Search,1785.000000000,1785.000000000,5,1
cubic_1600.txt,2,0.008999825,RVNS,1822.000000000,1785.000000000,5,0
cubic_1600.txt,2,0.011999846,RVNS,1789.000000000,1785.000000000,5,0
cubic_1600.txt,2,0.011999846,Tabu Search,1788.000000000,1785.000000000,5,0
cubic_1600.txt,2,0.016999960,RVNS,1787.000000000,1785.000000000,5,0
cubic_1600.txt,2,0.036000013,RVNS,1783.000000000,1783.000000000,5,1
cubic_1600.txt,2,0.118000031,RVNS,1784.000000000,1783.000000000,5,0
cubic_1600.txt,2,1.453999996,ACO,1705.000000000,1705.000000000,5,1
cubic_1600.txt,2,2.483999968,ACO,1707.000000000,1705.000000000,5,0
cubic_1600.txt,2,3.398000002,ACO,1706.000000000,1705.000000000,5,0
cubic_1600.txt,2,4.155999899,HHO,1423.000000000,1423.000000000,5,1
cubic_1600.txt,2,4.238999844,ACO,1701.000000000,1423.000000000,5,0
cubic_1600.txt,2,5.077999830,ACO,1443.000000000,1423.000000000,5,0
cubic_1600.txt,2,6.786999941,ACO,1432.000000000,1423.000000000,5,0
cubic_1600.txt,2,7.658999920,ACO,1441.000000000,1423.000000000,5,0
cubic_1600.txt,2,7.728999853,HHO,1433.000000000,1423.000000000,5,0
cubic_1600.txt,2,9.312999964,ACO,1431.000000000,1423.000000000,5,0
cubic_1600.txt,2,10.172999859,ACO,1406.000000000,1406.000000000,5,1
cubic_1600.txt,2,12.036999941,ACO,1426.000000000,1406.000000000,5,0
cubic_1600.txt,2,13.832000017,ACO,1425.000000000,1406.000000000,5,0
cubic_1600.txt,2,14.674000025,ACO,1429.000000000,1406.000000000,5,0
cubic_1600.txt,2,15.889999866,HHO,1420.000000000,1406.000000000,5,0
cubic_1600.txt,2,16.611999989,ACO,1424.000000000,1406.000000000,5,0
cubic_1600.txt,2,24.615999937,ACO,1408.000000000,1406.000000000,5,0
cubic_1600.txt,2,25.434999943,ACO,1413.000000000,1406.000000000,5,0
cubic_1600.txt,2,26.253999949,ACO,1418.000000000,1406.000000000,5,0
cubic_1600.txt,2,27.098999977,ACO,1394.000000000,1394.000000000,5,1
cubic_1600.txt,2,27.917999983,ACO,1404.000000000,1394.000000000,5,0
cubic_1600.txt,2,31.764999866,ACO,1391.000000000,1391.000000000,5,1
cubic_1600.txt,2,34.846999884,ACO,1395.000000000,1391.000000000,5,0
cubic_1600.txt,3,0.003999949,RVNS,1782.000000000,1782.000000000,1,1
cubic_1600.txt,3,0.006000042,Tabu Search,1769.000000000,1769.000000000,2,1
cubic_1600.txt,3,0.006999969,RVNS,1785.000000000,1769.000000000,3,0
cubic_1600.txt,3,0.009000063,Tabu Search,1768.000000000,1768.000000000,4,1
cubic_1600.txt,3,0.012000084,Tabu Search,1765.000000000,1765.000000000,5,1
cubic_1600.txt,3,0.015000105,RVNS,1770.000000000,1765.000000000,5,0
cubic_1600.txt,3,0.015000105,Tabu Search,1767.000000000,1765.000000000,5,0
cubic_1600.txt,3,0.020999908,RVNS,1766.000000000,1765.000000000,5,0
cubic_1600.txt,3,0.026000023,RVNS,1764.000000000,1764.000000000,5,1
cubic_1600.txt,3,0.036999941,Tabu Search,1762.000000000,1762.000000000,5,1
cubic_1600.txt,3,0.039000034,Tabu Search,1763.000000000,1762.000000000,5,0
cubic_1600.txt,3,0.095999956,RVNS,1761.000000000,1761.000000000,5,1
cubic_1600.txt,3,1.194999933,ACO,1726.000000000,1726.000000000,5,1
cubic_1600.txt,3,2.157000065,ACO,1696.000000000,1696.000000000,5,1
cubic_1600.txt,3,3.062999964,ACO,1697.000000000,1696.000000000,5,0
cubic_1600.txt,3,3.752000093,HHO,1435.000000000,1435.000000000,5,1
cubic_1600.txt,3,3.881000042,ACO,1692.000000000,1435.000000000,5,0
cubic_1600.txt,3,4.716000080,ACO,1689.000000000,1435.000000000,5,0
cubic_1600.txt,3,6.328999996,ACO,1686.000000000,1435.000000000,5,0
cubic_1600.txt,3,7.342999935,ACO,1441.000000000,1435.000000000,5,0
cubic_1600.txt,3,8.153000116,ACO,1426.000000000,1426.000000000,5,1
cubic_1600.txt,3,9.082000017,ACO,1421.000000000,1421.000000000,5,1
cubic_1600.txt,3,10.131999969,ACO,1439.000000000,1421.000000000,5,0
cubic_1600.txt,3,12.005000114,ACO,1431.000000000,1421.000000000,5,0
cubic_1600.txt,3,15.410000086,ACO,1429.000000000,1421.000000000,5,0
cubic_1600.txt,3,16.235000134,ACO,1423.000000000,1421.000000000,5,0
cubic_1600.txt,3,17.222000122,ACO,1420.000000000,1420.000000000,5,1
cubic_1600.txt,3,19.045000076,ACO,1405.000000000,1405.000000000,5,1
cubic_1600.txt,3,19.875000000,ACO,1411.000000000,1405.000000000,5,0
cubic_1600.txt,3,26.351000071,ACO,1410.000000000,1405.000000000,5,0
cubic_1600.txt,3,27.170000076,ACO,1415.000000000,1405.000000000,5,0
cubic_1600.txt,3,28.010999918,ACO,1412.000000000,1405.000000000,5,0
cubic_1600.txt,3,30.611999989,ACO,1413.000000000,1405.000000000,5,0
cubic_1600.txt,4,0.006000042,Tabu Search,1785.000000000,1785.000000000,1,1
cubic_1600.txt,4,0.006999969,RVNS,1766.000000000,1766.000000000,2,1
cubic_1600.txt,4,0.009999990,Tabu Search,1767.000000000,1766.000000000,3,0
cubic_1600.txt,4,0.009999990,RVNS,1782.000000000,1766.000000000,4,0
cubic_1600.txt,4,0.012000084,Tabu Search,1761.000000000,1761.000000000,5,1
cubic_1600.txt,4,0.016000032,RVNS,1765.000000000,1761.000000000,5,0
cubic_1600.txt,4,0.016999960,Tabu Search,1762.000000000,1761.000000000,5,0
cubic_1600.txt,4,0.019999981,Tabu Search,1764.000000000,1761.000000000,5,0
cubic_1600.txt,4,0.025000095,RVNS,1763.000000000,1761.000000000,5,0
cubic_1600.txt,4,0.037999868,Tabu Search,1760.000000000,1760.000000000,5,1
cubic_1600.txt,4,0.040999889,Tabu Search,1759.000000000,1759.000000000,5,1
cubic_1600.txt,4,1.135999918,ACO,1722.000000000,1722.000000000,5,1
cubic_1600.txt,4,1.933000088,ACO,1724.000000000,1722.000000000,5,0
cubic_1600.txt,4,2.716000080,ACO,1711.000000000,1711.000000000,5,1
cubic_1600.txt,4,3.391999960,HHO,1416.000000000,1416.000000000,5,1
cubic_1600.txt,4,3.558000088,ACO,1708.000000000,1416.000000000,5,0
cubic_1600.txt,4,4.707999945,ACO,1421.000000000,1416.000000000,5,0
cubic_1600.txt,4,5.750999928,ACO,1401.000000000,1401.000000000,5,1
cubic_1600.txt,4,6.644999981,ACO,1398.000000000,1398.000000000,5,1
cubic_1600.txt,4,7.470999956,HHO,1425.000000000,1398.000000000,5,0
cubic_1600.txt,4,8.282999992,ACO,1410.000000000,1398.000000000,5,0
cubic_1600.txt,4,9.151999950,ACO,1415.000000000,1398.000000000,5,0
cubic_1600.txt,4,10.023999929,ACO,1409.000000000,1398.000000000,5,0
cubic_1600.txt,4,12.677999973,ACO,1414.000000000,1398.000000000,5,0
cubic_1600.txt,4,15.741999865,HHO,1404.000000000,1398.000000000,5,0
cubic_1600.txt,4,16.953999996,ACO,1402.000000000,1398.000000000,5,0
cubic_1600.txt,4,17.818000078,ACO,1391.000000000,1391.000000000,5,1
cubic_1600.txt,4,18.809999943,ACO,1403.000000000,1391.000000000,5,0
cubic_1600.txt,4,19.760999918,ACO,1392.000000000,1391.000000000,5,0
cubic_1600.txt,4,20.749000072,ACO,1393.000000000,1391.000000000,5,0
cubic_1600.txt,4,32.456000090,ACO,1395.000000000,1391.000000000,5,0
cubic_1600.txt,4,35.332000017,HHO,1397.000000000,1391.000000000,5,0
cubic_1600.txt,4,35.384999990,ACO,1396.000000000,1391.000000000,5,0
cubic_1600.txt,5,0.006000042,Tabu Search,1765.000000000,1765.000000000,1,1
cubic_1600.txt,5,0.006000042,RVNS,1727.000000000,1727.000000000,2,1
cubic_1600.txt,5,0.009999990,Tabu Search,1725.000000000,1725.000000000,3,1
cubic_1600.txt,5,0.009999990,RVNS,1729.000000000,1725.000000000,4,0
cubic_1600.txt,5,0.013999939,Tabu Search,1730.000000000,1725.000000000,5,0
cubic_1600.txt,5,0.013999939,RVNS,1726.000000000,1725.000000000,5,0
cubic_1600.txt,5,0.023000002,Tabu Search,1728.000000000,1725.000000000,5,0
cubic_1600.txt,5,0.030999899,Tabu Search,1724.000000000,1724.000000000,5,1
cubic_1600.txt,5,0.039000034,RVNS,1723.000000000,1723.000000000,5,1
cubic_1600.txt,5,0.056999922,RVNS,1721.000000000,1721.000000000,5,1
cubic_1600.txt,5,0.065000057,Tabu Search,1722.000000000,1721.000000000,5,0
cubic_1600.txt,5,2.865999937,ACO,1707.000000000,1707.000000000,5,1
cubic_1600.txt,5,3.638000011,HHO,1434.000000000,1434.000000000,5,1
cubic_1600.txt,5,3.779999971,ACO,1702.000000000,1434.000000000,5,0
cubic_1600.txt,5,4.668999910,ACO,1686.000000000,1434.000000000,5,0
cubic_1600.txt,5,5.493000031,ACO,1684.000000000,1434.000000000,5,0
cubic_1600.txt,5,6.319000006,ACO,1687.000000000,1434.000000000,5,0
cubic_1600.txt,5,7.140000105,ACO,1680.000000000,1434.000000000,5,0
cubic_1600.txt,5,7.282999992,HHO,1437.000000000,1434.000000000,5,0
cubic_1600.txt,5,8.000000000,ACO,1452.000000000,1434.000000000,5,0
cubic_1600.txt,5,8.826999903,ACO,1438.000000000,1434.000000000,5,0
cubic_1600.txt,5,9.647000074,ACO,1424.000000000,1424.000000000,5,1
cubic_1600.txt,5,10.453999996,ACO,1440.000000000,1424.000000000,5,0
cubic_1600.txt,5,10.921000004,HHO,1439.000000000,1424.000000000,5,0
cubic_1600.txt,5,11.285000086,ACO,1426.000000000,1424.000000000,5,0
cubic_1600.txt,5,12.114000082,ACO,1420.000000000,1420.000000000,5,1
cubic_1600.txt,5,12.992000103,ACO,1411.000000000,1411.000000000,5,1
cubic_1600.txt,5,13.844000101,ACO,1416.000000000,1411.000000000,5,0
cubic_1600.txt,5,14.826999903,ACO,1408.000000000,1408.000000000,5,1
cubic_1600.txt,5,17.710000038,ACO,1415.000000000,1408.000000000,5,0
cubic_1600.txt,5,18.552000046,ACO,1414.000000000,1408.000000000,5,0
cubic_1600.txt,5,24.507999897,HHO,1413.000000000,1408.000000000,5,0
cubic_1600.txt,5,32.450000048,ACO,1410.000000000,1408.000000000,5,0
cubic_1600.txt,6,0.006000042,Tabu Search,1805.000000000,1805.000000000,1,1
cubic_1600.txt,6,0.006999969,RVNS,1801.000000000,1801.000000000,2,1
cubic_1600.txt,6,0.009999990,Tabu Search,1803.000000000,1801.000000000,3,0
cubic_1600.txt,6,0.009999990,RVNS,1796.000000000,1796.000000000,4,1
cubic_1600.txt,6,0.013000011,RVNS,1798.000000000,1796.000000000,5,0
cubic_1600.txt,6,0.016000032,RVNS,1797.000000000,1796.000000000,5,0
cubic_1600.txt,6,0.019000053,Tabu Search,1800.000000000,1796.000000000,5,0
cubic_1600.txt,6,0.020999908,Tabu Search,1799.000000000,1796.000000000,5,0
cubic_1600.txt,6,0.055999994,RVNS,1795.000000000,1795.000000000,5,1
cubic_1600.txt,6,0.066999912,Tabu Search,1794.000000000,1794.000000000,5,1
cubic_1600.txt,6,0.101999998,Tabu Search,1792.000000000,1792.000000000,5,1
cubic_1600.txt,6,1.155999899,ACO,1709.000000000,1709.000000000,5,1
cubic_1600.txt,6,2.772000074,ACO,1706.000000000,1706.000000000,5,1
cubic_1600.txt,6,3.385999918,HHO,1408.000000000,1408.000000000,5,1
cubic_1600.txt,6,3.601000071,ACO,1703.000000000,1408.000000000,5,0
cubic_1600.txt,6,4.459000111,ACO,1697.000000000,1408.000000000,5,0
cubic_1600.txt,6,5.400000095,ACO,1431.000000000,1408.000000000,5,0
cubic_1600.txt,6,6.207999945,ACO,1416.000000000,1408.000000000,5,0
cubic_1600.txt,6,7.029000044,ACO,1419.000000000,1408.000000000,5,0
cubic_1600.txt,6,7.075999975,HHO,1425.000000000,1408.000000000,5,0
cubic_1600.txt,6,7.854000092,ACO,1413.000000000,1408.000000000,5,0
cubic_1600.txt,6,9.657999992,ACO,1423.000000000,1408.000000000,5,0
cubic_1600.txt,6,11.118999958,HHO,1422.000000000,1408.000000000,5,0
cubic_1600.txt,6,14.145999908,ACO,1417.000000000,1408.000000000,5,0
cubic_1600.txt,6,15.394000053,HHO,1414.000000000,1408.000000000,5,0
cubic_1600.txt,6,15.924000025,ACO,1411.000000000,1408.000000000,5,0
cubic_1600.txt,6,19.911000013,HHO,1406.000000000,1406.000000000,5,1
cubic_1600.txt,6,20.996999979,ACO,1405.000000000,1405.000000000,5,1
cubic_1600.txt,6,21.849999905,ACO,1401.000000000,1401.000000000,5,1
cubic_1600.txt,6,25.648000002,ACO,1399.000000000,1399.000000000,5,1
cubic_1600.txt,6,27.440000057,ACO,1391.000000000,1391.000000000,5,1
cubic_1600.txt,6,28.269999981,ACO,1397.000000000,1391.000000000,5,0
cubic_1600.txt,6,29.082999945,ACO,1404.000000000,1391.000000000,5,0
cubic_1600.txt,6,29.908999920,ACO,1393.000000000,1391.000000000,5,0
cubic_1600.txt,6,31.697999954,ACO,1387.000000000,1387.000000000,5,1
cubic_1600.txt,6,35.023999929,ACO,1396.000000000,1387.000000000,5,0
cubic_1600.txt,7,0.005000114,Tabu Search,1824.000000000,1824.000000000,1,1
cubic_1600.txt,7,0.005000114,RVNS,1783.000000000,1783.000000000,2,1
cubic_1600.txt,7,0.008000135,Tabu Search,1784.000000000,1783.000000000,3,0
cubic_1600.txt,7,0.011000156,RVNS,1780.000000000,1780.000000000,4,1
cubic_1600.txt,7,0.014000177,RVNS,1781.000000000,1780.000000000,5,0
cubic_1600.txt,7,0.016999960,RVNS,1785.000000000,1780.000000000,5,0
cubic_1600.txt,7,0.023000002,Tabu Search,1782.000000000,1780.000000000,5,0
cubic_1600.txt,7,0.028000116,Tabu Search,1778.000000000,1778.000000000,5,1
cubic_1600.txt,7,0.041000128,Tabu Search,1779.000000000,1778.000000000,5,0
cubic_1600.txt,7,0.064000130,Tabu Search,1777.000000000,1777.000000000,5,1
cubic_1600.txt,7,1.200000048,ACO,1719.000000000,1719.000000000,5,1
cubic_1600.txt,7,2.074000120,ACO,1711.000000000,1711.000000000,5,1
cubic_1600.txt,7,2.884000063,ACO,1704.000000000,1704.000000000,5,1
cubic_1600.txt,7,3.605000019,HHO,1428.000000000,1428.000000000,5,1
cubic_1600.txt,7,4.736999989,ACO,1691.000000000,1428.000000000,5,0
cubic_1600.txt,7,5.666000128,ACO,1695.000000000,1428.000000000,5,0
cubic_1600.txt,7,6.571000099,ACO,1674.000000000,1428.000000000,5,0
cubic_1600.txt,7,7.384999990,ACO,1675.000000000,1428.000000000,5,0
cubic_1600.txt,7,7.509999990,HHO,1421.000000000,1421.000000000,5,1
cubic_1600.txt,7,8.196000099,ACO,1671.000000000,1421.000000000,5,0
cubic_1600.txt,7,10.666000128,ACO,1667.000000000,1421.000000000,5,0
cubic_1600.txt,7,11.449000120,HHO,1422.000000000,1421.000000000,5,0
cubic_1600.txt,7,11.527000189,ACO,1407.000000000,1407.000000000,5,1
cubic_1600.txt,7,12.398000002,ACO,1431.000000000,1407.000000000,5,0
cubic_1600.txt,7,14.175000191,ACO,1420.000000000,1407.000000000,5,0
cubic_1600.txt,7,14.992000103,ACO,1415.000000000,1407.000000000,5,0
cubic_1600.txt,7,15.820000172,ACO,1418.000000000,1407.000000000,5,0
cubic_1600.txt,7,17.644999981,ACO,1419.000000000,1407.000000000,5,0
cubic_1600.txt,7,19.357000113,ACO,1413.000000000,1407.000000000,5,0
cubic_1600.txt,7,20.384000063,ACO,1411.000000000,1407.000000000,5,0
cubic_1600.txt,7,22.327000141,ACO,1405.000000000,1405.000000000,5,1
cubic_1600.txt,7,23.187000036,ACO,1414.000000000,1405.000000000,5,0
cubic_1600.txt,7,24.856000185,ACO,1409.000000000,1405.000000000,5,0
cubic_1600.txt,7,29.163000107,ACO,1404.000000000,1404.000000000,5,1
cubic_1600.txt,8,0.006000042,RVNS,1783.000000000,1783.000000000,1,1
cubic_1600.txt,8,0.006999969,Tabu Search,1767.000000000,1767.000000000,2,1
cubic_1600.txt,8,0.009999990,RVNS,1769.000000000,1767.000000000,3,0
cubic_1600.txt,8,0.009999990,Tabu Search,1771.000000000,1767.000000000,4,0
cubic_1600.txt,8,0.011999846,RVNS,1785.000000000,1767.000000000,5,0
cubic_1600.txt,8,0.013999939,RVNS,1768.000000000,1767.000000000,5,0
cubic_1600.txt,8,0.019999981,Tabu Search,1766.000000000,1766.000000000,5,1
cubic_1600.txt,8,0.023000002,Tabu Search,1765.000000000,1765.000000000,5,1
cubic_1600.txt,8,0.029999971,RVNS,1763.000000000,1763.000000000,5,1
cubic_1600.txt,8,0.055999994,RVNS,1764.000000000,1763.000000000,5,0
cubic_1600.txt,8,0.100999832,Tabu Search,1762.000000000,1762.000000000,5,1
cubic_1600.txt,8,0.122999907,Tabu Search,1760.000000000,1760.000000000,5,1
cubic_1600.txt,8,1.190999985,ACO,1712.000000000,1712.000000000,5,1
cubic_1600.txt,8,2.144000053,ACO,1707.000000000,1707.000000000,5,1
cubic_1600.txt,8,3.463999987,ACO,1709.000000000,1707.000000000,5,0
cubic_1600.txt,8,4.307999849,HHO,1433.000000000,1433.000000000,5,1
cubic_1600.txt,8,4.414999962,ACO,1687.000000000,1433.000000000,5,0
cubic_1600.txt,8,5.378999949,ACO,1683.000000000,1433.000000000,5,0
cubic_1600.txt,8,6.277999878,ACO,1686.000000000,1433.000000000,5,0
cubic_1600.txt,8,7.164000034,ACO,1685.000000000,1433.000000000,5,0
cubic_1600.txt,8,8.177000046,HHO,1435.000000000,1433.000000000,5,0
cubic_1600.txt,8,9.162999868,ACO,1662.000000000,1433.000000000,5,0
cubic_1600.txt,8,9.963000059,ACO,1663.000000000,1433.000000000,5,0
cubic_1600.txt,8,10.777999878,ACO,1665.000000000,1433.000000000,5,0
cubic_1600.txt,8,11.582999945,ACO,1651.000000000,1433.000000000,5,0
cubic_1600.txt,8,12.125000000,HHO,1448.000000000,1433.000000000,5,0
cubic_1600.txt,8,12.404000044,ACO,1652.000000000,1433.000000000,5,0
cubic_1600.txt,8,13.296000004,ACO,1416.000000000,1416.000000000,5,1
cubic_1600.txt,8,14.359999895,ACO,1428.000000000,1416.000000000,5,0
cubic_1600.txt,8,16.201999903,ACO,1432.000000000,1416.000000000,5,0
cubic_1600.txt,8,17.029999971,ACO,1425.000000000,1416.000000000,5,0
cubic_1600.txt,8,17.865999937,ACO,1423.000000000,1416.000000000,5,0
cubic_1600.txt,8,21.296000004,ACO,1422.000000000,1416.000000000,5,0
cubic_1600.txt,8,22.217999935,ACO,1426.000000000,1416.000000000,5,0
cubic_1600.txt,8,23.139999866,ACO,1408.000000000,1408.000000000,5,1
cubic_1600.txt,8,24.067999840,ACO,1401.000000000,1401.000000000,5,1
cubic_1600.txt,8,25.036000013,ACO,1412.000000000,1401.000000000,5,0
cubic_1600.txt,8,28.488999844,ACO,1420.000000000,1401.000000000,5,0
cubic_1600.txt,8,31.200000048,ACO,1419.000000000,1401.000000000,5,0
cubic_1600.txt,8,33.807999849,ACO,1418.000000000,1401.000000000,5,0
cubic_1600.txt,8,35.665999889,HHO,1415.000000000,1401.000000000,5,0
cubic_1600.txt,9,0.004999876,Tabu Search,1774.000000000,1774.000000000,1,1
cubic_1600.txt,9,0.004999876,RVNS,1760.000000000,1760.000000000,2,1
cubic_1600.txt,9,0.007999897,Tabu Search,1764.000000000,1760.000000000,3,0
cubic_1600.txt,9,0.007999897,RVNS,1771.000000000,1760.000000000,4,0
cubic_1600.txt,9,0.010999918,Tabu Search,1762.000000000,1760.000000000,5,0
cubic_1600.txt,9,0.012000084,Tabu Search,1766.000000000,1760.000000000,5,0
cubic_1600.txt,9,0.015000105,Tabu Search,1759.000000000,1759.000000000,5,1
cubic_1600.txt,9,0.015000105,RVNS,1763.000000000,1759.000000000,5,0
cubic_1600.txt,9,0.016999960,Tabu Search,1761.000000000,1759.000000000,5,0
cubic_1600.txt,9,0.027999878,RVNS,1757.000000000,1757.000000000,5,1
cubic_1600.txt,9,0.032999992,RVNS,1758.000000000,1757.000000000,5,0
cubic_1600.txt,9,1.220000029,ACO,1686.000000000,1686.000000000,5,1
cubic_1600.txt,9,2.016999960,ACO,1688.000000000,1686.000000000,5,0
cubic_1600.txt,9,3.513000011,HHO,1418.000000000,1418.000000000,5,1
cubic_1600.txt,9,4.458999872,ACO,1693.000000000,1418.000000000,5,0
cubic_1600.txt,9,5.267999887,ACO,1690.000000000,1418.000000000,5,0
cubic_1600.txt,9,6.216000080,ACO,1415.000000000,1415.000000000,5,1
cubic_1600.txt,9,7.124000072,HHO,1453.000000000,1415.000000000,5,0
cubic_1600.txt,9,7.141000032,ACO,1421.000000000,1415.000000000,5,0
cubic_1600.txt,9,8.059999943,ACO,1426.000000000,1415.000000000,5,0
cubic_1600.txt,9,8.963000059,ACO,1411.000000000,1411.000000000,5,1
cubic_1600.txt,9,10.691999912,ACO,1407.000000000,1407.000000000,5,1
cubic_1600.txt,9,11.650000095,ACO,1412.000000000,1407.000000000,5,0
cubic_1600.txt,9,18.489000082,ACO,1417.000000000,1407.000000000,5,0
cubic_1600.txt,9,20.151000023,ACO,1408.000000000,1407.000000000,5,0
cubic_1600.txt,9,25.566999912,ACO,1394.000000000,1394.000000000,5,1
cubic_1600.txt,9,26.453000069,ACO,1393.000000000,1393.000000000,5,1
cubic_1600.txt,9,27.368000031,ACO,1406.000000000,1393.000000000,5,0
cubic_1600.txt,9,28.185999870,ACO,1388.000000000,1388.000000000,5,1
cubic_1600.txt,9,29.868000031,ACO,1398.000000000,1388.000000000,5,0
cubic_1600.txt,9,34.085999966,ACO,1403.000000000,1388.000000000,5,0
cubic_1600.txt,10,0.005000114,Tabu Search,1832.000000000,1832.000000000,1,1
cubic_1600.txt,10,0.006000042,RVNS,1781.000000000,1781.000000000,2,1
cubic_1600.txt,10,0.006000042,Tabu Search,1834.000000000,1781.000000000,3,0
cubic_1600.txt,10,0.008000135,RVNS,1777.000000000,1777.000000000,4,1
cubic_1600.txt,10,0.010000229,RVNS,1828.000000000,1777.000000000,5,0
cubic_1600.txt,10,0.014000177,RVNS,1833.000000000,1777.000000000,5,0
cubic_1600.txt,10,0.014000177,Tabu Search,1779.000000000,1777.000000000,5,0
cubic_1600.txt,10,0.017000198,RVNS,1780.000000000,1777.000000000,5,0
cubic_1600.txt,10,0.017000198,Tabu Search,1778.000000000,1777.000000000,5,0
cubic_1600.txt,10,0.020000219,Tabu Search,1773.000000000,1773.000000000,5,1
cubic_1600.txt,10,0.023000002,RVNS,1776.000000000,1773.000000000,5,0
cubic_1600.txt,10,0.027000189,Tabu Search,1774.000000000,1773.000000000,5,0
cubic_1600.txt,10,0.032999992,RVNS,1775.000000000,1773.000000000,5,0
cubic_1600.txt,10,0.038000107,RVNS,1769.000000000,1769.000000000,5,1
cubic_1600.txt,10,0.142000198,Tabu Search,1772.000000000,1769.000000000,5,0
cubic_1600.txt,10,0.155000210,Tabu Search,1771.000000000,1769.000000000,5,0
cubic_1600.txt,10,1.116000175,ACO,1723.000000000,1723.000000000,5,1
cubic_1600.txt,10,1.956000090,ACO,1717.000000000,1717.000000000,5,1
cubic_1600.txt,10,2.778000116,ACO,1708.000000000,1708.000000000,5,1
cubic_1600.txt,10,3.515000105,HHO,1459.000000000,1459.000000000,5,1
cubic_1600.txt,10,3.716000080,ACO,1710.000000000,1459.000000000,5,0
cubic_1600.txt,10,4.674000025,ACO,1440.000000000,1440.000000000,5,1
cubic_1600.txt,10,5.603000164,ACO,1446.000000000,1440.000000000,5,0
cubic_1600.txt,10,7.537000179,ACO,1444.000000000,1440.000000000,5,0
cubic_1600.txt,10,7.616000175,HHO,1434.000000000,1434.000000000,5,1
cubic_1600.txt,10,8.381000042,ACO,1441.000000000,1434.000000000,5,0
cubic_1600.txt,10,10.824000120,ACO,1410.000000000,1410.000000000,5,1
cubic_1600.txt,10,11.205000162,HHO,1424.000000000,1410.000000000,5,0
cubic_1600.txt,10,11.703999996,ACO,1418.000000000,1410.000000000,5,0
cubic_1600.txt,10,12.684000015,ACO,1404.000000000,1404.000000000,5,1
cubic_1600.txt,10,13.635000229,ACO,1407.000000000,1404.000000000,5,0
cubic_1600.txt,10,14.485000134,ACO,1421.000000000,1404.000000000,5,0
cubic_1600.txt,10,16.122000217,ACO,1400.000000000,1400.000000000,5,1
cubic_1600.txt,10,19.895000219,ACO,1398.000000000,1398.000000000,5,1
cubic_1600.txt,10,20.858000040,ACO,1408.000000000,1398.000000000,5,0
cubic_1600.txt,10,21.780000210,ACO,1406.000000000,1398.000000000,5,0
cubic_1600.txt,10,26.798000097,ACO,1401.000000000,1398.000000000,5,0
cubic_1600.txt,10,27.621000051,ACO,1397.000000000,1397.000000000,5,1
cubic_1600.txt,10,28.448000193,ACO,1395.000000000,1395.000000000,5,1
cubic_1700.txt,1,0.006000042,Tabu Search,1912.000000000,1912.000000000,1,1
cubic_1700.txt,1,0.006999969,RVNS,1897.000000000,1897.000000000,2,1
cubic_1700.txt,1,0.009000063,Tabu Search,1907.000000000,1897.000000000,3,0
cubic_1700.txt,1,0.009999990,RVNS,1899.000000000,1897.000000000,4,0
cubic_1700.txt,1,0.012000084,Tabu Search,1895.000000000,1895.000000000,5,1
cubic_1700.txt,1,0.013000011,RVNS,1908.000000000,1895.000000000,5,0
cubic_1700.txt,1,0.015000105,Tabu Search,1894.000000000,1894.000000000,5,1
cubic_1700.txt,1,0.016000032,RVNS,1896.000000000,1894.000000000,5,0
cubic_1700.txt,1,0.028000116,RVNS,1898.000000000,1894.000000000,5,0
cubic_1700.txt,1,0.045000076,RVNS,1893.000000000,1893.000000000,5,1
cubic_1700.txt,1,0.059999943,Tabu Search,1892.000000000,1892.000000000,5,1
cubic_1700.txt,1,0.076999903,RVNS,1891.000000000,1891.000000000,5,1
cubic_1700.txt,1,0.148000002,RVNS,1890.000000000,1890.000000000,5,1
cubic_1700.txt,1,1.270999908,ACO,1819.000000000,1819.000000000,5,1
cubic_1700.txt,1,2.259000063,ACO,1821.000000000,1819.000000000,5,0
cubic_1700.txt,1,3.114000082,ACO,1810.000000000,1810.000000000,5,1
cubic_1700.txt,1,3.911999941,HHO,1493.000000000,1493.000000000,5,1
cubic_1700.txt,1,3.963000059,ACO,1805.000000000,1493.000000000,5,0
cubic_1700.txt,1,4.812000036,ACO,1788.000000000,1493.000000000,5,0
cubic_1700.txt,1,5.644999981,ACO,1789.000000000,1493.000000000,5,0
cubic_1700.txt,1,6.484999895,ACO,1784.000000000,1493.000000000,5,0
cubic_1700.txt,1,7.388000011,ACO,1514.000000000,1493.000000000,5,0
cubic_1700.txt,1,7.609999895,HHO,1523.000000000,1493.000000000,5,0
cubic_1700.txt,1,8.201999903,ACO,1531.000000000,1493.000000000,5,0
cubic_1700.txt,1,9.046999931,ACO,1515.000000000,1493.000000000,5,0
cubic_1700.txt,1,10.890000105,ACO,1518.000000000,1493.000000000,5,0
cubic_1700.txt,1,11.812000036,HHO,1522.000000000,1493.000000000,5,0
cubic_1700.txt,1,12.716000080,ACO,1512.000000000,1493.000000000,5,0
cubic_1700.txt,1,15.683000088,ACO,1509.000000000,1493.000000000,5,0
cubic_1700.txt,1,17.489000082,ACO,1508.000000000,1493.000000000,5,0
cubic_1700.txt,1,18.338000059,ACO,1505.000000000,1493.000000000,5,0
cubic_1700.txt,1,19.200000048,ACO,1502.000000000,1493.000000000,5,0
cubic_1700.txt,1,20.984999895,ACO,1491.000000000,1491.000000000,5,1
cubic_1700.txt,1,22.674000025,ACO,1495.000000000,1491.000000000,5,0
cubic_1700.txt,1,24.365999937,ACO,1487.000000000,1487.000000000,5,1
cubic_1700.txt,1,26.085999966,ACO,1496.000000000,1487.000000000,5,0
cubic_1700.txt,1,27.881000042,ACO,1492.000000000,1487.000000000,5,0
cubic_1700.txt,1,28.838000059,ACO,1490.000000000,1487.000000000,5,0
cubic_1700.txt,1,31.595000029,ACO,1481.000000000,1481.000000000,5,1
cubic_1700.txt,1,35.908999920,ACO,1489.000000000,1481.000000000,5,0
cubic_1700.txt,2,0.005000114,Tabu Search,1858.000000000,1858.000000000,1,1
cubic_1700.txt,2,0.005000114,RVNS,1881.000000000,1858.000000000,2,0
cubic_1700.txt,2,0.008000135,Tabu Search,1863.000000000,1858.000000000,3,0
cubic_1700.txt,2,0.008000135,RVNS,1889.000000000,1858.000000000,4,0
cubic_1700.txt,2,0.011000156,RVNS,1885.000000000,1858.000000000,5,0
cubic_1700.txt,2,0.011000156,Tabu Search,1857.000000000,1857.000000000,5,1
cubic_1700.txt,2,0.014000177,RVNS,1854.000000000,1854.000000000,5,1
cubic_1700.txt,2,0.015000105,Tabu Search,1847.000000000,1847.000000000,5,1
cubic_1700.txt,2,0.019000053,Tabu Search,1859.000000000,1847.000000000,5,0
cubic_1700.txt,2,0.021000147,RVNS,1853.000000000,1847.000000000,5,0
cubic_1700.txt,2,0.026000023,Tabu Search,1852.000000000,1847.000000000,5,0
cubic_1700.txt,2,0.026000023,RVNS,1856.000000000,1847.000000000,5,0
cubic_1700.txt,2,0.042999983,RVNS,1855.000000000,1847.000000000,5,0
cubic_1700.txt,2,0.064000130,RVNS,1851.000000000,1847.000000000,5,0
cubic_1700.txt,2,1.167999983,ACO,1831.000000000,1831.000000000,5,1
cubic_1700.txt,2,2.026000023,ACO,1812.000000000,1812.000000000,5,1
cubic_1700.txt,2,2.976999998,ACO,1806.000000000,1806.000000000,5,1
cubic_1700.txt,2,3.778000116,HHO,1519.000000000,1519.000000000,5,1
cubic_1700.txt,2,3.799000025,ACO,1815.000000000,1519.000000000,5,0
cubic_1700.txt,2,4.634000063,ACO,1814.000000000,1519.000000000,5,0
cubic_1700.txt,2,5.683000088,ACO,1788.000000000,1519.000000000,5,0
cubic_1700.txt,2,6.676000118,ACO,1779.000000000,1519.000000000,5,0
cubic_1700.txt,2,7.631999969,ACO,1787.000000000,1519.000000000,5,0
cubic_1700.txt,2,7.957000017,HHO,1513.000000000,1513.000000000,5,1
cubic_1700.txt,2,9.325999975,ACO,1767.000000000,1513.000000000,5,0
cubic_1700.txt,2,10.233000040,ACO,1506.000000000,1506.000000000,5,1
cubic_1700.txt,2,11.140000105,ACO,1496.000000000,1496.000000000,5,1
cubic_1700.txt,2,11.979000092,ACO,1494.000000000,1494.000000000,5,1
cubic_1700.txt,2,12.259999990,HHO,1501.000000000,1494.000000000,5,0
cubic_1700.txt,2,13.732000113,ACO,1509.000000000,1494.000000000,5,0
cubic_1700.txt,2,14.601000071,ACO,1489.000000000,1489.000000000,5,1
cubic_1700.txt,2,18.943000078,ACO,1485.000000000,1485.000000000,5,1
cubic_1700.txt,2,22.660000086,ACO,1497.000000000,1485.000000000,5,0
cubic_1700.txt,2,23.504000187,ACO,1484.000000000,1484.000000000,5,1
cubic_1700.txt,2,27.019000053,HHO,1495.000000000,1484.000000000,5,0
cubic_1700.txt,2,29.601000071,ACO,1493.000000000,1484.000000000,5,0
cubic_1700.txt,2,36.559000015,ACO,1492.000000000,1484.000000000,5,0
cubic_1700.txt,3,0.004999876,RVNS,1886.000000000,1886.000000000,1,1
cubic_1700.txt,3,0.004999876,Tabu Search,1882.000000000,1882.000000000,2,1
cubic_1700.txt,3,0.007999897,RVNS,1892.000000000,1882.000000000,3,0
cubic_1700.txt,3,0.007999897,Tabu Search,1880.000000000,1880.000000000,4,1
cubic_1700.txt,3,0.010999918,Tabu Search,1883.000000000,1880.000000000,5,0
cubic_1700.txt,3,0.010999918,RVNS,1879.000000000,1879.000000000,5,1
cubic_1700.txt,3,0.013000011,Tabu Search,1881.000000000,1879.000000000,5,0
cubic_1700.txt,3,0.013999939,RVNS,1877.000000000,1877.000000000,5,1
cubic_1700.txt,3,0.017999887,RVNS,1878.000000000,1877.000000000,5,0
cubic_1700.txt,3,0.143999815,Tabu Search,1876.000000000,1876.000000000,5,1
cubic_1700.txt,3,1.116999865,ACO,1838.000000000,1838.000000000,5,1
cubic_1700.txt,3,1.945999861,ACO,1812.000000000,1812.000000000,5,1
cubic_1700.txt,3,2.928999901,ACO,1814.000000000,1812.000000000,5,0
cubic_1700.txt,3,4.100999832,ACO,1813.000000000,1812.000000000,5,0
cubic_1700.txt,3,4.166999817,HHO,1495.000000000,1495.000000000,5,1
cubic_1700.txt,3,4.957999945,ACO,1800.000000000,1495.000000000,5,0
cubic_1700.txt,3,5.836999893,ACO,1802.000000000,1495.000000000,5,0
cubic_1700.txt,3,6.846999884,ACO,1785.000000000,1495.000000000,5,0
cubic_1700.txt,3,7.768999815,ACO,1510.000000000,1495.000000000,5,0
cubic_1700.txt,3,8.182999849,HHO,1516.000000000,1495.000000000,5,0
cubic_1700.txt,3,8.582999945,ACO,1514.000000000,1495.000000000,5,0
cubic_1700.txt,3,9.406999826,ACO,1520.000000000,1495.000000000,5,0
cubic_1700.txt,3,12.431999922,HHO,1517.000000000,1495.000000000,5,0
cubic_1700.txt,3,14.957999945,ACO,1508.000000000,1495.000000000,5,0
cubic_1700.txt,3,17.186999798,HHO,1496.000000000,1495.000000000,5,0
cubic_1700.txt,3,18.458999872,ACO,1487.000000000,1487.000000000,5,1
cubic_1700.txt,3,20.126999855,ACO,1504.000000000,1487.000000000,5,0
cubic_1700.txt,3,22.036999941,HHO,1507.000000000,1487.000000000,5,0
cubic_1700.txt,3,22.781999826,ACO,1505.000000000,1487.000000000,5,0
cubic_1700.txt,3,27.136999846,HHO,1503.000000000,1487.000000000,5,0
cubic_1700.txt,3,31.995999813,ACO,1483.000000000,1483.000000000,5,1
cubic_1700.txt,3,32.866999865,ACO,1480.000000000,1480.000000000,5,1
cubic_1700.txt,3,33.805999994,ACO,1488.000000000,1480.000000000,5,0
cubic_1700.txt,3,38.001999855,ACO,1479.000000000,1479.000000000,5,1
cubic_1700.txt,4,0.003999949,RVNS,1905.000000000,1905.000000000,1,1
cubic_1700.txt,4,0.004999876,Tabu Search,1924.000000000,1905.000000000,2,0
cubic_1700.txt,4,0.006999969,RVNS,1903.000000000,1903.000000000,3,1
cubic_1700.txt,4,0.007999897,Tabu Search,1907.000000000,1903.000000000,4,0
cubic_1700.txt,4,0.009000063,RVNS,1906.000000000,1903.000000000,5,0
cubic_1700.txt,4,0.009999990,Tabu Search,1904.000000000,1903.000000000,5,0
cubic_1700.txt,4,1.155999899,ACO,1813.000000000,1813.000000000,5,1
cubic_1700.txt,4,2.884999990,ACO,1816.000000000,1813.000000000,5,0
cubic_1700.txt,4,3.710000038,ACO,1801.000000000,1801.000000000,5,1
cubic_1700.txt,4,3.772000074,HHO,1485.000000000,1485.000000000,5,1
cubic_1700.txt,4,4.750999928,ACO,1789.000000000,1485.000000000,5,0
cubic_1700.txt,4,5.606999874,ACO,1502.000000000,1485.000000000,5,0
cubic_1700.txt,4,6.657000065,ACO,1489.000000000,1485.000000000,5,0
cubic_1700.txt,4,7.661000013,ACO,1477.000000000,1477.000000000,5,1
cubic_1700.txt,4,8.096999884,HHO,1496.000000000,1477.000000000,5,0
cubic_1700.txt,4,8.616999865,ACO,1491.000000000,1477.000000000,5,0
cubic_1700.txt,4,11.276999950,ACO,1487.000000000,1477.000000000,5,0
cubic_1700.txt,4,12.134000063,ACO,1490.000000000,1477.000000000,5,0
cubic_1700.txt,4,14.835999966,ACO,1480.000000000,1477.000000000,5,0
cubic_1700.txt,4,18.339999914,ACO,1488.000000000,1477.000000000,5,0
cubic_1700.txt,4,22.217999935,HHO,1486.000000000,1477.000000000,5,0
cubic_1700.txt,4,34.059999943,ACO,1483.000000000,1477.000000000,5,0
cubic_1700.txt,4,36.062999964,ACO,1475.000000000,1475.000000000,5,1
cubic_1700.txt,5,0.005999804,Tabu Search,1900.000000000,1900.000000000,1,1
cubic_1700.txt,5,0.005999804,RVNS,1899.000000000,1899.000000000,2,1
cubic_1700.txt,5,0.009999990,RVNS,1894.000000000,1894.000000000,3,1
cubic_1700.txt,5,0.009999990,Tabu Search,1892.000000000,1892.000000000,4,1
cubic_1700.txt,5,0.013000011,Tabu Search,1893.000000000,1892.000000000,5,0
cubic_1700.txt,5,0.017999887,RVNS,1897.000000000,1892.000000000,5,0
cubic_1700.txt,5,0.018999815,Tabu Search,1896.000000000,1892.000000000,5,0
cubic_1700.txt,5,0.039999962,RVNS,1890.000000000,1890.000000000,5,1
cubic_1700.txt,5,0.046000004,Tabu Search,1895.000000000,1890.000000000,5,0
cubic_1700.txt,5,0.050999880,RVNS,1891.000000000,1890.000000000,5,0
cubic_1700.txt,5,1.214999914,ACO,1831.000000000,1831.000000000,5,1
cubic_1700.txt,5,2.069999933,ACO,1825.000000000,1825.000000000,5,1
cubic_1700.txt,5,2.974999905,ACO,1808.000000000,1808.000000000,5,1
cubic_1700.txt,5,3.806999922,HHO,1508.000000000,1508.000000000,5,1
cubic_1700.txt,5,3.832999945,ACO,1815.000000000,1508.000000000,5,0
cubic_1700.txt,5,4.669999838,ACO,1791.000000000,1508.000000000,5,0
cubic_1700.txt,5,5.523000002,ACO,1794.000000000,1508.000000000,5,0
cubic_1700.txt,5,6.345999956,ACO,1798.000000000,1508.000000000,5,0
cubic_1700.txt,5,7.516999960,HHO,1530.000000000,1508.000000000,5,0
cubic_1700.txt,5,9.032999992,ACO,1780.000000000,1508.000000000,5,0
cubic_1700.txt,5,9.865999937,ACO,1510.000000000,1508.000000000,5,0
cubic_1700.txt,5,10.713999987,ACO,1509.000000000,1508.000000000,5,0
cubic_1700.txt,5,11.567999840,ACO,1513.000000000,1508.000000000,5,0
cubic_1700.txt,5,12.411000013,ACO,1527.000000000,1508.000000000,5,0
cubic_1700.txt,5,14.708999872,ACO,1491.000000000,1491.000000000,5,1
cubic_1700.txt,5,15.592000008,ACO,1503.000000000,1491.000000000,5,0
cubic_1700.txt,5,16.434999943,ACO,1506.000000000,1491.000000000,5,0
cubic_1700.txt,5,21.684999943,ACO,1505.000000000,1491.000000000,5,0
cubic_1700.txt,5,24.362999916,ACO,1507.000000000,1491.000000000,5,0
cubic_1700.txt,5,26.827999830,ACO,1471.000000000,1471.000000000,5,1
cubic_1700.txt,5,27.958999872,ACO,1494.000000000,1471.000000000,5,0
cubic_1700.txt,5,30.023999929,ACO,1489.000000000,1471.000000000,5,0
cubic_1700.txt,5,30.937999964,ACO,1495.000000000,1471.000000000,5,0
cubic_1700.txt,5,33.684000015,ACO,1474.000000000,1471.000000000,5,0
cubic_1700.txt,5,34.710999966,ACO,1482.000000000,1471.000000000,5,0
cubic_1700.txt,5,35.602999926,ACO,1490.000000000,1471.000000000,5,0
cubic_1700.txt,5,36.440999985,ACO,1481.000000000,1471.000000000,5,0
cubic_1700.txt,6,0.004999876,RVNS,1856.000000000,1856.000000000,1,1
cubic_1700.txt,6,0.004999876,Tabu Search,1858.000000000,1856.000000000,2,0
cubic_1700.txt,6,0.007999897,RVNS,1849.000000000,1849.000000000,3,1
cubic_1700.txt,6,0.009000063,Tabu Search,1853.000000000,1849.000000000,4,0
cubic_1700.txt,6,0.010999918,Tabu Search,1854.000000000,1849.000000000,5,0
cubic_1700.txt,6,0.013999939,Tabu Search,1857.000000000,1849.000000000,5,0
cubic_1700.txt,6,0.016999960,Tabu Search,1855.000000000,1849.000000000,5,0
cubic_1700.txt,6,0.022000074,Tabu Search,1852.000000000,1849.000000000,5,0
cubic_1700.txt,6,0.024999857,RVNS,1850.000000000,1849.000000000,5,0
cubic_1700.txt,6,0.039000034,RVNS,1851.000000000,1849.000000000,5,0
cubic_1700.txt,6,0.062999964,Tabu Search,1848.000000000,1848.000000000,5,1
cubic_1700.txt,6,0.168999910,RVNS,1847.000000000,1847.000000000,5,1
cubic_1700.txt,6,1.194999933,ACO,1833.000000000,1833.000000000,5,1
cubic_1700.txt,6,2.154000044,ACO,1819.000000000,1819.000000000,5,1
cubic_1700.txt,6,3.157000065,ACO,1811.000000000,1811.000000000,5,1
cubic_1700.txt,6,4.016999960,ACO,1813.000000000,1811.000000000,5,0
cubic_1700.txt,6,4.042999983,HHO,1501.000000000,1501.000000000,5,1
cubic_1700.txt,6,4.855000019,ACO,1807.000000000,1501.000000000,5,0
cubic_1700.txt,6,5.865999937,ACO,1798.000000000,1501.000000000,5,0
cubic_1700.txt,6,6.869999886,ACO,1792.000000000,1501.000000000,5,0
cubic_1700.txt,6,7.842999935,ACO,1515.000000000,1501.000000000,5,0
cubic_1700.txt,6,8.259999990,HHO,1524.000000000,1501.000000000,5,0
cubic_1700.txt,6,8.680000067,ACO,1512.000000000,1501.000000000,5,0
cubic_1700.txt,6,9.529000044,ACO,1516.000000000,1501.000000000,5,0
cubic_1700.txt,6,10.384999990,ACO,1509.000000000,1501.000000000,5,0
cubic_1700.txt,6,11.249000072,ACO,1511.000000000,1501.000000000,5,0
cubic_1700.txt,6,12.402999878,HHO,1500.000000000,1500.000000000,5,1
cubic_1700.txt,6,13.103999853,ACO,1510.000000000,1500.000000000,5,0
cubic_1700.txt,6,15.661000013,ACO,1507.000000000,1500.000000000,5,0
cubic_1700.txt,6,17.481999874,ACO,1497.000000000,1497.000000000,5,1
cubic_1700.txt,6,19.299000025,ACO,1506.000000000,1497.000000000,5,0
cubic_1700.txt,6,21.989000082,HHO,1504.000000000,1497.000000000,5,0
cubic_1700.txt,6,22.820999861,ACO,1485.000000000,1485.000000000,5,1
cubic_1700.txt,6,27.098999977,ACO,1494.000000000,1485.000000000,5,0
cubic_1700.txt,6,27.927000046,ACO,1486.000000000,1485.000000000,5,0
cubic_1700.txt,6,32.190000057,ACO,1491.000000000,1485.000000000,5,0
cubic_1700.txt,6,34.996999979,ACO,1487.000000000,1485.000000000,5,0
cubic_1700.txt,6,35.940999985,ACO,1490.000000000,1485.000000000,5,0
cubic_1700.txt,6,36.796000004,ACO,1488.000000000,1485.000000000,5,0
cubic_1700.txt,7,0.006000042,Tabu Search,1900.000000000,1900.000000000,1,1
cubic_1700.txt,7,0.006000042,RVNS,1955.000000000,1900.000000000,2,0
cubic_1700.txt,7,0.009000063,Tabu Search,1904.000000000,1900.000000000,3,0
cubic_1700.txt,7,0.009999990,RVNS,1957.000000000,1900.000000000,4,0
cubic_1700.txt,7,0.011000156,Tabu Search,1903.000000000,1900.000000000,5,0
cubic_1700.txt,7,0.012000084,RVNS,1951.000000000,1900.000000000,5,0
cubic_1700.txt,7,0.014000177,Tabu Search,1902.000000000,1900.000000000,5,0
cubic_1700.txt,7,0.016000032,RVNS,1905.000000000,1900.000000000,5,0
cubic_1700.txt,7,0.017000198,Tabu Search,1901.000000000,1900.000000000,5,0
cubic_1700.txt,7,0.021000147,RVNS,1899.000000000,1899.000000000,5,1
cubic_1700.txt,7,0.146000147,RVNS,1898.000000000,1898.000000000,5,1
cubic_1700.txt,7,1.144999981,ACO,1834.000000000,1834.000000000,5,1
cubic_1700.txt,7,2.101999998,ACO,1832.000000000,1832.000000000,5,1
cubic_1700.txt,7,2.916000128,ACO,1813.000000000,1813.000000000,5,1
cubic_1700.txt,7,3.682000160,HHO,1508.000000000,1508.000000000,5,1
cubic_1700.txt,7,3.736000061,ACO,1802.000000000,1508.000000000,5,0
cubic_1700.txt,7,4.582000017,ACO,1807.000000000,1508.000000000,5,0
cubic_1700.txt,7,5.436000109,ACO,1801.000000000,1508.000000000,5,0
cubic_1700.txt,7,6.255000114,ACO,1795.000000000,1508.000000000,5,0
cubic_1700.txt,7,7.078999996,ACO,1770.000000000,1508.000000000,5,0
cubic_1700.txt,7,7.309000015,HHO,1520.000000000,1508.000000000,5,0
cubic_1700.txt,7,7.897000074,ACO,1773.000000000,1508.000000000,5,0
cubic_1700.txt,7,8.701000214,ACO,1772.000000000,1508.000000000,5,0
cubic_1700.txt,7,11.300000191,HHO,1518.000000000,1508.000000000,5,0
cubic_1700.txt,7,11.324000120,ACO,1535.000000000,1508.000000000,5,0
cubic_1700.txt,7,12.322000027,ACO,1525.000000000,1508.000000000,5,0
cubic_1700.txt,7,13.279000044,ACO,1526.000000000,1508.000000000,5,0
cubic_1700.txt,7,15.037000179,ACO,1501.000000000,1501.000000000,5,1
cubic_1700.txt,7,15.995000124,ACO,1511.000000000,1501.000000000,5,0
cubic_1700.txt,7,17.726999998,ACO,1512.000000000,1501.000000000,5,0
cubic_1700.txt,7,18.590000153,ACO,1515.000000000,1501.000000000,5,0
cubic_1700.txt,7,20.282000065,ACO,1493.000000000,1493.000000000,5,1
cubic_1700.txt,7,26.529000044,ACO,1505.000000000,1493.000000000,5,0
cubic_1700.txt,7,33.949000120,ACO,1492.000000000,1492.000000000,5,1
cubic_1700.txt,7,36.597000122,HHO,1499.000000000,1492.000000000,5,0
cubic_1700.txt,7,36.903000116,ACO,1497.000000000,1492.000000000,5,0
cubic_1700.txt,8,0.005999804,Tabu Search,1886.000000000,1886.000000000,1,1
cubic_1700.txt,8,0.006999969,RVNS,1876.000000000,1876.000000000,2,1
cubic_1700.txt,8,0.009999990,Tabu Search,1875.000000000,1875.000000000,3,1
cubic_1700.txt,8,0.009999990,RVNS,1889.000000000,1875.000000000,4,0
cubic_1700.txt,8,0.013999939,RVNS,1878.000000000,1875.000000000,5,0
cubic_1700.txt,8,0.013999939,Tabu Search,1877.000000000,1875.000000000,5,0
cubic_1700.txt,8,0.031999826,RVNS,1880.000000000,1875.000000000,5,0
cubic_1700.txt,8,0.032999992,Tabu Search,1874.000000000,1874.000000000,5,1
cubic_1700.txt,8,0.060999870,RVNS,1873.000000000,1873.000000000,5,1
cubic_1700.txt,8,0.061999798,Tabu Search,1872.000000000,1872.000000000,5,1
cubic_1700.txt,8,1.247999907,ACO,1832.000000000,1832.000000000,5,1
cubic_1700.txt,8,2.074999809,ACO,1817.000000000,1817.000000000,5,1
cubic_1700.txt,8,2.944999933,ACO,1818.000000000,1817.000000000,5,0
cubic_1700.txt,8,3.846999884,ACO,1801.000000000,1801.000000000,5,1
cubic_1700.txt,8,3.930999994,HHO,1500.000000000,1500.000000000,5,1
cubic_1700.txt,8,4.675999880,ACO,1805.000000000,1500.000000000,5,0
cubic_1700.txt,8,5.502999783,ACO,1806.000000000,1500.000000000,5,0
cubic_1700.txt,8,6.484999895,ACO,1510.000000000,1500.000000000,5,0
cubic_1700.txt,8,7.424999952,ACO,1533.000000000,1500.000000000,5,0
cubic_1700.txt,8,7.727999926,HHO,1526.000000000,1500.000000000,5,0
cubic_1700.txt,8,8.260999918,ACO,1514.000000000,1500.000000000,5,0
cubic_1700.txt,8,9.084999800,ACO,1511.000000000,1500.000000000,5,0
cubic_1700.txt,8,9.908999920,ACO,1495.000000000,1495.000000000,5,1
cubic_1700.txt,8,12.563999891,ACO,1507.000000000,1495.000000000,5,0
cubic_1700.txt,8,15.063999891,ACO,1505.000000000,1495.000000000,5,0
cubic_1700.txt,8,16.112999916,ACO,1485.000000000,1485.000000000,5,1
cubic_1700.txt,8,17.970999956,ACO,1499.000000000,1485.000000000,5,0
cubic_1700.txt,8,18.805999994,ACO,1502.000000000,1485.000000000,5,0
cubic_1700.txt,8,20.533999920,ACO,1487.000000000,1485.000000000,5,0
cubic_1700.txt,8,21.447999954,ACO,1492.000000000,1485.000000000,5,0
cubic_1700.txt,8,23.508999825,ACO,1489.000000000,1485.000000000,5,0
cubic_1700.txt,8,24.358999968,ACO,1462.000000000,1462.000000000,5,1
cubic_1700.txt,8,26.040999889,ACO,1490.000000000,1462.000000000,5,0
cubic_1700.txt,8,26.876999855,ACO,1480.000000000,1462.000000000,5,0
cubic_1700.txt,8,28.577999830,ACO,1484.000000000,1462.000000000,5,0
cubic_1700.txt,8,30.242999792,ACO,1467.000000000,1462.000000000,5,0
cubic_1700.txt,8,33.803999901,ACO,1476.000000000,1462.000000000,5,0
cubic_1700.txt,9,0.005000114,Tabu Search,1939.000000000,1939.000000000,1,1
cubic_1700.txt,9,0.006000042,RVNS,1896.000000000,1896.000000000,2,1
cubic_1700.txt,9,0.008000135,Tabu Search,1938.000000000,1896.000000000,3,0
cubic_1700.txt,9,0.012000084,Tabu Search,1900.000000000,1896.000000000,4,0
cubic_1700.txt,9,0.012000084,RVNS,1937.000000000,1896.000000000,5,0
cubic_1700.txt,9,0.015000105,Tabu Search,1901.000000000,1896.000000000,5,0
cubic_1700.txt,9,0.016000032,RVNS,1936.000000000,1896.000000000,5,0
cubic_1700.txt,9,0.019999981,RVNS,1899.000000000,1896.000000000,5,0
cubic_1700.txt,9,0.022000074,Tabu Search,1898.000000000,1896.000000000,5,0
cubic_1700.txt,9,0.026000023,RVNS,1894.000000000,1894.000000000,5,1
cubic_1700.txt,9,0.035000086,RVNS,1897.000000000,1894.000000000,5,0
cubic_1700.txt,9,0.039000034,RVNS,1895.000000000,1894.000000000,5,0
cubic_1700.txt,9,0.151000023,Tabu Search,1893.000000000,1893.000000000,5,1
cubic_1700.txt,9,1.459000111,ACO,1833.000000000,1833.000000000,5,1
cubic_1700.txt,9,2.335000038,ACO,1820.000000000,1820.000000000,5,1
cubic_1700.txt,9,3.187000036,ACO,1815.000000000,1815.000000000,5,1
cubic_1700.txt,9,3.968000174,HHO,1505.000000000,1505.000000000,5,1
cubic_1700.txt,9,4.016999960,ACO,1810.000000000,1505.000000000,5,0
cubic_1700.txt,9,4.825999975,ACO,1809.000000000,1505.000000000,5,0
cubic_1700.txt,9,5.679000139,ACO,1794.000000000,1505.000000000,5,0
cubic_1700.txt,9,7.847000122,HHO,1526.000000000,1505.000000000,5,0
cubic_1700.txt,9,8.391999960,ACO,1518.000000000,1505.000000000,5,0
cubic_1700.txt,9,9.205000162,ACO,1504.000000000,1504.000000000,5,1
cubic_1700.txt,9,10.154000044,ACO,1509.000000000,1504.000000000,5,0
cubic_1700.txt,9,11.006000042,ACO,1513.000000000,1504.000000000,5,0
cubic_1700.txt,9,12.805000067,ACO,1507.000000000,1504.000000000,5,0
cubic_1700.txt,9,13.671000004,ACO,1512.000000000,1504.000000000,5,0
cubic_1700.txt,9,14.812000036,ACO,1498.000000000,1498.000000000,5,1
cubic_1700.txt,9,20.955000162,ACO,1483.000000000,1483.000000000,5,1
cubic_1700.txt,9,21.776999950,ACO,1494.000000000,1483.000000000,5,0
cubic_1700.txt,9,22.620000124,ACO,1491.000000000,1483.000000000,5,0
cubic_1700.txt,9,23.476000071,ACO,1489.000000000,1483.000000000,5,0
cubic_1700.txt,9,25.189000130,ACO,1492.000000000,1483.000000000,5,0
cubic_1700.txt,9,26.037000179,ACO,1485.000000000,1483.000000000,5,0
cubic_1700.txt,9,27.702000141,ACO,1481.000000000,1481.000000000,5,1
cubic_1700.txt,9,29.671000004,ACO,1484.000000000,1481.000000000,5,0
cubic_1700.txt,9,32.463999987,ACO,1482.000000000,1481.000000000,5,0
cubic_1700.txt,10,0.007999897,RVNS,1903.000000000,1903.000000000,1,1
cubic_1700.txt,10,0.009999990,Tabu Search,1872.000000000,1872.000000000,2,1
cubic_1700.txt,10,0.010999918,RVNS,1901.000000000,1872.000000000,3,0
cubic_1700.txt,10,0.013999939,Tabu Search,1875.000000000,1872.000000000,4,0
cubic_1700.txt,10,0.013999939,RVNS,1900.000000000,1872.000000000,5,0
cubic_1700.txt,10,0.016999960,Tabu Search,1873.000000000,1872.000000000,5,0
cubic_1700.txt,10,0.020999908,RVNS,1877.000000000,1872.000000000,5,0
cubic_1700.txt,10,0.025000095,RVNS,1870.000000000,1870.000000000,5,1
cubic_1700.txt,10,0.026000023,Tabu Search,1874.000000000,1870.000000000,5,0
cubic_1700.txt,10,0.036000013,Tabu Search,1871.000000000,1870.000000000,5,0
cubic_1700.txt,10,0.069000006,Tabu Search,1868.000000000,1868.000000000,5,1
cubic_1700.txt,10,0.088000059,Tabu Search,1869.000000000,1868.000000000,5,0
cubic_1700.txt,10,0.177999973,RVNS,1867.000000000,1867.000000000,5,1
cubic_1700.txt,10,1.184999943,ACO,1827.000000000,1827.000000000,5,1
cubic_1700.txt,10,2.076999903,ACO,1821.000000000,1821.000000000,5,1
cubic_1700.txt,10,3.777999878,HHO,1513.000000000,1513.000000000,5,1
cubic_1700.txt,10,3.798000097,ACO,1810.000000000,1513.000000000,5,0
cubic_1700.txt,10,4.677999973,ACO,1811.000000000,1513.000000000,5,0
cubic_1700.txt,10,5.491999865,ACO,1792.000000000,1513.000000000,5,0
cubic_1700.txt,10,6.316999912,ACO,1790.000000000,1513.000000000,5,0
cubic_1700.txt,10,7.325000048,ACO,1787.000000000,1513.000000000,5,0
cubic_1700.txt,10,8.262000084,HHO,1507.000000000,1507.000000000,5,1
cubic_1700.txt,10,8.510999918,ACO,1788.000000000,1507.000000000,5,0
cubic_1700.txt,10,9.720000029,ACO,1490.000000000,1490.000000000,5,1
cubic_1700.txt,10,10.615999937,ACO,1530.000000000,1490.000000000,5,0
cubic_1700.txt,10,11.489000082,ACO,1502.000000000,1490.000000000,5,0
cubic_1700.txt,10,12.369999886,ACO,1515.000000000,1490.000000000,5,0
cubic_1700.txt,10,13.217000008,ACO,1500.000000000,1490.000000000,5,0
cubic_1700.txt,10,14.039000034,ACO,1482.000000000,1482.000000000,5,1
cubic_1700.txt,10,15.009000063,ACO,1503.000000000,1482.000000000,5,0
cubic_1700.txt,10,17.546999931,HHO,1501.000000000,1482.000000000,5,0
cubic_1700.txt,10,17.644999981,ACO,1494.000000000,1482.000000000,5,0
cubic_1700.txt,10,32.750999928,ACO,1484.000000000,1482.000000000,5,0
cubic_1700.txt,10,34.530999899,ACO,1487.000000000,1482.000000000,5,0
cubic_1700.txt,10,36.263000011,ACO,1488.000000000,1482.000000000,5,0
cubic_1800.txt,1,0.004999876,RVNS,2008.000000000,2008.000000000,1,1
cubic_1800.txt,1,0.005999804,Tabu Search,2024.000000000,2008.000000000,2,0
cubic_1800.txt,1,0.008999825,RVNS,2006.000000000,2006.000000000,3,1
cubic_1800.txt,1,0.009999990,Tabu Search,2003.000000000,2003.000000000,4,1
cubic_1800.txt,1,0.014999866,RVNS,2025.000000000,2003.000000000,5,0
cubic_1800.txt,1,0.016999960,RVNS,2004.000000000,2003.000000000,5,0
cubic_1800.txt,1,0.019999981,RVNS,2012.000000000,2003.000000000,5,0
cubic_1800.txt,1,0.021999836,Tabu Search,2005.000000000,2003.000000000,5,0
cubic_1800.txt,1,0.024999857,Tabu Search,2007.000000000,2003.000000000,5,0
cubic_1800.txt,1,0.031999826,RVNS,2002.000000000,2002.000000000,5,1
cubic_1800.txt,1,0.043999910,RVNS,2001.000000000,2001.000000000,5,1
cubic_1800.txt,1,0.074999809,Tabu Search,1999.000000000,1999.000000000,5,1
cubic_1800.txt,1,0.097999811,RVNS,2000.000000000,1999.000000000,5,0
cubic_1800.txt,1,0.169999838,RVNS,1998.000000000,1998.000000000,5,1
cubic_1800.txt,1,1.312999964,ACO,1948.000000000,1948.000000000,5,1
cubic_1800.txt,1,2.214999914,ACO,1944.000000000,1944.000000000,5,1
cubic_1800.txt,1,3.072000027,ACO,1917.000000000,1917.000000000,5,1
cubic_1800.txt,1,3.917999983,ACO,1913.000000000,1913.000000000,5,1
cubic_1800.txt,1,3.997999907,HHO,1617.000000000,1617.000000000,5,1
cubic_1800.txt,1,4.780999899,ACO,1911.000000000,1617.000000000,5,0
cubic_1800.txt,1,6.542999983,ACO,1901.000000000,1617.000000000,5,0
cubic_1800.txt,1,7.406999826,ACO,1897.000000000,1617.000000000,5,0
cubic_1800.txt,1,7.975999832,HHO,1592.000000000,1592.000000000,5,1
cubic_1800.txt,1,9.100999832,ACO,1894.000000000,1592.000000000,5,0
cubic_1800.txt,1,10.751999855,ACO,1891.000000000,1592.000000000,5,0
cubic_1800.txt,1,11.634999990,ACO,1863.000000000,1592.000000000,5,0
cubic_1800.txt,1,12.555999994,ACO,1595.000000000,1592.000000000,5,0
cubic_1800.txt,1,13.424999952,ACO,1611.000000000,1592.000000000,5,0
cubic_1800.txt,1,15.455999851,ACO,1614.000000000,1592.000000000,5,0
cubic_1800.txt,1,16.305999994,ACO,1615.000000000,1592.000000000,5,0
cubic_1800.txt,1,17.273999929,ACO,1582.000000000,1582.000000000,5,1
cubic_1800.txt,1,17.422999859,HHO,1585.000000000,1582.000000000,5,0
cubic_1800.txt,1,18.151000023,ACO,1608.000000000,1582.000000000,5,0
cubic_1800.txt,1,20.793999910,ACO,1597.000000000,1582.000000000,5,0
cubic_1800.txt,1,22.633999825,ACO,1572.000000000,1572.000000000,5,1
cubic_1800.txt,1,25.167999983,ACO,1584.000000000,1572.000000000,5,0
cubic_1800.txt,1,26.918999910,ACO,1591.000000000,1572.000000000,5,0
cubic_1800.txt,1,27.909999847,ACO,1587.000000000,1572.000000000,5,0
cubic_1800.txt,1,29.674000025,ACO,1583.000000000,1572.000000000,5,0
cubic_1800.txt,1,33.440999985,ACO,1580.000000000,1572.000000000,5,0
cubic_1800.txt,2,0.005000114,RVNS,1990.000000000,1990.000000000,1,1
cubic_1800.txt,2,0.006000042,Tabu Search,1997.000000000,1990.000000000,2,0
cubic_1800.txt,2,0.009999990,RVNS,1995.000000000,1990.000000000,3,0
cubic_1800.txt,2,0.011000156,Tabu Search,1989.000000000,1989.000000000,4,1
cubic_1800.txt,2,0.013000011,RVNS,1993.000000000,1989.000000000,5,0
cubic_1800.txt,2,0.023000002,RVNS,1988.000000000,1988.000000000,5,1
cubic_1800.txt,2,0.029000044,RVNS,1992.000000000,1988.000000000,5,0
cubic_1800.txt,2,0.037000179,RVNS,1987.000000000,1987.000000000,5,1
cubic_1800.txt,2,0.046000004,RVNS,1991.000000000,1987.000000000,5,0
cubic_1800.txt,2,0.046000004,Tabu Search,1986.000000000,1986.000000000,5,1
cubic_1800.txt,2,0.055999994,Tabu Search,1985.000000000,1985.000000000,5,1
cubic_1800.txt,2,0.087000132,Tabu Search,1984.000000000,1984.000000000,5,1
cubic_1800.txt,2,1.180999994,ACO,1945.000000000,1945.000000000,5,1
cubic_1800.txt,2,2.048000097,ACO,1938.000000000,1938.000000000,5,1
cubic_1800.txt,2,2.856000185,ACO,1930.000000000,1930.000000000,5,1
cubic_1800.txt,2,3.672000170,ACO,1928.000000000,1928.000000000,5,1
cubic_1800.txt,2,3.828000069,HHO,1608.000000000,1608.000000000,5,1
cubic_1800.txt,2,4.620000124,ACO,1923.000000000,1608.000000000,5,0
cubic_1800.txt,2,5.518000126,ACO,1916.000000000,1608.000000000,5,0
cubic_1800.txt,2,6.505000114,ACO,1902.000000000,1608.000000000,5,0
cubic_1800.txt,2,7.429000139,ACO,1573.000000000,1573.000000000,5,1
cubic_1800.txt,2,8.231000185,HHO,1577.000000000,1573.000000000,5,0
cubic_1800.txt,2,8.343000174,ACO,1597.000000000,1573.000000000,5,0
cubic_1800.txt,2,9.171000004,ACO,1603.000000000,1573.000000000,5,0
cubic_1800.txt,2,10.044000149,ACO,1596.000000000,1573.000000000,5,0
cubic_1800.txt,2,10.881000042,ACO,1602.000000000,1573.000000000,5,0
cubic_1800.txt,2,11.735000134,ACO,1594.000000000,1573.000000000,5,0
cubic_1800.txt,2,17.973999977,ACO,1589.000000000,1573.000000000,5,0
cubic_1800.txt,2,19.804000139,ACO,1593.000000000,1573.000000000,5,0
cubic_1800.txt,2,20.820000172,ACO,1583.000000000,1573.000000000,5,0
cubic_1800.txt,2,22.805999994,HHO,1592.000000000,1573.000000000,5,0
cubic_1800.txt,2,22.900000095,ACO,1588.000000000,1573.000000000,5,0
cubic_1800.txt,2,28.578999996,HHO,1574.000000000,1573.000000000,5,0
cubic_1800.txt,2,28.604000092,ACO,1586.000000000,1573.000000000,5,0
cubic_1800.txt,2,30.511000156,ACO,1585.000000000,1573.000000000,5,0
cubic_1800.txt,2,40.088999987,HHO,1584.000000000,1573.000000000,5,0
cubic_1800.txt,3,0.004999876,Tabu Search,2022.000000000,2022.000000000,1,1
cubic_1800.txt,3,0.004999876,RVNS,1980.000000000,1980.000000000,2,1
cubic_1800.txt,3,0.007999897,RVNS,1982.000000000,1980.000000000,3,0
cubic_1800.txt,3,0.008999825,Tabu Search,1983.000000000,1980.000000000,4,0
cubic_1800.txt,3,0.009999990,RVNS,1986.000000000,1980.000000000,5,0
cubic_1800.txt,3,0.010999918,Tabu Search,1987.000000000,1980.000000000,5,0
cubic_1800.txt,3,0.016000032,Tabu Search,1978.000000000,1978.000000000,5,1
cubic_1800.txt,3,0.018999815,Tabu Search,1984.000000000,1978.000000000,5,0
cubic_1800.txt,3,0.026000023,RVNS,1981.000000000,1978.000000000,5,0
cubic_1800.txt,3,0.050999880,RVNS,1979.000000000,1978.000000000,5,0
cubic_1800.txt,3,0.067999840,Tabu Search,1977.000000000,1977.000000000,5,1
cubic_1800.txt,3,1.141999960,ACO,1938.000000000,1938.000000000,5,1
cubic_1800.txt,3,2.121999979,ACO,1934.000000000,1934.000000000,5,1
cubic_1800.txt,3,2.960999966,ACO,1919.000000000,1919.000000000,5,1
cubic_1800.txt,3,3.863999844,ACO,1906.000000000,1906.000000000,5,1
cubic_1800.txt,3,3.869999886,HHO,1597.000000000,1597.000000000,5,1
cubic_1800.txt,3,4.750999928,ACO,1908.000000000,1597.000000000,5,0
cubic_1800.txt,3,5.590999842,ACO,1909.000000000,1597.000000000,5,0
cubic_1800.txt,3,6.414999962,ACO,1900.000000000,1597.000000000,5,0
cubic_1800.txt,3,7.236999989,ACO,1894.000000000,1597.000000000,5,0
cubic_1800.txt,3,7.668999910,HHO,1576.000000000,1576.000000000,5,1
cubic_1800.txt,3,8.092999935,ACO,1603.000000000,1576.000000000,5,0
cubic_1800.txt,3,8.924999952,ACO,1589.000000000,1576.000000000,5,0
cubic_1800.txt,3,9.927999973,ACO,1606.000000000,1576.000000000,5,0
cubic_1800.txt,3,11.760999918,ACO,1604.000000000,1576.000000000,5,0
cubic_1800.txt,3,13.503000021,ACO,1584.000000000,1576.000000000,5,0
cubic_1800.txt,3,14.355999947,ACO,1599.000000000,1576.000000000,5,0
cubic_1800.txt,3,15.310999870,ACO,1594.000000000,1576.000000000,5,0
cubic_1800.txt,3,16.192999840,ACO,1595.000000000,1576.000000000,5,0
cubic_1800.txt,3,17.036000013,HHO,1588.000000000,1576.000000000,5,0
cubic_1800.txt,3,19.868000031,ACO,1575.000000000,1575.000000000,5,1
cubic_1800.txt,3,20.727999926,ACO,1583.000000000,1575.000000000,5,0
cubic_1800.txt,3,25.055999994,ACO,1586.000000000,1575.000000000,5,0
cubic_1800.txt,3,29.391000032,ACO,1577.000000000,1575.000000000,5,0
cubic_1800.txt,4,0.003999949,Tabu Search,2009.000000000,2009.000000000,1,1
cubic_1800.txt,4,0.005000114,RVNS,1970.000000000,1970.000000000,2,1
cubic_1800.txt,4,0.006000042,Tabu Search,2008.000000000,1970.000000000,3,0
cubic_1800.txt,4,0.007999897,RVNS,1974.000000000,1970.000000000,4,0
cubic_1800.txt,4,0.012000084,RVNS,1973.000000000,1970.000000000,5,0
cubic_1800.txt,4,0.013000011,Tabu Search,1972.000000000,1970.000000000,5,0
cubic_1800.txt,4,0.026000023,RVNS,1975.000000000,1970.000000000,5,0
cubic_1800.txt,4,0.045000076,RVNS,1971.000000000,1970.000000000,5,0
cubic_1800.txt,4,0.049000025,RVNS,1969.000000000,1969.000000000,5,1
cubic_1800.txt,4,0.062000036,RVNS,1966.000000000,1966.000000000,5,1
cubic_1800.txt,4,0.075000048,RVNS,1968.000000000,1966.000000000,5,0
cubic_1800.txt,4,0.125999928,Tabu Search,1965.000000000,1965.000000000,5,1
cubic_1800.txt,4,1.253000021,ACO,1936.000000000,1936.000000000,5,1
cubic_1800.txt,4,2.247999907,ACO,1935.000000000,1935.000000000,5,1
cubic_1800.txt,4,3.101000071,ACO,1941.000000000,1935.000000000,5,0
cubic_1800.txt,4,3.933000088,ACO,1924.000000000,1924.000000000,5,1
cubic_1800.txt,4,4.071000099,HHO,1616.000000000,1616.000000000,5,1
cubic_1800.txt,4,4.802999973,ACO,1918.000000000,1616.000000000,5,0
cubic_1800.txt,4,6.737999916,ACO,1920.000000000,1616.000000000,5,0
cubic_1800.txt,4,7.776999950,ACO,1592.000000000,1592.000000000,5,1
cubic_1800.txt,4,8.484999895,HHO,1577.000000000,1577.000000000,5,1
cubic_1800.txt,4,8.712000132,ACO,1608.000000000,1577.000000000,5,0
cubic_1800.txt,4,9.602999926,ACO,1607.000000000,1577.000000000,5,0
cubic_1800.txt,4,10.439000130,ACO,1595.000000000,1577.000000000,5,0
cubic_1800.txt,4,12.891999960,HHO,1588.000000000,1577.000000000,5,0
cubic_1800.txt,4,13.223000050,ACO,1599.000000000,1577.000000000,5,0
cubic_1800.txt,4,14.098999977,ACO,1594.000000000,1577.000000000,5,0
cubic_1800.txt,4,14.972000122,ACO,1591.000000000,1577.000000000,5,0
cubic_1800.txt,4,17.713000059,ACO,1590.000000000,1577.000000000,5,0
cubic_1800.txt,4,19.417000055,ACO,1585.000000000,1577.000000000,5,0
cubic_1800.txt,4,24.872999907,ACO,1589.000000000,1577.000000000,5,0
cubic_1800.txt,4,27.405999899,ACO,1576.000000000,1576.000000000,5,1
cubic_1800.txt,4,28.335999966,ACO,1580.000000000,1576.000000000,5,0
cubic_1800.txt,4,29.187000036,ACO,1582.000000000,1576.000000000,5,0
cubic_1800.txt,4,35.201999903,ACO,1578.000000000,1576.000000000,5,0
cubic_1800.txt,4,36.140000105,ACO,1581.000000000,1576.000000000,5,0
cubic_1800.txt,4,37.178999901,ACO,1571.000000000,1571.000000000,5,1
cubic_1800.txt,5,0.005000114,RVNS,2004.000000000,2004.000000000,1,1
cubic_1800.txt,5,0.006000042,Tabu Search,2017.000000000,2004.000000000,2,0
cubic_1800.txt,5,0.008000135,Tabu Search,1999.000000000,1999.000000000,3,1
cubic_1800.txt,5,0.009000063,RVNS,2003.000000000,1999.000000000,4,0
cubic_1800.txt,5,0.009999990,Tabu Search,1993.000000000,1993.000000000,5,1
cubic_1800.txt,5,0.011000156,RVNS,2006.000000000,1993.000000000,5,0
cubic_1800.txt,5,0.012000084,Tabu Search,2000.000000000,1993.000000000,5,0
cubic_1800.txt,5,0.014000177,RVNS,1997.000000000,1993.000000000,5,0
cubic_1800.txt,5,0.016999960,Tabu Search,1998.000000000,1993.000000000,5,0
cubic_1800.txt,5,0.019999981,Tabu Search,1996.000000000,1993.000000000,5,0
cubic_1800.txt,5,0.140000105,Tabu Search,1994.000000000,1993.000000000,5,0
cubic_1800.txt,5,0.174000025,RVNS,1995.000000000,1993.000000000,5,0
cubic_1800.txt,5,1.174999952,ACO,1940.000000000,1940.000000000,5,1
cubic_1800.txt,5,2.028000116,ACO,1933.000000000,1933.000000000,5,1
cubic_1800.txt,5,2.867000103,ACO,1919.000000000,1919.000000000,5,1
cubic_1800.txt,5,3.927000046,HHO,1595.000000000,1595.000000000,5,1
cubic_1800.txt,5,4.624000072,ACO,1902.000000000,1595.000000000,5,0
cubic_1800.txt,5,5.537000179,ACO,1892.000000000,1595.000000000,5,0
cubic_1800.txt,5,6.378999949,ACO,1893.000000000,1595.000000000,5,0
cubic_1800.txt,5,7.273000002,ACO,1897.000000000,1595.000000000,5,0
cubic_1800.txt,5,7.881999969,HHO,1596.000000000,1595.000000000,5,0
cubic_1800.txt,5,8.891000032,ACO,1604.000000000,1595.000000000,5,0
cubic_1800.txt,5,9.828000069,ACO,1598.000000000,1595.000000000,5,0
cubic_1800.txt,5,10.690999985,ACO,1593.000000000,1593.000000000,5,1
cubic_1800.txt,5,13.568000078,ACO,1591.000000000,1591.000000000,5,1
cubic_1800.txt,5,18.123000145,ACO,1587.000000000,1587.000000000,5,1
cubic_1800.txt,5,19.838999987,ACO,1594.000000000,1587.000000000,5,0
cubic_1800.txt,5,28.825999975,ACO,1592.000000000,1587.000000000,5,0
cubic_1800.txt,5,33.523000002,HHO,1589.000000000,1587.000000000,5,0
cubic_1800.txt,5,36.921000004,ACO,1580.000000000,1580.000000000,5,1
cubic_1800.txt,6,0.006000042,RVNS,2048.000000000,2048.000000000,1,1
cubic_1800.txt,6,0.006000042,Tabu Search,1987.000000000,1987.000000000,2,1
cubic_1800.txt,6,0.009000063,RVNS,2052.000000000,1987.000000000,3,0
cubic_1800.txt,6,0.009000063,Tabu Search,1984.000000000,1984.000000000,4,1
cubic_1800.txt,6,0.012000084,RVNS,2051.000000000,1984.000000000,5,0
cubic_1800.txt,6,0.013000011,Tabu Search,1989.000000000,1984.000000000,5,0
cubic_1800.txt,6,0.015000105,RVNS,1986.000000000,1984.000000000,5,0
cubic_1800.txt,6,0.016000032,Tabu Search,1985.000000000,1984.000000000,5,0
cubic_1800.txt,6,0.019999981,RVNS,1988.000000000,1984.000000000,5,0
cubic_1800.txt,6,0.024000168,RVNS,1981.000000000,1981.000000000,5,1
cubic_1800.txt,6,0.026000023,RVNS,1983.000000000,1981.000000000,5,0
cubic_1800.txt,6,0.054000139,RVNS,1980.000000000,1980.000000000,5,1
cubic_1800.txt,6,0.116000175,RVNS,1982.000000000,1980.000000000,5,0
cubic_1800.txt,6,1.200999975,ACO,1954.000000000,1954.000000000,5,1
cubic_1800.txt,6,2.187999964,ACO,1935.000000000,1935.000000000,5,1
cubic_1800.txt,6,3.039999962,ACO,1934.000000000,1934.000000000,5,1
cubic_1800.txt,6,3.890000105,ACO,1932.000000000,1932.000000000,5,1
cubic_1800.txt,6,4.005000114,HHO,1591.000000000,1591.000000000,5,1
cubic_1800.txt,6,4.746999979,ACO,1916.000000000,1591.000000000,5,0
cubic_1800.txt,6,5.603000164,ACO,1917.000000000,1591.000000000,5,0
cubic_1800.txt,6,6.427000046,ACO,1897.000000000,1591.000000000,5,0
cubic_1800.txt,6,7.327000141,ACO,1898.000000000,1591.000000000,5,0
cubic_1800.txt,6,7.860000134,HHO,1600.000000000,1591.000000000,5,0
cubic_1800.txt,6,8.292999983,ACO,1887.000000000,1591.000000000,5,0
cubic_1800.txt,6,9.161999941,ACO,1599.000000000,1591.000000000,5,0
cubic_1800.txt,6,10.006000042,ACO,1603.000000000,1591.000000000,5,0
cubic_1800.txt,6,10.944000006,ACO,1608.000000000,1591.000000000,5,0
cubic_1800.txt,6,11.963000059,ACO,1589.000000000,1589.000000000,5,1
cubic_1800.txt,6,12.476999998,HHO,1597.000000000,1589.000000000,5,0
cubic_1800.txt,6,15.914999962,ACO,1596.000000000,1589.000000000,5,0
cubic_1800.txt,6,17.613000154,HHO,1592.000000000,1589.000000000,5,0
cubic_1800.txt,6,17.713000059,ACO,1587.000000000,1587.000000000,5,1
cubic_1800.txt,6,21.139000177,ACO,1586.000000000,1586.000000000,5,1
cubic_1800.txt,6,24.699000120,ACO,1590.000000000,1586.000000000,5,0
cubic_1800.txt,6,26.394000053,ACO,1582.000000000,1582.000000000,5,1
cubic_1800.txt,6,27.272000074,ACO,1585.000000000,1582.000000000,5,0
cubic_1800.txt,6,28.018000126,HHO,1581.000000000,1581.000000000,5,1
cubic_1800.txt,6,28.192000151,ACO,1575.000000000,1575.000000000,5,1
cubic_1800.txt,6,32.743999958,ACO,1574.000000000,1574.000000000,5,1
cubic_1800.txt,6,33.822000027,ACO,1578.000000000,1574.000000000,5,0
cubic_1800.txt,6,34.752000093,ACO,1577.000000000,1574.000000000,5,0
cubic_1800.txt,6,39.120000124,ACO,1576.000000000,1574.000000000,5,0
cubic_1800.txt,7,0.005000114,Tabu Search,2013.000000000,2013.000000000,1,1
cubic_1800.txt,7,0.005000114,RVNS,2014.000000000,2013.000000000,2,0
cubic_1800.txt,7,0.006999969,Tabu Search,2016.000000000,2013.000000000,3,0
cubic_1800.txt,7,0.007999897,RVNS,2010.000000000,2010.000000000,4,1
cubic_1800.txt,7,0.010999918,Tabu Search,2020.000000000,2010.000000000,5,0
cubic_1800.txt,7,0.013999939,Tabu Search,2009.000000000,2009.000000000,5,1
cubic_1800.txt,7,0.016999960,Tabu Search,2006.000000000,2006.000000000,5,1
cubic_1800.txt,7,0.016999960,RVNS,2011.000000000,2006.000000000,5,0
cubic_1800.txt,7,0.022000074,Tabu Search,2012.000000000,2006.000000000,5,0
cubic_1800.txt,7,0.030999899,Tabu Search,2008.000000000,2006.000000000,5,0
cubic_1800.txt,7,0.040999889,Tabu Search,2007.000000000,2006.000000000,5,0
cubic_1800.txt,7,1.183000088,ACO,1932.000000000,1932.000000000,5,1
cubic_1800.txt,7,2.040999889,ACO,1927.000000000,1927.000000000,5,1
cubic_1800.txt,7,2.869999886,ACO,1926.000000000,1926.000000000,5,1
cubic_1800.txt,7,3.717999935,ACO,1916.000000000,1916.000000000,5,1
cubic_1800.txt,7,3.992000103,HHO,1614.000000000,1614.000000000,5,1
cubic_1800.txt,7,4.602999926,ACO,1903.000000000,1614.000000000,5,0
cubic_1800.txt,7,5.538000107,ACO,1612.000000000,1612.000000000,5,1
cubic_1800.txt,7,6.381999969,ACO,1628.000000000,1612.000000000,5,0
cubic_1800.txt,7,7.222000122,ACO,1617.000000000,1612.000000000,5,0
cubic_1800.txt,7,8.065999985,HHO,1616.000000000,1612.000000000,5,0
cubic_1800.txt,7,9.118000031,ACO,1621.000000000,1612.000000000,5,0
cubic_1800.txt,7,10.319999933,ACO,1615.000000000,1612.000000000,5,0
cubic_1800.txt,7,11.413000107,ACO,1605.000000000,1605.000000000,5,1
cubic_1800.txt,7,12.631999969,ACO,1597.000000000,1597.000000000,5,1
cubic_1800.txt,7,13.579999924,ACO,1588.000000000,1588.000000000,5,1
cubic_1800.txt,7,14.565000057,ACO,1603.000000000,1588.000000000,5,0
cubic_1800.txt,7,15.684999943,ACO,1601.000000000,1588.000000000,5,0
cubic_1800.txt,7,17.453999996,ACO,1577.000000000,1577.000000000,5,1
cubic_1800.txt,7,19.209000111,ACO,1595.000000000,1577.000000000,5,0
cubic_1800.txt,7,20.051000118,ACO,1599.000000000,1577.000000000,5,0
cubic_1800.txt,7,21.003999949,ACO,1596.000000000,1577.000000000,5,0
cubic_1800.txt,7,23.578000069,ACO,1593.000000000,1577.000000000,5,0
cubic_1800.txt,7,31.089999914,ACO,1586.000000000,1577.000000000,5,0
cubic_1800.txt,7,31.949000120,ACO,1589.000000000,1577.000000000,5,0
cubic_1800.txt,7,32.792000055,ACO,1572.000000000,1572.000000000,5,1
cubic_1800.txt,7,33.697999954,ACO,1581.000000000,1572.000000000,5,0
cubic_1800.txt,7,36.496999979,ACO,1583.000000000,1572.000000000,5,0
cubic_1800.txt,7,39.197999954,ACO,1576.000000000,1572.000000000,5,0
cubic_1800.txt,7,40.174999952,ACO,1582.000000000,1572.000000000,5,0
cubic_1800.txt,8,0.007999897,Tabu Search,2026.000000000,2026.000000000,1,1
cubic_1800.txt,8,0.007999897,RVNS,1994.000000000,1994.000000000,2,1
cubic_1800.txt,8,0.011999846,RVNS,1993.000000000,1993.000000000,3,1
cubic_1800.txt,8,0.011999846,Tabu Search,1992.000000000,1992.000000000,4,1
cubic_1800.txt,8,0.019999981,Tabu Search,1991.000000000,1991.000000000,5,1
cubic_1800.txt,8,0.023999929,Tabu Search,1995.000000000,1991.000000000,5,0
cubic_1800.txt,8,0.046999931,RVNS,1989.000000000,1989.000000000,5,1
cubic_1800.txt,8,0.050999880,RVNS,1990.000000000,1989.000000000,5,0
cubic_1800.txt,8,0.059999943,RVNS,1988.000000000,1988.000000000,5,1
cubic_1800.txt,8,0.122999907,RVNS,1987.000000000,1987.000000000,5,1
cubic_1800.txt,8,0.212999821,RVNS,1986.000000000,1986.000000000,5,1
cubic_1800.txt,8,0.220999956,RVNS,1984.000000000,1984.000000000,5,1
cubic_1800.txt,8,1.337999821,ACO,1944.000000000,1944.000000000,5,1
cubic_1800.txt,8,2.241999865,ACO,1927.000000000,1927.000000000,5,1
cubic_1800.txt,8,3.110999823,ACO,1909.000000000,1909.000000000,5,1
cubic_1800.txt,8,3.964999914,ACO,1908.000000000,1908.000000000,5,1
cubic_1800.txt,8,4.063999891,HHO,1607.000000000,1607.000000000,5,1
cubic_1800.txt,8,4.809999943,ACO,1907.000000000,1607.000000000,5,0
cubic_1800.txt,8,5.779999971,ACO,1901.000000000,1607.000000000,5,0
cubic_1800.txt,8,6.615000010,ACO,1890.000000000,1607.000000000,5,0
cubic_1800.txt,8,7.470000029,ACO,1881.000000000,1607.000000000,5,0
cubic_1800.txt,8,8.189999819,HHO,1626.000000000,1607.000000000,5,0
cubic_1800.txt,8,8.349999905,ACO,1886.000000000,1607.000000000,5,0
cubic_1800.txt,8,9.981999874,ACO,1878.000000000,1607.000000000,5,0
cubic_1800.txt,8,10.871999979,ACO,1870.000000000,1607.000000000,5,0
cubic_1800.txt,8,11.692999840,ACO,1594.000000000,1594.000000000,5,1
cubic_1800.txt,8,12.310999870,HHO,1621.000000000,1594.000000000,5,0
cubic_1800.txt,8,13.515999794,ACO,1620.000000000,1594.000000000,5,0
cubic_1800.txt,8,14.547999859,ACO,1615.000000000,1594.000000000,5,0
cubic_1800.txt,8,15.497999907,ACO,1601.000000000,1594.000000000,5,0
cubic_1800.txt,8,16.725999832,ACO,1612.000000000,1594.000000000,5,0
cubic_1800.txt,8,20.232999802,ACO,1598.000000000,1594.000000000,5,0
cubic_1800.txt,8,21.179999828,ACO,1603.000000000,1594.000000000,5,0
cubic_1800.txt,8,22.145999908,ACO,1590.000000000,1590.000000000,5,1
cubic_1800.txt,8,23.021999836,ACO,1597.000000000,1590.000000000,5,0
cubic_1800.txt,8,24.761999846,ACO,1588.000000000,1588.000000000,5,1
cubic_1800.txt,8,25.633999825,ACO,1591.000000000,1588.000000000,5,0
cubic_1800.txt,8,26.632999897,ACO,1579.000000000,1579.000000000,5,1
cubic_1800.txt,8,27.517999887,ACO,1576.000000000,1576.000000000,5,1
cubic_1800.txt,8,28.448999882,ACO,1586.000000000,1576.000000000,5,0
cubic_1800.txt,8,29.484999895,ACO,1587.000000000,1576.000000000,5,0
cubic_1800.txt,8,31.357999802,ACO,1581.000000000,1576.000000000,5,0
cubic_1800.txt,9,0.006000042,RVNS,1998.000000000,1998.000000000,1,1
cubic_1800.txt,9,0.006000042,Tabu Search,2010.000000000,1998.000000000,2,0
cubic_1800.txt,9,0.009000063,Tabu Search,1988.000000000,1988.000000000,3,1
cubic_1800.txt,9,0.009000063,RVNS,1994.000000000,1988.000000000,4,0
cubic_1800.txt,9,0.011000156,Tabu Search,1991.000000000,1988.000000000,5,0
cubic_1800.txt,9,0.012000084,RVNS,2009.000000000,1988.000000000,5,0
cubic_1800.txt,9,0.018000126,Tabu Search,1995.000000000,1988.000000000,5,0
cubic_1800.txt,9,0.022000074,RVNS,1989.000000000,1988.000000000,5,0
cubic_1800.txt,9,0.022000074,Tabu Search,1987.000000000,1987.000000000,5,1
cubic_1800.txt,9,0.024000168,Tabu Search,1993.000000000,1987.000000000,5,0
cubic_1800.txt,9,0.028000116,Tabu Search,1992.000000000,1987.000000000,5,0
cubic_1800.txt,9,0.044000149,RVNS,1985.000000000,1985.000000000,5,1
cubic_1800.txt,9,0.048000097,RVNS,1986.000000000,1985.000000000,5,0
cubic_1800.txt,9,1.190000057,ACO,1931.000000000,1931.000000000,5,1
cubic_1800.txt,9,2.177999973,ACO,1926.000000000,1926.000000000,5,1
cubic_1800.txt,9,3.012000084,ACO,1910.000000000,1910.000000000,5,1
cubic_1800.txt,9,4.194000006,ACO,1912.000000000,1910.000000000,5,0
cubic_1800.txt,9,4.472000122,HHO,1603.000000000,1603.000000000,5,1
cubic_1800.txt,9,5.249000072,ACO,1911.000000000,1603.000000000,5,0
cubic_1800.txt,9,6.175000191,ACO,1913.000000000,1603.000000000,5,0
cubic_1800.txt,9,7.251000166,ACO,1909.000000000,1603.000000000,5,0
cubic_1800.txt,9,8.085000038,ACO,1896.000000000,1603.000000000,5,0
cubic_1800.txt,9,8.818000078,HHO,1600.000000000,1600.000000000,5,1
cubic_1800.txt,9,9.006999969,ACO,1899.000000000,1600.000000000,5,0
cubic_1800.txt,9,9.848999977,ACO,1897.000000000,1600.000000000,5,0
cubic_1800.txt,9,10.710000038,ACO,1614.000000000,1600.000000000,5,0
cubic_1800.txt,9,11.542000055,ACO,1599.000000000,1599.000000000,5,1
cubic_1800.txt,9,12.536000013,ACO,1612.000000000,1599.000000000,5,0
cubic_1800.txt,9,13.284000158,HHO,1594.000000000,1594.000000000,5,1
cubic_1800.txt,9,13.393000126,ACO,1606.000000000,1594.000000000,5,0
cubic_1800.txt,9,14.245000124,ACO,1597.000000000,1594.000000000,5,0
cubic_1800.txt,9,15.100000143,ACO,1596.000000000,1594.000000000,5,0
cubic_1800.txt,9,18.715000153,ACO,1593.000000000,1593.000000000,5,1
cubic_1800.txt,9,22.739000082,ACO,1576.000000000,1576.000000000,5,1
cubic_1800.txt,9,26.233999968,ACO,1586.000000000,1576.000000000,5,0
cubic_1800.txt,9,27.065000057,ACO,1589.000000000,1576.000000000,5,0
cubic_1800.txt,9,28.005000114,ACO,1588.000000000,1576.000000000,5,0
cubic_1800.txt,9,28.863000154,ACO,1582.000000000,1576.000000000,5,0
cubic_1800.txt,10,0.003999949,Tabu Search,1980.000000000,1980.000000000,1,1
cubic_1800.txt,10,0.005999804,RVNS,2018.000000000,1980.000000000,2,0
cubic_1800.txt,10,0.005999804,Tabu Search,1977.000000000,1977.000000000,3,1
cubic_1800.txt,10,0.007999897,RVNS,1975.000000000,1975.000000000,4,1
cubic_1800.txt,10,0.007999897,Tabu Search,1983.000000000,1975.000000000,5,0
cubic_1800.txt,10,0.009999990,RVNS,1974.000000000,1974.000000000,5,1
cubic_1800.txt,10,0.010999918,Tabu Search,1972.000000000,1972.000000000,5,1
cubic_1800.txt,10,0.011999846,RVNS,1976.000000000,1972.000000000,5,0
cubic_1800.txt,10,0.027999878,Tabu Search,1973.000000000,1972.000000000,5,0
cubic_1800.txt,10,0.098999977,Tabu Search,1969.000000000,1969.000000000,5,1
cubic_1800.txt,10,1.146999836,ACO,1934.000000000,1934.000000000,5,1
cubic_1800.txt,10,2.003000021,ACO,1932.000000000,1932.000000000,5,1
cubic_1800.txt,10,2.890999794,ACO,1926.000000000,1926.000000000,5,1
cubic_1800.txt,10,3.756999969,ACO,1922.000000000,1922.000000000,5,1
cubic_1800.txt,10,3.863999844,HHO,1594.000000000,1594.000000000,5,1
cubic_1800.txt,10,4.605000019,ACO,1896.000000000,1594.000000000,5,0
cubic_1800.txt,10,5.445999861,ACO,1897.000000000,1594.000000000,5,0
cubic_1800.txt,10,6.281999826,ACO,1895.000000000,1594.000000000,5,0
cubic_1800.txt,10,7.166999817,ACO,1894.000000000,1594.000000000,5,0
cubic_1800.txt,10,7.866999865,HHO,1598.000000000,1594.000000000,5,0
cubic_1800.txt,10,8.121999979,ACO,1888.000000000,1594.000000000,5,0
cubic_1800.txt,10,9.235999823,ACO,1887.000000000,1594.000000000,5,0
cubic_1800.txt,10,10.342000008,ACO,1884.000000000,1594.000000000,5,0
cubic_1800.txt,10,11.271999836,ACO,1595.000000000,1594.000000000,5,0
cubic_1800.txt,10,12.152999878,ACO,1592.000000000,1592.000000000,5,1
cubic_1800.txt,10,12.780999899,HHO,1581.000000000,1581.000000000,5,1
cubic_1800.txt,10,12.997999907,ACO,1584.000000000,1581.000000000,5,0
cubic_1800.txt,10,13.838999987,ACO,1589.000000000,1581.000000000,5,0
cubic_1800.txt,10,15.707000017,ACO,1593.000000000,1581.000000000,5,0
cubic_1800.txt,10,16.573999882,ACO,1591.000000000,1581.000000000,5,0
cubic_1800.txt,10,17.536999941,HHO,1571.000000000,1571.000000000,5,1
cubic_1800.txt,10,20.019999981,ACO,1588.000000000,1571.000000000,5,0
cubic_1800.txt,10,22.786000013,ACO,1577.000000000,1571.000000000,5,0
cubic_1800.txt,10,28.415999889,ACO,1582.000000000,1571.000000000,5,0
cubic_1800.txt,10,30.128999949,ACO,1580.000000000,1571.000000000,5,0
cubic_1800.txt,10,31.059999943,ACO,1572.000000000,1571.000000000,5,0
cubic_1800.txt,10,31.955999851,ACO,1573.000000000,1571.000000000,5,0
cubic_1800.txt,10,37.287999868,ACO,1574.000000000,1571.000000000,5,0
cubic_1900.txt,1,0.007000208,RVNS,2087.000000000,2087.000000000,1,1
cubic_1900.txt,1,0.007000208,Tabu Search,2119.000000000,2087.000000000,2,0
cubic_1900.txt,1,0.009999990,RVNS,2090.000000000,2087.000000000,3,0
cubic_1900.txt,1,0.011000156,Tabu Search,2091.000000000,2087.000000000,4,0
cubic_1900.txt,1,0.014000177,Tabu Search,2093.000000000,2087.000000000,5,0
cubic_1900.txt,1,0.018000126,RVNS,2095.000000000,2087.000000000,5,0
cubic_1900.txt,1,0.019999981,Tabu Search,2092.000000000,2087.000000000,5,0
cubic_1900.txt,1,0.022000074,RVNS,2089.000000000,2087.000000000,5,0
cubic_1900.txt,1,0.055999994,RVNS,2083.000000000,2083.000000000,5,1
cubic_1900.txt,1,0.064000130,Tabu Search,2086.000000000,2083.000000000,5,0
cubic_1900.txt,1,0.065000057,RVNS,2081.000000000,2081.000000000,5,1
cubic_1900.txt,1,0.081000090,Tabu Search,2084.000000000,2081.000000000,5,0
cubic_1900.txt,1,0.116000175,RVNS,2085.000000000,2081.000000000,5,0
cubic_1900.txt,1,1.360000134,ACO,2028.000000000,2028.000000000,5,1
cubic_1900.txt,1,2.476000071,ACO,2036.000000000,2028.000000000,5,0
cubic_1900.txt,1,3.391000032,ACO,2035.000000000,2028.000000000,5,0
cubic_1900.txt,1,4.254000187,ACO,2009.000000000,2009.000000000,5,1
cubic_1900.txt,1,4.348999977,HHO,1679.000000000,1679.000000000,5,1
cubic_1900.txt,1,5.106000185,ACO,2011.000000000,1679.000000000,5,0
cubic_1900.txt,1,5.976000071,ACO,2004.000000000,1679.000000000,5,0
cubic_1900.txt,1,6.811000109,ACO,2003.000000000,1679.000000000,5,0
cubic_1900.txt,1,7.763000011,ACO,1991.000000000,1679.000000000,5,0
cubic_1900.txt,1,8.457000017,HHO,1664.000000000,1664.000000000,5,1
cubic_1900.txt,1,8.632000208,ACO,1992.000000000,1664.000000000,5,0
cubic_1900.txt,1,9.475000143,ACO,1685.000000000,1664.000000000,5,0
cubic_1900.txt,1,10.338999987,ACO,1688.000000000,1664.000000000,5,0
cubic_1900.txt,1,11.185000181,ACO,1680.000000000,1664.000000000,5,0
cubic_1900.txt,1,12.062000036,ACO,1687.000000000,1664.000000000,5,0
cubic_1900.txt,1,12.903000116,ACO,1683.000000000,1664.000000000,5,0
cubic_1900.txt,1,15.009000063,ACO,1678.000000000,1664.000000000,5,0
cubic_1900.txt,1,18.634999990,ACO,1682.000000000,1664.000000000,5,0
cubic_1900.txt,1,20.534000158,ACO,1681.000000000,1664.000000000,5,0
cubic_1900.txt,1,22.264000177,ACO,1677.000000000,1664.000000000,5,0
cubic_1900.txt,1,23.119000196,ACO,1667.000000000,1664.000000000,5,0
cubic_1900.txt,1,25.936000109,ACO,1670.000000000,1664.000000000,5,0
cubic_1900.txt,1,28.537000179,ACO,1675.000000000,1664.000000000,5,0
cubic_1900.txt,1,31.657999992,ACO,1674.000000000,1664.000000000,5,0
cubic_1900.txt,1,32.636000156,ACO,1666.000000000,1664.000000000,5,0
cubic_1900.txt,1,35.703999996,ACO,1673.000000000,1664.000000000,5,0
cubic_1900.txt,1,40.245000124,ACO,1669.000000000,1664.000000000,5,0
cubic_1900.txt,2,0.003999949,Tabu Search,2126.000000000,2126.000000000,1,1
cubic_1900.txt,2,0.004999876,RVNS,2129.000000000,2126.000000000,2,0
cubic_1900.txt,2,0.006999969,Tabu Search,2128.000000000,2126.000000000,3,0
cubic_1900.txt,2,0.007999897,RVNS,2123.000000000,2123.000000000,4,1
cubic_1900.txt,2,0.009999990,Tabu Search,2132.000000000,2123.000000000,5,0
cubic_1900.txt,2,0.013000011,Tabu Search,2125.000000000,2123.000000000,5,0
cubic_1900.txt,2,0.013000011,RVNS,2124.000000000,2123.000000000,5,0
cubic_1900.txt,2,0.015999794,RVNS,2127.000000000,2123.000000000,5,0
cubic_1900.txt,2,0.017999887,RVNS,2122.000000000,2122.000000000,5,1
cubic_1900.txt,2,0.042999983,Tabu Search,2120.000000000,2120.000000000,5,1
cubic_1900.txt,2,0.126999855,RVNS,2119.000000000,2119.000000000,5,1
cubic_1900.txt,2,0.155999899,RVNS,2121.000000000,2119.000000000,5,0
cubic_1900.txt,2,1.157999992,ACO,2052.000000000,2052.000000000,5,1
cubic_1900.txt,2,2.010999918,ACO,2032.000000000,2032.000000000,5,1
cubic_1900.txt,2,3.176999807,ACO,2039.000000000,2032.000000000,5,0
cubic_1900.txt,2,4.118999958,ACO,2029.000000000,2029.000000000,5,1
cubic_1900.txt,2,4.424999952,HHO,1687.000000000,1687.000000000,5,1
cubic_1900.txt,2,5.085999966,ACO,2016.000000000,1687.000000000,5,0
cubic_1900.txt,2,5.944999933,ACO,2020.000000000,1687.000000000,5,0
cubic_1900.txt,2,6.809999943,ACO,2028.000000000,1687.000000000,5,0
cubic_1900.txt,2,7.671000004,ACO,1698.000000000,1687.000000000,5,0
cubic_1900.txt,2,8.496999979,HHO,1690.000000000,1687.000000000,5,0
cubic_1900.txt,2,8.519999981,ACO,1693.000000000,1687.000000000,5,0
cubic_1900.txt,2,9.362999916,ACO,1701.000000000,1687.000000000,5,0
cubic_1900.txt,2,10.227999926,ACO,1671.000000000,1671.000000000,5,1
cubic_1900.txt,2,12.063999891,ACO,1678.000000000,1671.000000000,5,0
cubic_1900.txt,2,13.027999878,ACO,1689.000000000,1671.000000000,5,0
cubic_1900.txt,2,18.689999819,ACO,1681.000000000,1671.000000000,5,0
cubic_1900.txt,2,19.632999897,ACO,1670.000000000,1670.000000000,5,1
cubic_1900.txt,2,22.505999804,ACO,1672.000000000,1670.000000000,5,0
cubic_1900.txt,2,24.101999998,HHO,1676.000000000,1670.000000000,5,0
cubic_1900.txt,2,33.912999868,ACO,1658.000000000,1658.000000000,5,1
cubic_1900.txt,2,36.617999792,ACO,1667.000000000,1658.000000000,5,0
cubic_1900.txt,2,37.476999998,ACO,1669.000000000,1658.000000000,5,0
cubic_1900.txt,3,0.003999949,RVNS,2121.000000000,2121.000000000,1,1
cubic_1900.txt,3,0.003999949,Tabu Search,2133.000000000,2121.000000000,2,0
cubic_1900.txt,3,0.006000042,RVNS,2136.000000000,2121.000000000,3,0
cubic_1900.txt,3,0.006999969,Tabu Search,2125.000000000,2121.000000000,4,0
cubic_1900.txt,3,0.007999897,RVNS,2131.000000000,2121.000000000,5,0
cubic_1900.txt,3,0.009999990,Tabu Search,2127.000000000,2121.000000000,5,0
cubic_1900.txt,3,0.013000011,Tabu Search,2129.000000000,2121.000000000,5,0
cubic_1900.txt,3,0.013000011,RVNS,2130.000000000,2121.000000000,5,0
cubic_1900.txt,3,0.016999960,RVNS,2126.000000000,2121.000000000,5,0
cubic_1900.txt,3,0.019000053,RVNS,2128.000000000,2121.000000000,5,0
cubic_1900.txt,3,0.024999857,Tabu Search,2124.000000000,2121.000000000,5,0
cubic_1900.txt,3,0.033999920,RVNS,2123.000000000,2121.000000000,5,0
cubic_1900.txt,3,0.037999868,RVNS,2122.000000000,2121.000000000,5,0
cubic_1900.txt,3,0.136999846,RVNS,2119.000000000,2119.000000000,5,1
cubic_1900.txt,3,0.149999857,Tabu Search,2120.000000000,2119.000000000,5,0
cubic_1900.txt,3,1.180000067,ACO,2044.000000000,2044.000000000,5,1
cubic_1900.txt,3,2.059000015,ACO,2040.000000000,2040.000000000,5,1
cubic_1900.txt,3,2.953999996,ACO,2028.000000000,2028.000000000,5,1
cubic_1900.txt,3,4.266000032,HHO,1673.000000000,1673.000000000,5,1
cubic_1900.txt,3,4.866999865,ACO,2018.000000000,1673.000000000,5,0
cubic_1900.txt,3,5.743000031,ACO,2014.000000000,1673.000000000,5,0
cubic_1900.txt,3,6.840999842,ACO,1690.000000000,1673.000000000,5,0
cubic_1900.txt,3,7.771999836,ACO,1696.000000000,1673.000000000,5,0
cubic_1900.txt,3,8.717999935,ACO,1686.000000000,1673.000000000,5,0
cubic_1900.txt,3,8.792000055,HHO,1685.000000000,1673.000000000,5,0
cubic_1900.txt,3,10.638999939,ACO,1695.000000000,1673.000000000,5,0
cubic_1900.txt,3,13.267999887,ACO,1692.000000000,1673.000000000,5,0
cubic_1900.txt,3,13.447000027,HHO,1688.000000000,1673.000000000,5,0
cubic_1900.txt,3,15.042000055,ACO,1675.000000000,1673.000000000,5,0
cubic_1900.txt,3,15.961999893,ACO,1684.000000000,1673.000000000,5,0
cubic_1900.txt,3,19.639999866,ACO,1682.000000000,1673.000000000,5,0
cubic_1900.txt,3,20.662999868,ACO,1680.000000000,1673.000000000,5,0
cubic_1900.txt,3,22.802000046,ACO,1679.000000000,1673.000000000,5,0
cubic_1900.txt,3,28.178999901,ACO,1672.000000000,1672.000000000,5,1
cubic_1900.txt,3,40.996999979,HHO,1669.000000000,1669.000000000,5,1
cubic_1900.txt,4,0.003999949,RVNS,2123.000000000,2123.000000000,1,1
cubic_1900.txt,4,0.006000042,Tabu Search,2106.000000000,2106.000000000,2,1
cubic_1900.txt,4,0.008000135,RVNS,2120.000000000,2106.000000000,3,0
cubic_1900.txt,4,0.009999990,Tabu Search,2098.000000000,2098.000000000,4,1
cubic_1900.txt,4,0.011000156,RVNS,2125.000000000,2098.000000000,5,0
cubic_1900.txt,4,0.013000011,Tabu Search,2103.000000000,2098.000000000,5,0
cubic_1900.txt,4,0.014000177,RVNS,2108.000000000,2098.000000000,5,0
cubic_1900.txt,4,0.016000032,Tabu Search,2101.000000000,2098.000000000,5,0
cubic_1900.txt,4,0.016999960,RVNS,2099.000000000,2098.000000000,5,0
cubic_1900.txt,4,0.022000074,Tabu Search,2102.000000000,2098.000000000,5,0
cubic_1900.txt,4,0.029000044,RVNS,2096.000000000,2096.000000000,5,1
cubic_1900.txt,4,0.032000065,RVNS,2100.000000000,2096.000000000,5,0
cubic_1900.txt,4,0.097000122,RVNS,2095.000000000,2095.000000000,5,1
cubic_1900.txt,4,0.098999977,RVNS,2097.000000000,2095.000000000,5,0
cubic_1900.txt,4,0.103000164,Tabu Search,2094.000000000,2094.000000000,5,1
cubic_1900.txt,4,0.177999973,RVNS,2093.000000000,2093.000000000,5,1
cubic_1900.txt,4,1.194000006,ACO,2061.000000000,2061.000000000,5,1
cubic_1900.txt,4,2.105999947,ACO,2035.000000000,2035.000000000,5,1
cubic_1900.txt,4,2.983000040,ACO,2031.000000000,2031.000000000,5,1
cubic_1900.txt,4,3.809999943,ACO,2026.000000000,2026.000000000,5,1
cubic_1900.txt,4,4.113000154,HHO,1673.000000000,1673.000000000,5,1
cubic_1900.txt,4,4.653000116,ACO,2022.000000000,1673.000000000,5,0
cubic_1900.txt,4,5.493999958,ACO,1680.000000000,1673.000000000,5,0
cubic_1900.txt,4,6.360000134,ACO,1689.000000000,1673.000000000,5,0
cubic_1900.txt,4,7.212000132,ACO,1676.000000000,1673.000000000,5,0
cubic_1900.txt,4,8.064000130,HHO,1691.000000000,1673.000000000,5,0
cubic_1900.txt,4,9.983000040,ACO,1678.000000000,1673.000000000,5,0
cubic_1900.txt,4,11.044000149,ACO,1675.000000000,1673.000000000,5,0
cubic_1900.txt,4,12.024000168,ACO,1662.000000000,1662.000000000,5,1
cubic_1900.txt,4,12.814000130,HHO,1677.000000000,1662.000000000,5,0
cubic_1900.txt,4,19.345999956,ACO,1659.000000000,1659.000000000,5,1
cubic_1900.txt,4,21.143000126,ACO,1666.000000000,1659.000000000,5,0
cubic_1900.txt,4,22.023000002,ACO,1671.000000000,1659.000000000,5,0
cubic_1900.txt,4,26.809999943,ACO,1672.000000000,1659.000000000,5,0
cubic_1900.txt,4,27.921000004,ACO,1670.000000000,1659.000000000,5,0
cubic_1900.txt,4,34.210000038,ACO,1664.000000000,1659.000000000,5,0
cubic_1900.txt,4,36.916000128,ACO,1663.000000000,1659.000000000,5,0
cubic_1900.txt,4,37.766000032,ACO,1665.000000000,1659.000000000,5,0
cubic_1900.txt,5,0.012000084,RVNS,2149.000000000,2149.000000000,1,1
cubic_1900.txt,5,0.012000084,Tabu Search,2082.000000000,2082.000000000,2,1
cubic_1900.txt,5,0.016000032,RVNS,2081.000000000,2081.000000000,3,1
cubic_1900.txt,5,0.016000032,Tabu Search,2084.000000000,2081.000000000,4,0
cubic_1900.txt,5,0.019000053,Tabu Search,2078.000000000,2078.000000000,5,1
cubic_1900.txt,5,0.019999981,RVNS,2089.000000000,2078.000000000,5,0
cubic_1900.txt,5,0.026999950,RVNS,2085.000000000,2078.000000000,5,0
cubic_1900.txt,5,0.030999899,Tabu Search,2076.000000000,2076.000000000,5,1
cubic_1900.txt,5,0.030999899,RVNS,2075.000000000,2075.000000000,5,1
cubic_1900.txt,5,0.036000013,RVNS,2077.000000000,2075.000000000,5,0
cubic_1900.txt,5,0.048000097,RVNS,2080.000000000,2075.000000000,5,0
cubic_1900.txt,5,0.095999956,RVNS,2079.000000000,2075.000000000,5,0
cubic_1900.txt,5,1.410000086,ACO,2042.000000000,2042.000000000,5,1
cubic_1900.txt,5,2.355999947,ACO,2002.000000000,2002.000000000,5,1
cubic_1900.txt,5,3.214999914,ACO,1999.000000000,1999.000000000,5,1
cubic_1900.txt,5,4.085999966,ACO,2009.000000000,1999.000000000,5,0
cubic_1900.txt,5,4.431999922,HHO,1676.000000000,1676.000000000,5,1
cubic_1900.txt,5,4.996000051,ACO,2008.000000000,1676.000000000,5,0
cubic_1900.txt,5,6.789999962,ACO,1687.000000000,1676.000000000,5,0
cubic_1900.txt,5,7.645999908,ACO,1671.000000000,1671.000000000,5,1
cubic_1900.txt,5,8.500000000,HHO,1688.000000000,1671.000000000,5,0
cubic_1900.txt,5,8.512000084,ACO,1683.000000000,1671.000000000,5,0
cubic_1900.txt,5,9.368000031,ACO,1663.000000000,1663.000000000,5,1
cubic_1900.txt,5,11.161000013,ACO,1669.000000000,1663.000000000,5,0
cubic_1900.txt,5,12.913000107,ACO,1674.000000000,1663.000000000,5,0
cubic_1900.txt,5,18.138000011,ACO,1672.000000000,1663.000000000,5,0
cubic_1900.txt,5,25.302999973,ACO,1664.000000000,1663.000000000,5,0
cubic_1900.txt,5,31.291000128,ACO,1668.000000000,1663.000000000,5,0
cubic_1900.txt,5,37.756999969,ACO,1670.000000000,1663.000000000,5,0
cubic_1900.txt,6,0.004999876,Tabu Search,2152.000000000,2152.000000000,1,1
cubic_1900.txt,6,0.006000042,RVNS,2119.000000000,2119.000000000,2,1
cubic_1900.txt,6,0.006999969,Tabu Search,2157.000000000,2119.000000000,3,0
cubic_1900.txt,6,0.009000063,Tabu Search,2116.000000000,2116.000000000,4,1
cubic_1900.txt,6,0.009999990,RVNS,2156.000000000,2116.000000000,5,0
cubic_1900.txt,6,0.011999846,RVNS,2155.000000000,2116.000000000,5,0
cubic_1900.txt,6,0.014999866,Tabu Search,2117.000000000,2116.000000000,5,0
cubic_1900.txt,6,0.016999960,RVNS,2115.000000000,2115.000000000,5,1
cubic_1900.txt,6,0.026999950,Tabu Search,2122.000000000,2115.000000000,5,0
cubic_1900.txt,6,0.034999847,RVNS,2120.000000000,2115.000000000,5,0
cubic_1900.txt,6,0.042000055,Tabu Search,2118.000000000,2115.000000000,5,0
cubic_1900.txt,6,0.078999996,RVNS,2113.000000000,2113.000000000,5,1
cubic_1900.txt,6,0.082999945,Tabu Search,2114.000000000,2113.000000000,5,0
cubic_1900.txt,6,0.202999830,RVNS,2112.000000000,2112.000000000,5,1
cubic_1900.txt,6,1.202999830,ACO,2052.000000000,2052.000000000,5,1
cubic_1900.txt,6,2.109999895,ACO,2035.000000000,2035.000000000,5,1
cubic_1900.txt,6,3.236999989,ACO,2033.000000000,2033.000000000,5,1
cubic_1900.txt,6,4.448999882,ACO,2017.000000000,2017.000000000,5,1
cubic_1900.txt,6,4.563999891,HHO,1680.000000000,1680.000000000,5,1
cubic_1900.txt,6,5.375999928,ACO,2002.000000000,1680.000000000,5,0
cubic_1900.txt,6,6.361999989,ACO,2009.000000000,1680.000000000,5,0
cubic_1900.txt,6,7.271999836,ACO,2008.000000000,1680.000000000,5,0
cubic_1900.txt,6,9.151999950,HHO,1663.000000000,1663.000000000,5,1
cubic_1900.txt,6,9.404000044,ACO,1672.000000000,1663.000000000,5,0
cubic_1900.txt,6,10.425999880,ACO,1676.000000000,1663.000000000,5,0
cubic_1900.txt,6,11.434999943,ACO,1684.000000000,1663.000000000,5,0
cubic_1900.txt,6,14.128000021,HHO,1683.000000000,1663.000000000,5,0
cubic_1900.txt,6,16.105000019,ACO,1674.000000000,1663.000000000,5,0
cubic_1900.txt,6,17.026000023,ACO,1656.000000000,1656.000000000,5,1
cubic_1900.txt,6,21.793999910,ACO,1659.000000000,1656.000000000,5,0
cubic_1900.txt,6,24.463000059,ACO,1666.000000000,1656.000000000,5,0
cubic_1900.txt,6,28.373999834,ACO,1669.000000000,1656.000000000,5,0
cubic_1900.txt,6,31.032000065,ACO,1661.000000000,1656.000000000,5,0
cubic_1900.txt,6,33.826999903,ACO,1654.000000000,1654.000000000,5,1
cubic_1900.txt,6,34.812999964,ACO,1653.000000000,1653.000000000,5,1
cubic_1900.txt,6,35.902999878,ACO,1652.000000000,1652.000000000,5,1
cubic_1900.txt,6,42.115000010,ACO,1658.000000000,1652.000000000,5,0
cubic_1900.txt,7,0.004999876,RVNS,2154.000000000,2154.000000000,1,1
cubic_1900.txt,7,0.006000042,Tabu Search,2125.000000000,2125.000000000,2,1
cubic_1900.txt,7,0.007999897,RVNS,2150.000000000,2125.000000000,3,0
cubic_1900.txt,7,0.009000063,Tabu Search,2122.000000000,2122.000000000,4,1
cubic_1900.txt,7,0.009999990,RVNS,2124.000000000,2122.000000000,5,0
cubic_1900.txt,7,0.011999846,Tabu Search,2128.000000000,2122.000000000,5,0
cubic_1900.txt,7,0.020999908,Tabu Search,2123.000000000,2122.000000000,5,0
cubic_1900.txt,7,0.023999929,Tabu Search,2121.000000000,2121.000000000,5,1
cubic_1900.txt,7,0.039000034,RVNS,2120.000000000,2120.000000000,5,1
cubic_1900.txt,7,0.073999882,Tabu Search,2119.000000000,2119.000000000,5,1
cubic_1900.txt,7,0.103999853,RVNS,2118.000000000,2118.000000000,5,1
cubic_1900.txt,7,1.180000067,ACO,2029.000000000,2029.000000000,5,1
cubic_1900.txt,7,2.101000071,ACO,2032.000000000,2029.000000000,5,0
cubic_1900.txt,7,3.067999840,ACO,2018.000000000,2018.000000000,5,1
cubic_1900.txt,7,4.063999891,ACO,2020.000000000,2018.000000000,5,0
cubic_1900.txt,7,4.404999971,HHO,1667.000000000,1667.000000000,5,1
cubic_1900.txt,7,5.029999971,ACO,2017.000000000,1667.000000000,5,0
cubic_1900.txt,7,6.049000025,ACO,2024.000000000,1667.000000000,5,0
cubic_1900.txt,7,6.963000059,ACO,2005.000000000,1667.000000000,5,0
cubic_1900.txt,7,7.937999964,ACO,1680.000000000,1667.000000000,5,0
cubic_1900.txt,7,8.993999958,ACO,1702.000000000,1667.000000000,5,0
cubic_1900.txt,7,9.128000021,HHO,1682.000000000,1667.000000000,5,0
cubic_1900.txt,7,9.859999895,ACO,1695.000000000,1667.000000000,5,0
cubic_1900.txt,7,10.720000029,ACO,1668.000000000,1667.000000000,5,0
cubic_1900.txt,7,11.556999922,ACO,1694.000000000,1667.000000000,5,0
cubic_1900.txt,7,13.340999842,ACO,1690.000000000,1667.000000000,5,0
cubic_1900.txt,7,13.368000031,HHO,1672.000000000,1667.000000000,5,0
cubic_1900.txt,7,18.277999878,HHO,1674.000000000,1667.000000000,5,0
cubic_1900.txt,7,25.599999905,ACO,1679.000000000,1667.000000000,5,0
cubic_1900.txt,7,26.464999914,ACO,1677.000000000,1667.000000000,5,0
cubic_1900.txt,7,33.414000034,ACO,1676.000000000,1667.000000000,5,0
cubic_1900.txt,7,40.121000051,ACO,1675.000000000,1667.000000000,5,0
cubic_1900.txt,8,0.005000114,RVNS,2107.000000000,2107.000000000,1,1
cubic_1900.txt,8,0.006000042,Tabu Search,2081.000000000,2081.000000000,2,1
cubic_1900.txt,8,0.007999897,RVNS,2112.000000000,2081.000000000,3,0
cubic_1900.txt,8,0.007999897,Tabu Search,2073.000000000,2073.000000000,4,1
cubic_1900.txt,8,0.010999918,RVNS,2079.000000000,2073.000000000,5,0
cubic_1900.txt,8,0.012000084,Tabu Search,2080.000000000,2073.000000000,5,0
cubic_1900.txt,8,0.017999887,Tabu Search,2077.000000000,2073.000000000,5,0
cubic_1900.txt,8,0.019999981,Tabu Search,2076.000000000,2073.000000000,5,0
cubic_1900.txt,8,0.023000002,Tabu Search,2072.000000000,2072.000000000,5,1
cubic_1900.txt,8,0.027999878,RVNS,2078.000000000,2072.000000000,5,0
cubic_1900.txt,8,0.033999920,RVNS,2075.000000000,2072.000000000,5,0
cubic_1900.txt,8,0.036999941,Tabu Search,2074.000000000,2072.000000000,5,0
cubic_1900.txt,8,0.075000048,RVNS,2071.000000000,2071.000000000,5,1
cubic_1900.txt,8,0.125999928,Tabu Search,2069.000000000,2069.000000000,5,1
cubic_1900.txt,8,1.234999895,ACO,2024.000000000,2024.000000000,5,1
cubic_1900.txt,8,2.256999969,ACO,2027.000000000,2024.000000000,5,0
cubic_1900.txt,8,3.105000019,ACO,2026.000000000,2024.000000000,5,0
cubic_1900.txt,8,4.168999910,HHO,1691.000000000,1691.000000000,5,1
cubic_1900.txt,8,4.798000097,ACO,2020.000000000,1691.000000000,5,0
cubic_1900.txt,8,5.632999897,ACO,2013.000000000,1691.000000000,5,0
cubic_1900.txt,8,6.493999958,ACO,2016.000000000,1691.000000000,5,0
cubic_1900.txt,8,7.444000006,ACO,1683.000000000,1683.000000000,5,1
cubic_1900.txt,8,8.220999956,HHO,1696.000000000,1683.000000000,5,0
cubic_1900.txt,8,8.302999973,ACO,1674.000000000,1674.000000000,5,1
cubic_1900.txt,8,9.230000019,ACO,1689.000000000,1674.000000000,5,0
cubic_1900.txt,8,10.164000034,ACO,1677.000000000,1674.000000000,5,0
cubic_1900.txt,8,11.164000034,ACO,1667.000000000,1667.000000000,5,1
cubic_1900.txt,8,13.262000084,ACO,1675.000000000,1667.000000000,5,0
cubic_1900.txt,8,13.349999905,HHO,1671.000000000,1667.000000000,5,0
cubic_1900.txt,8,15.187999964,ACO,1657.000000000,1657.000000000,5,1
cubic_1900.txt,8,19.707999945,ACO,1670.000000000,1657.000000000,5,0
cubic_1900.txt,8,20.575999975,ACO,1673.000000000,1657.000000000,5,0
cubic_1900.txt,8,22.285000086,ACO,1659.000000000,1657.000000000,5,0
cubic_1900.txt,8,31.095000029,ACO,1653.000000000,1653.000000000,5,1
cubic_1900.txt,8,37.390000105,ACO,1664.000000000,1653.000000000,5,0
cubic_1900.txt,8,41.746999979,HHO,1666.000000000,1653.000000000,5,0
cubic_1900.txt,9,0.004999876,RVNS,2157.000000000,2157.000000000,1,1
cubic_1900.txt,9,0.006000042,Tabu Search,2086.000000000,2086.000000000,2,1
cubic_1900.txt,9,0.007999897,RVNS,2159.000000000,2086.000000000,3,0
cubic_1900.txt,9,0.009000063,Tabu Search,2085.000000000,2085.000000000,4,1
cubic_1900.txt,9,0.011999846,RVNS,2154.000000000,2085.000000000,5,0
cubic_1900.txt,9,0.016999960,Tabu Search,2088.000000000,2085.000000000,5,0
cubic_1900.txt,9,0.019000053,Tabu Search,2083.000000000,2083.000000000,5,1
cubic_1900.txt,9,0.026999950,Tabu Search,2089.000000000,2083.000000000,5,0
cubic_1900.txt,9,0.030999899,Tabu Search,2084.000000000,2083.000000000,5,0
cubic_1900.txt,9,0.032999992,Tabu Search,2087.000000000,2083.000000000,5,0
cubic_1900.txt,9,0.059999943,Tabu Search,2082.000000000,2082.000000000,5,1
cubic_1900.txt,9,0.072000027,RVNS,2081.000000000,2081.000000000,5,1
cubic_1900.txt,9,0.157000065,RVNS,2080.000000000,2080.000000000,5,1
cubic_1900.txt,9,1.220999956,ACO,2046.000000000,2046.000000000,5,1
cubic_1900.txt,9,2.131999969,ACO,2041.000000000,2041.000000000,5,1
cubic_1900.txt,9,3.000999928,ACO,2024.000000000,2024.000000000,5,1
cubic_1900.txt,9,3.868000031,ACO,2022.000000000,2022.000000000,5,1
cubic_1900.txt,9,4.188999891,HHO,1694.000000000,1694.000000000,5,1
cubic_1900.txt,9,4.730000019,ACO,2025.000000000,1694.000000000,5,0
cubic_1900.txt,9,5.577999830,ACO,2013.000000000,1694.000000000,5,0
cubic_1900.txt,9,6.463999987,ACO,1708.000000000,1694.000000000,5,0
cubic_1900.txt,9,7.427999973,ACO,1692.000000000,1692.000000000,5,1
cubic_1900.txt,9,8.279999971,HHO,1672.000000000,1672.000000000,5,1
cubic_1900.txt,9,8.305000067,ACO,1698.000000000,1672.000000000,5,0
cubic_1900.txt,9,9.149999857,ACO,1703.000000000,1672.000000000,5,0
cubic_1900.txt,9,10.917000055,ACO,1689.000000000,1672.000000000,5,0
cubic_1900.txt,9,12.896999836,ACO,1686.000000000,1672.000000000,5,0
cubic_1900.txt,9,12.944999933,HHO,1690.000000000,1672.000000000,5,0
cubic_1900.txt,9,13.983999968,ACO,1681.000000000,1672.000000000,5,0
cubic_1900.txt,9,16.004999876,ACO,1687.000000000,1672.000000000,5,0
cubic_1900.txt,10,0.006000042,RVNS,2144.000000000,2144.000000000,1,1
cubic_1900.txt,10,0.006000042,Tabu Search,2106.000000000,2106.000000000,2,1
cubic_1900.txt,10,0.009000063,Tabu Search,2108.000000000,2106.000000000,3,0
cubic_1900.txt,10,0.009000063,RVNS,2146.000000000,2106.000000000,4,0
cubic_1900.txt,10,0.011000156,Tabu Search,2110.000000000,2106.000000000,5,0
cubic_1900.txt,10,0.012000084,RVNS,2141.000000000,2106.000000000,5,0
cubic_1900.txt,10,0.014000177,RVNS,2103.000000000,2103.000000000,5,1
cubic_1900.txt,10,0.016000032,RVNS,2104.000000000,2103.000000000,5,0
cubic_1900.txt,10,0.026000023,RVNS,2107.000000000,2103.000000000,5,0
cubic_1900.txt,10,0.027000189,Tabu Search,2102.000000000,2102.000000000,5,1
cubic_1900.txt,10,0.062999964,Tabu Search,2100.000000000,2100.000000000,5,1
cubic_1900.txt,10,0.074000120,RVNS,2105.000000000,2100.000000000,5,0
cubic_1900.txt,10,0.090000153,Tabu Search,2101.000000000,2100.000000000,5,0
cubic_1900.txt,10,1.256999969,ACO,2057.000000000,2057.000000000,5,1
cubic_1900.txt,10,2.517000198,ACO,2043.000000000,2043.000000000,5,1
cubic_1900.txt,10,4.367000103,ACO,2017.000000000,2017.000000000,5,1
cubic_1900.txt,10,4.476000071,HHO,1701.000000000,1701.000000000,5,1
cubic_1900.txt,10,5.216000080,ACO,2015.000000000,1701.000000000,5,0
cubic_1900.txt,10,7.927000046,ACO,2009.000000000,1701.000000000,5,0
cubic_1900.txt,10,8.707000017,HHO,1703.000000000,1701.000000000,5,0
cubic_1900.txt,10,8.782999992,ACO,2002.000000000,1701.000000000,5,0
cubic_1900.txt,10,9.639000177,ACO,2000.000000000,1701.000000000,5,0
cubic_1900.txt,10,10.532000065,ACO,2004.000000000,1701.000000000,5,0
cubic_1900.txt,10,11.386000156,ACO,1693.000000000,1693.000000000,5,1
cubic_1900.txt,10,12.233999968,ACO,1683.000000000,1683.000000000,5,1
cubic_1900.txt,10,13.165000200,HHO,1712.000000000,1683.000000000,5,0
cubic_1900.txt,10,14.034000158,ACO,1698.000000000,1683.000000000,5,0
cubic_1900.txt,10,16.084000111,ACO,1696.000000000,1683.000000000,5,0
cubic_1900.txt,10,18.029000044,ACO,1660.000000000,1660.000000000,5,1
cubic_1900.txt,10,18.921000004,ACO,1679.000000000,1660.000000000,5,0
cubic_1900.txt,10,23.702000141,ACO,1688.000000000,1660.000000000,5,0
cubic_1900.txt,10,26.778000116,ACO,1680.000000000,1660.000000000,5,0
cubic_1900.txt,10,30.344000101,ACO,1687.000000000,1660.000000000,5,0
cubic_1900.txt,10,34.268000126,ACO,1675.000000000,1660.000000000,5,0
cubic_1900.txt,10,35.113000154,ACO,1674.000000000,1660.000000000,5,0
cubic_1900.txt,10,35.955000162,ACO,1670.000000000,1660.000000000,5,0
cubic_1900.txt,10,36.940000057,ACO,1665.000000000,1660.000000000,5,0
cubic_1900.txt,10,37.815999985,ACO,1668.000000000,1660.000000000,5,0
cubic_1900.txt,10,38.660000086,ACO,1666.000000000,1660.000000000,5,0
cubic_1900.txt,10,41.251000166,ACO,1661.000000000,1660.000000000,5,0
cubic_200.txt,1,0.002999783,Tabu Search,223.000000000,223.000000000,1,1
cubic_200.txt,1,0.002999783,RVNS,241.000000000,223.000000000,2,0
cubic_200.txt,1,0.003999949,Tabu Search,224.000000000,223.000000000,3,0
cubic_200.txt,1,0.003999949,RVNS,222.000000000,222.000000000,4,1
cubic_200.txt,1,0.005999804,Tabu Search,221.000000000,221.000000000,5,1
cubic_200.txt,1,0.014999866,Tabu Search,225.000000000,221.000000000,5,0
cubic_200.txt,1,0.820999861,HHO,181.000000000,181.000000000,5,1
cubic_200.txt,1,0.905999899,ACO,202.000000000,181.000000000,5,0
cubic_200.txt,1,1.509999990,HHO,174.000000000,174.000000000,5,1
cubic_200.txt,1,2.247999907,HHO,178.000000000,174.000000000,5,0
cubic_200.txt,1,2.908999920,ACO,199.000000000,174.000000000,5,0
cubic_200.txt,1,3.064999819,HHO,187.000000000,174.000000000,5,0
cubic_200.txt,1,3.573999882,ACO,185.000000000,174.000000000,5,0
cubic_200.txt,1,3.969999790,HHO,172.000000000,172.000000000,5,1
cubic_200.txt,1,4.965999842,HHO,183.000000000,172.000000000,5,0
cubic_200.txt,1,5.966999769,HHO,182.000000000,172.000000000,5,0
cubic_200.txt,1,6.478999853,ACO,179.000000000,172.000000000,5,0
cubic_200.txt,1,6.914999962,HHO,177.000000000,172.000000000,5,0
cubic_200.txt,1,7.202999830,ACO,176.000000000,172.000000000,5,0
cubic_200.txt,2,0.002000093,Tabu Search,228.000000000,228.000000000,1,1
cubic_200.txt,2,0.002000093,RVNS,230.000000000,228.000000000,2,0
cubic_200.txt,2,0.005000114,RVNS,229.000000000,228.000000000,3,0
cubic_200.txt,2,0.006000042,RVNS,231.000000000,228.000000000,4,0
cubic_200.txt,2,0.745000124,HHO,184.000000000,184.000000000,5,1
cubic_200.txt,2,0.785000086,ACO,200.000000000,184.000000000,5,0
cubic_200.txt,2,1.503000021,ACO,198.000000000,184.000000000,5,0
cubic_200.txt,2,1.526000023,HHO,178.000000000,178.000000000,5,1
cubic_200.txt,2,2.199000120,ACO,195.000000000,178.000000000,5,0
cubic_200.txt,2,2.296000004,HHO,174.000000000,174.000000000,5,1
cubic_200.txt,2,2.909000158,ACO,190.000000000,174.000000000,5,0
cubic_200.txt,2,3.184999943,HHO,180.000000000,174.000000000,5,0
cubic_200.txt,2,3.608000040,ACO,181.000000000,174.000000000,5,0
cubic_200.txt,2,4.080000162,HHO,170.000000000,170.000000000,5,1
cubic_200.txt,2,4.261000156,ACO,175.000000000,170.000000000,5,0
cubic_200.txt,2,4.913000107,ACO,177.000000000,170.000000000,5,0
cubic_200.txt,2,5.865000010,HHO,172.000000000,170.000000000,5,0
cubic_200.txt,3,0.002000093,Tabu Search,224.000000000,224.000000000,1,1
cubic_200.txt,3,0.003000021,RVNS,231.000000000,224.000000000,2,0
cubic_200.txt,3,0.003999949,RVNS,230.000000000,224.000000000,3,0
cubic_200.txt,3,0.005000114,RVNS,232.000000000,224.000000000,4,0
cubic_200.txt,3,0.006999969,RVNS,229.000000000,224.000000000,5,0
cubic_200.txt,3,0.796000004,HHO,176.000000000,176.000000000,5,1
cubic_200.txt,3,0.884999990,ACO,201.000000000,176.000000000,5,0
cubic_200.txt,3,1.496999979,HHO,182.000000000,176.000000000,5,0
cubic_200.txt,3,1.556999922,ACO,202.000000000,176.000000000,5,0
cubic_200.txt,3,2.245000124,ACO,180.000000000,176.000000000,5,0
cubic_200.txt,3,2.269000053,HHO,178.000000000,176.000000000,5,0
cubic_200.txt,3,2.950000048,ACO,177.000000000,176.000000000,5,0
cubic_200.txt,3,3.128000021,HHO,175.000000000,175.000000000,5,1
cubic_200.txt,3,4.026999950,HHO,179.000000000,175.000000000,5,0
cubic_200.txt,3,7.657999992,ACO,168.000000000,168.000000000,5,1
cubic_200.txt,4,0.002000093,Tabu Search,241.000000000,241.000000000,1,1
cubic_200.txt,4,0.002000093,RVNS,227.000000000,227.000000000,2,1
cubic_200.txt,4,0.003000021,RVNS,226.000000000,226.000000000,3,1
cubic_200.txt,4,0.004999876,RVNS,228.000000000,226.000000000,4,0
cubic_200.txt,4,0.009000063,RVNS,242.000000000,226.000000000,5,0
cubic_200.txt,4,0.746999979,HHO,174.000000000,174.000000000,5,1
cubic_200.txt,4,0.854000092,ACO,204.000000000,174.000000000,5,0
cubic_200.txt,4,1.458999872,HHO,169.000000000,169.000000000,5,1
cubic_200.txt,4,1.598000050,ACO,198.000000000,169.000000000,5,0
cubic_200.txt,4,3.025000095,HHO,173.000000000,169.000000000,5,0
cubic_200.txt,4,3.723000050,ACO,168.000000000,168.000000000,5,1
cubic_200.txt,4,4.046999931,HHO,178.000000000,168.000000000,5,0
cubic_200.txt,4,4.401000023,ACO,176.000000000,168.000000000,5,0
cubic_200.txt,4,5.757999897,ACO,175.000000000,168.000000000,5,0
cubic_200.txt,4,6.842000008,HHO,166.000000000,166.000000000,5,1
cubic_200.txt,4,7.101999998,ACO,172.000000000,166.000000000,5,0
cubic_200.txt,5,0.003000021,Tabu Search,211.000000000,211.000000000,1,1
cubic_200.txt,5,0.003000021,RVNS,235.000000000,211.000000000,2,0
cubic_200.txt,5,0.003999949,RVNS,234.000000000,211.000000000,3,0
cubic_200.txt,5,0.003999949,Tabu Search,212.000000000,211.000000000,4,0
cubic_200.txt,5,0.005000114,RVNS,233.000000000,211.000000000,5,0
cubic_200.txt,5,0.006000042,Tabu Search,213.000000000,211.000000000,5,0
cubic_200.txt,5,0.006999969,Tabu Search,210.000000000,210.000000000,5,1
cubic_200.txt,5,0.006999969,Tabu Search,209.000000000,209.000000000,5,1
cubic_200.txt,5,0.694000006,HHO,177.000000000,177.000000000,5,1
cubic_200.txt,5,0.771000147,ACO,206.000000000,177.000000000,5,0
cubic_200.txt,5,1.630000114,HHO,178.000000000,177.000000000,5,0
cubic_200.txt,5,1.707000017,ACO,198.000000000,177.000000000,5,0
cubic_200.txt,5,2.390000105,HHO,181.000000000,177.000000000,5,0
cubic_200.txt,5,3.233999968,HHO,174.000000000,174.000000000,5,1
cubic_200.txt,5,3.733000040,ACO,173.000000000,173.000000000,5,1
cubic_200.txt,5,4.398000002,ACO,180.000000000,173.000000000,5,0
cubic_200.txt,5,5.785000086,ACO,179.000000000,173.000000000,5,0
cubic_200.txt,5,6.019999981,HHO,176.000000000,173.000000000,5,0
cubic_200.txt,6,0.001999855,Tabu Search,223.000000000,223.000000000,1,1
cubic_200.txt,6,0.001999855,RVNS,232.000000000,223.000000000,2,0
cubic_200.txt,6,0.003999949,RVNS,224.000000000,223.000000000,3,0
cubic_200.txt,6,0.005999804,RVNS,234.000000000,223.000000000,4,0
cubic_200.txt,6,0.007999897,RVNS,233.000000000,223.000000000,5,0
cubic_200.txt,6,0.718999863,HHO,166.000000000,166.000000000,5,1
cubic_200.txt,6,0.861999989,ACO,199.000000000,166.000000000,5,0
cubic_200.txt,6,1.475999832,HHO,172.000000000,166.000000000,5,0
cubic_200.txt,6,2.347999811,HHO,171.000000000,166.000000000,5,0
cubic_200.txt,6,2.517999887,ACO,197.000000000,166.000000000,5,0
cubic_200.txt,6,3.233999968,ACO,173.000000000,166.000000000,5,0
cubic_200.txt,6,3.260999918,HHO,167.000000000,166.000000000,5,0
cubic_200.txt,6,3.915999889,ACO,169.000000000,166.000000000,5,0
cubic_200.txt,6,5.357999802,HHO,168.000000000,166.000000000,5,0
cubic_200.txt,6,6.383999825,HHO,170.000000000,166.000000000,5,0
cubic_200.txt,7,0.001999855,RVNS,219.000000000,219.000000000,1,1
cubic_200.txt,7,0.001999855,Tabu Search,230.000000000,219.000000000,2,0
cubic_200.txt,7,0.003000021,RVNS,221.000000000,219.000000000,3,0
cubic_200.txt,7,0.003999949,Tabu Search,218.000000000,218.000000000,4,1
cubic_200.txt,7,0.004999876,Tabu Search,220.000000000,218.000000000,5,0
cubic_200.txt,7,0.004999876,RVNS,226.000000000,218.000000000,5,0
cubic_200.txt,7,0.006999969,Tabu Search,222.000000000,218.000000000,5,0
cubic_200.txt,7,0.697999954,HHO,176.000000000,176.000000000,5,1
cubic_200.txt,7,0.753000021,ACO,207.000000000,176.000000000,5,0
cubic_200.txt,7,2.182999849,ACO,181.000000000,176.000000000,5,0
cubic_200.txt,7,2.891999960,ACO,184.000000000,176.000000000,5,0
cubic_200.txt,7,3.161000013,HHO,175.000000000,175.000000000,5,1
cubic_200.txt,7,4.100999832,HHO,178.000000000,175.000000000,5,0
cubic_200.txt,7,4.244999886,ACO,179.000000000,175.000000000,5,0
cubic_200.txt,7,4.896999836,ACO,177.000000000,175.000000000,5,0
cubic_200.txt,8,0.003999949,Tabu Search,232.000000000,232.000000000,1,1
cubic_200.txt,8,0.003999949,RVNS,230.000000000,230.000000000,2,1
cubic_200.txt,8,0.004999876,Tabu Search,231.000000000,230.000000000,3,0
cubic_200.txt,8,0.886999846,HHO,182.000000000,182.000000000,4,1
cubic_200.txt,8,1.011999846,ACO,206.000000000,182.000000000,5,0
cubic_200.txt,8,1.735999823,HHO,176.000000000,176.000000000,5,1
cubic_200.txt,8,1.821999788,ACO,202.000000000,176.000000000,5,0
cubic_200.txt,8,2.569000006,ACO,173.000000000,173.000000000,5,1
cubic_200.txt,8,3.478999853,HHO,183.000000000,173.000000000,5,0
cubic_200.txt,8,3.928999901,ACO,177.000000000,173.000000000,5,0
cubic_200.txt,8,4.588999987,ACO,180.000000000,173.000000000,5,0
cubic_200.txt,8,5.337999821,HHO,181.000000000,173.000000000,5,0
cubic_200.txt,8,5.962999821,ACO,175.000000000,173.000000000,5,0
cubic_200.txt,8,6.621999979,ACO,174.000000000,173.000000000,5,0
cubic_200.txt,8,7.281999826,ACO,170.000000000,170.000000000,5,1
cubic_200.txt,9,0.002000093,Tabu Search,221.000000000,221.000000000,1,1
cubic_200.txt,9,0.002000093,RVNS,216.000000000,216.000000000,2,1
cubic_200.txt,9,0.003000021,Tabu Search,217.000000000,216.000000000,3,0
cubic_200.txt,9,0.003000021,Tabu Search,215.000000000,215.000000000,4,1
cubic_200.txt,9,0.003999949,RVNS,214.000000000,214.000000000,5,1
cubic_200.txt,9,0.009000063,RVNS,218.000000000,214.000000000,5,0
cubic_200.txt,9,0.706000090,HHO,178.000000000,178.000000000,5,1
cubic_200.txt,9,0.763000011,ACO,203.000000000,178.000000000,5,0
cubic_200.txt,9,1.407999992,HHO,176.000000000,176.000000000,5,1
cubic_200.txt,9,2.272000074,HHO,175.000000000,175.000000000,5,1
cubic_200.txt,9,3.164000034,HHO,184.000000000,175.000000000,5,0
cubic_200.txt,9,3.592999935,ACO,181.000000000,175.000000000,5,0
cubic_200.txt,9,4.118000031,HHO,179.000000000,175.000000000,5,0
cubic_200.txt,9,5.022000074,HHO,180.000000000,175.000000000,5,0
cubic_200.txt,10,0.011000156,Tabu Search,222.000000000,222.000000000,1,1
cubic_200.txt,10,0.011000156,RVNS,233.000000000,222.000000000,2,0
cubic_200.txt,10,0.013000011,RVNS,232.000000000,222.000000000,3,0
cubic_200.txt,10,0.013999939,RVNS,221.000000000,221.000000000,4,1
cubic_200.txt,10,0.019999981,RVNS,231.000000000,221.000000000,5,0
cubic_200.txt,10,0.023000002,RVNS,230.000000000,221.000000000,5,0
cubic_200.txt,10,0.828999996,HHO,179.000000000,179.000000000,5,1
cubic_200.txt,10,0.957999945,ACO,202.000000000,179.000000000,5,0
cubic_200.txt,10,1.628000021,HHO,176.000000000,176.000000000,5,1
cubic_200.txt,10,1.743000031,ACO,182.000000000,176.000000000,5,0
cubic_200.txt,10,2.470000029,ACO,183.000000000,176.000000000,5,0
cubic_200.txt,10,3.273999929,HHO,178.000000000,176.000000000,5,0
cubic_200.txt,10,3.861000061,ACO,180.000000000,176.000000000,5,0
cubic_200.txt,10,5.365000010,ACO,181.000000000,176.000000000,5,0
cubic_200.txt,10,6.072000027,ACO,167.000000000,167.000000000,5,1
cubic_200.txt,10,6.752000093,ACO,174.000000000,167.000000000,5,0
cubic_2000.txt,1,0.006000042,Tabu Search,2281.000000000,2281.000000000,1,1
cubic_2000.txt,1,0.006000042,RVNS,2263.000000000,2263.000000000,2,1
cubic_2000.txt,1,0.009999990,Tabu Search,2262.000000000,2262.000000000,3,1
cubic_2000.txt,1,0.012000084,RVNS,2264.000000000,2262.000000000,4,0
cubic_2000.txt,1,0.013000011,Tabu Search,2257.000000000,2257.000000000,5,1
cubic_2000.txt,1,0.015000105,Tabu Search,2265.000000000,2257.000000000,5,0
cubic_2000.txt,1,0.025000095,RVNS,2260.000000000,2257.000000000,5,0
cubic_2000.txt,1,0.029000044,RVNS,2258.000000000,2257.000000000,5,0
cubic_2000.txt,1,0.035000086,Tabu Search,2261.000000000,2257.000000000,5,0
cubic_2000.txt,1,0.036000013,RVNS,2259.000000000,2257.000000000,5,0
cubic_2000.txt,1,0.128999949,RVNS,2256.000000000,2256.000000000,5,1
cubic_2000.txt,1,1.229000092,ACO,2177.000000000,2177.000000000,5,1
cubic_2000.txt,1,2.128999949,ACO,2150.000000000,2150.000000000,5,1
cubic_2000.txt,1,3.108000040,ACO,2154.000000000,2150.000000000,5,0
cubic_2000.txt,1,4.019999981,ACO,2131.000000000,2131.000000000,5,1
cubic_2000.txt,1,4.381999969,HHO,1784.000000000,1784.000000000,5,1
cubic_2000.txt,1,4.888000011,ACO,2134.000000000,1784.000000000,5,0
cubic_2000.txt,1,5.766999960,ACO,2127.000000000,1784.000000000,5,0
cubic_2000.txt,1,6.647000074,ACO,2126.000000000,1784.000000000,5,0
cubic_2000.txt,1,7.590000153,ACO,2100.000000000,1784.000000000,5,0
cubic_2000.txt,1,8.575000048,ACO,2104.000000000,1784.000000000,5,0
cubic_2000.txt,1,8.824000120,HHO,1774.000000000,1774.000000000,5,1
cubic_2000.txt,1,9.742000103,ACO,1788.000000000,1774.000000000,5,0
cubic_2000.txt,1,10.671000004,ACO,1769.000000000,1769.000000000,5,1
cubic_2000.txt,1,11.544000149,ACO,1780.000000000,1769.000000000,5,0
cubic_2000.txt,1,12.457000017,ACO,1783.000000000,1769.000000000,5,0
cubic_2000.txt,1,13.417000055,ACO,1766.000000000,1766.000000000,5,1
cubic_2000.txt,1,15.351000071,ACO,1777.000000000,1766.000000000,5,0
cubic_2000.txt,1,17.990000010,ACO,1773.000000000,1766.000000000,5,0
cubic_2000.txt,1,22.854000092,ACO,1751.000000000,1751.000000000,5,1
cubic_2000.txt,1,23.855999947,ACO,1768.000000000,1751.000000000,5,0
cubic_2000.txt,1,25.876000166,ACO,1753.000000000,1751.000000000,5,0
cubic_2000.txt,1,27.755000114,ACO,1767.000000000,1751.000000000,5,0
cubic_2000.txt,1,28.634000063,ACO,1762.000000000,1751.000000000,5,0
cubic_2000.txt,1,29.519000053,ACO,1763.000000000,1751.000000000,5,0
cubic_2000.txt,1,30.440000057,ACO,1756.000000000,1751.000000000,5,0
cubic_2000.txt,1,31.401000023,ACO,1736.000000000,1736.000000000,5,1
cubic_2000.txt,1,34.883000135,ACO,1757.000000000,1736.000000000,5,0
cubic_2000.txt,1,40.631000042,ACO,1755.000000000,1736.000000000,5,0
cubic_2000.txt,1,41.634999990,ACO,1752.000000000,1736.000000000,5,0
cubic_2000.txt,2,0.005000114,RVNS,2191.000000000,2191.000000000,1,1
cubic_2000.txt,2,0.005000114,Tabu Search,2207.000000000,2191.000000000,2,0
cubic_2000.txt,2,0.006999969,RVNS,2193.000000000,2191.000000000,3,0
cubic_2000.txt,2,0.006999969,Tabu Search,2194.000000000,2191.000000000,4,0
cubic_2000.txt,2,0.009000063,RVNS,2196.000000000,2191.000000000,5,0
cubic_2000.txt,2,0.009999990,Tabu Search,2188.000000000,2188.000000000,5,1
cubic_2000.txt,2,0.014000177,Tabu Search,2187.000000000,2187.000000000,5,1
cubic_2000.txt,2,0.023000002,RVNS,2192.000000000,2187.000000000,5,0
cubic_2000.txt,2,0.027000189,RVNS,2186.000000000,2186.000000000,5,1
cubic_2000.txt,2,0.032999992,RVNS,2189.000000000,2186.000000000,5,0
cubic_2000.txt,2,0.037000179,RVNS,2190.000000000,2186.000000000,5,0
cubic_2000.txt,2,0.062999964,RVNS,2185.000000000,2185.000000000,5,1
cubic_2000.txt,2,1.246000051,ACO,2159.000000000,2159.000000000,5,1
cubic_2000.txt,2,2.159000158,ACO,2160.000000000,2159.000000000,5,0
cubic_2000.txt,2,3.015000105,ACO,2138.000000000,2138.000000000,5,1
cubic_2000.txt,2,3.998000145,ACO,2136.000000000,2136.000000000,5,1
cubic_2000.txt,2,4.508000135,HHO,1777.000000000,1777.000000000,5,1
cubic_2000.txt,2,4.855000019,ACO,2130.000000000,1777.000000000,5,0
cubic_2000.txt,2,5.800000191,ACO,2116.000000000,1777.000000000,5,0
cubic_2000.txt,2,6.687999964,ACO,2119.000000000,1777.000000000,5,0
cubic_2000.txt,2,7.549000025,ACO,2108.000000000,1777.000000000,5,0
cubic_2000.txt,2,8.391000032,ACO,2102.000000000,1777.000000000,5,0
cubic_2000.txt,2,8.848000050,HHO,1776.000000000,1776.000000000,5,1
cubic_2000.txt,2,9.374000072,ACO,2101.000000000,1776.000000000,5,0
cubic_2000.txt,2,10.495000124,ACO,2095.000000000,1776.000000000,5,0
cubic_2000.txt,2,11.587000132,ACO,1786.000000000,1776.000000000,5,0
cubic_2000.txt,2,12.549000025,ACO,1772.000000000,1772.000000000,5,1
cubic_2000.txt,2,13.432000160,ACO,1791.000000000,1772.000000000,5,0
cubic_2000.txt,2,14.256999969,HHO,1788.000000000,1772.000000000,5,0
cubic_2000.txt,2,16.177999973,ACO,1771.000000000,1771.000000000,5,1
cubic_2000.txt,2,17.097000122,ACO,1761.000000000,1761.000000000,5,1
cubic_2000.txt,2,17.979000092,ACO,1773.000000000,1761.000000000,5,0
cubic_2000.txt,2,18.856000185,ACO,1760.000000000,1760.000000000,5,1
cubic_2000.txt,2,22.679000139,ACO,1770.000000000,1760.000000000,5,0
cubic_2000.txt,2,23.551000118,ACO,1755.000000000,1755.000000000,5,1
cubic_2000.txt,2,25.624000072,HHO,1769.000000000,1755.000000000,5,0
cubic_2000.txt,2,25.729000092,ACO,1751.000000000,1751.000000000,5,1
cubic_2000.txt,2,27.851999998,ACO,1768.000000000,1751.000000000,5,0
cubic_2000.txt,2,29.666000128,ACO,1749.000000000,1749.000000000,5,1
cubic_2000.txt,2,35.958000183,ACO,1737.000000000,1737.000000000,5,1
cubic_2000.txt,2,36.848999977,ACO,1747.000000000,1737.000000000,5,0
cubic_2000.txt,2,38.717000008,ACO,1746.000000000,1737.000000000,5,0
cubic_2000.txt,2,39.710999966,ACO,1730.000000000,1730.000000000,5,1
cubic_2000.txt,3,0.008999825,RVNS,2218.000000000,2218.000000000,1,1
cubic_2000.txt,3,0.008999825,Tabu Search,2219.000000000,2218.000000000,2,0
cubic_2000.txt,3,0.011999846,Tabu Search,2215.000000000,2215.000000000,3,1
cubic_2000.txt,3,0.014999866,RVNS,2222.000000000,2215.000000000,4,0
cubic_2000.txt,3,0.016999960,Tabu Search,2216.000000000,2215.000000000,5,0
cubic_2000.txt,3,0.024999857,Tabu Search,2212.000000000,2212.000000000,5,1
cubic_2000.txt,3,0.033999920,Tabu Search,2208.000000000,2208.000000000,5,1
cubic_2000.txt,3,0.033999920,RVNS,2214.000000000,2208.000000000,5,0
cubic_2000.txt,3,0.037999868,Tabu Search,2209.000000000,2208.000000000,5,0
cubic_2000.txt,3,0.041999817,RVNS,2207.000000000,2207.000000000,5,1
cubic_2000.txt,3,0.041999817,Tabu Search,2213.000000000,2207.000000000,5,0
cubic_2000.txt,3,0.047999859,RVNS,2205.000000000,2205.000000000,5,1
cubic_2000.txt,3,0.057999849,Tabu Search,2211.000000000,2205.000000000,5,0
cubic_2000.txt,3,0.075999975,Tabu Search,2210.000000000,2205.000000000,5,0
cubic_2000.txt,3,0.226999998,RVNS,2206.000000000,2205.000000000,5,0
cubic_2000.txt,3,1.263999939,ACO,2159.000000000,2159.000000000,5,1
cubic_2000.txt,3,3.194999933,ACO,2136.000000000,2136.000000000,5,1
cubic_2000.txt,3,4.277999878,ACO,2133.000000000,2133.000000000,5,1
cubic_2000.txt,3,4.948999882,HHO,1738.000000000,1738.000000000,5,1
cubic_2000.txt,3,6.269999981,ACO,2129.000000000,1738.000000000,5,0
cubic_2000.txt,3,7.269000053,ACO,2121.000000000,1738.000000000,5,0
cubic_2000.txt,3,8.267999887,ACO,2107.000000000,1738.000000000,5,0
cubic_2000.txt,3,9.192999840,ACO,2095.000000000,1738.000000000,5,0
cubic_2000.txt,3,9.655999899,HHO,1755.000000000,1738.000000000,5,0
cubic_2000.txt,3,10.052999973,ACO,2089.000000000,1738.000000000,5,0
cubic_2000.txt,3,11.276999950,ACO,2088.000000000,1738.000000000,5,0
cubic_2000.txt,3,12.188999891,ACO,2093.000000000,1738.000000000,5,0
cubic_2000.txt,3,13.036999941,ACO,1757.000000000,1738.000000000,5,0
cubic_2000.txt,3,13.882999897,ACO,1768.000000000,1738.000000000,5,0
cubic_2000.txt,3,14.612999916,HHO,1748.000000000,1738.000000000,5,0
cubic_2000.txt,3,14.738999844,ACO,1767.000000000,1738.000000000,5,0
cubic_2000.txt,3,15.776999950,ACO,1761.000000000,1738.000000000,5,0
cubic_2000.txt,3,19.843999863,HHO,1759.000000000,1738.000000000,5,0
cubic_2000.txt,3,22.223000050,ACO,1753.000000000,1738.000000000,5,0
cubic_2000.txt,3,23.136999846,ACO,1736.000000000,1736.000000000,5,1
cubic_2000.txt,3,27.810999870,ACO,1750.000000000,1736.000000000,5,0
cubic_2000.txt,3,32.128000021,ACO,1745.000000000,1736.000000000,5,0
cubic_2000.txt,4,0.006000042,Tabu Search,2174.000000000,2174.000000000,1,1
cubic_2000.txt,4,0.006000042,RVNS,2175.000000000,2174.000000000,2,0
cubic_2000.txt,4,0.009999990,Tabu Search,2177.000000000,2174.000000000,3,0
cubic_2000.txt,4,0.013000011,RVNS,2173.000000000,2173.000000000,4,1
cubic_2000.txt,4,0.013000011,Tabu Search,2179.000000000,2173.000000000,5,0
cubic_2000.txt,4,0.018000126,RVNS,2178.000000000,2173.000000000,5,0
cubic_2000.txt,4,0.024000168,Tabu Search,2170.000000000,2170.000000000,5,1
cubic_2000.txt,4,0.029999971,RVNS,2176.000000000,2170.000000000,5,0
cubic_2000.txt,4,0.034000158,Tabu Search,2169.000000000,2169.000000000,5,1
cubic_2000.txt,4,0.038000107,Tabu Search,2172.000000000,2169.000000000,5,0
cubic_2000.txt,4,0.038000107,RVNS,2171.000000000,2169.000000000,5,0
cubic_2000.txt,4,1.203999996,ACO,2156.000000000,2156.000000000,5,1
cubic_2000.txt,4,2.220000029,ACO,2137.000000000,2137.000000000,5,1
cubic_2000.txt,4,3.131999969,ACO,2136.000000000,2136.000000000,5,1
cubic_2000.txt,4,4.090000153,ACO,2122.000000000,2122.000000000,5,1
cubic_2000.txt,4,4.554000139,HHO,1801.000000000,1801.000000000,5,1
cubic_2000.txt,4,5.047000170,ACO,2120.000000000,1801.000000000,5,0
cubic_2000.txt,4,5.914000034,ACO,1772.000000000,1772.000000000,5,1
cubic_2000.txt,4,6.821000099,ACO,1769.000000000,1769.000000000,5,1
cubic_2000.txt,4,7.733999968,ACO,1775.000000000,1769.000000000,5,0
cubic_2000.txt,4,8.627000093,ACO,1773.000000000,1769.000000000,5,0
cubic_2000.txt,4,9.926000118,ACO,1774.000000000,1769.000000000,5,0
cubic_2000.txt,4,13.891000032,ACO,1757.000000000,1757.000000000,5,1
cubic_2000.txt,4,16.690000057,ACO,1759.000000000,1757.000000000,5,0
cubic_2000.txt,4,20.248000145,ACO,1763.000000000,1757.000000000,5,0
cubic_2000.txt,4,21.249000072,ACO,1766.000000000,1757.000000000,5,0
cubic_2000.txt,4,30.473000050,ACO,1762.000000000,1757.000000000,5,0
cubic_2000.txt,4,31.333000183,ACO,1760.000000000,1757.000000000,5,0
cubic_2000.txt,4,33.266999960,ACO,1754.000000000,1754.000000000,5,1
cubic_2000.txt,4,38.699000120,ACO,1746.000000000,1746.000000000,5,1
cubic_2000.txt,4,42.430000067,ACO,1743.000000000,1743.000000000,5,1
cubic_2000.txt,5,0.007000208,RVNS,2186.000000000,2186.000000000,1,1
cubic_2000.txt,5,0.007000208,Tabu Search,2257.000000000,2186.000000000,2,0
cubic_2000.txt,5,0.011000156,RVNS,2182.000000000,2182.000000000,3,1
cubic_2000.txt,5,0.013000011,RVNS,2187.000000000,2182.000000000,4,0
cubic_2000.txt,5,0.015000105,RVNS,2189.000000000,2182.000000000,5,0
cubic_2000.txt,5,0.020000219,RVNS,2247.000000000,2182.000000000,5,0
cubic_2000.txt,5,0.020000219,Tabu Search,2185.000000000,2182.000000000,5,0
cubic_2000.txt,5,0.026000023,RVNS,2188.000000000,2182.000000000,5,0
cubic_2000.txt,5,0.028000116,Tabu Search,2183.000000000,2182.000000000,5,0
cubic_2000.txt,5,0.044000149,RVNS,2184.000000000,2182.000000000,5,0
cubic_2000.txt,5,0.132000208,Tabu Search,2181.000000000,2181.000000000,5,1
cubic_2000.txt,5,1.221000195,ACO,2149.000000000,2149.000000000,5,1
cubic_2000.txt,5,2.118000031,ACO,2144.000000000,2144.000000000,5,1
cubic_2000.txt,5,2.987000227,ACO,2136.000000000,2136.000000000,5,1
cubic_2000.txt,5,3.875000000,ACO,2134.000000000,2134.000000000,5,1
cubic_2000.txt,5,4.238000154,HHO,1768.000000000,1768.000000000,5,1
cubic_2000.txt,5,4.731000185,ACO,2130.000000000,1768.000000000,5,0
cubic_2000.txt,5,5.697000027,ACO,2129.000000000,1768.000000000,5,0
cubic_2000.txt,5,6.638000011,ACO,2120.000000000,1768.000000000,5,0
cubic_2000.txt,5,7.625000000,ACO,2119.000000000,1768.000000000,5,0
cubic_2000.txt,5,8.495000124,ACO,2110.000000000,1768.000000000,5,0
cubic_2000.txt,5,8.851999998,HHO,1770.000000000,1768.000000000,5,0
cubic_2000.txt,5,9.350000143,ACO,1772.000000000,1768.000000000,5,0
cubic_2000.txt,5,10.334000111,ACO,1781.000000000,1768.000000000,5,0
cubic_2000.txt,5,11.501000166,ACO,1788.000000000,1768.000000000,5,0
cubic_2000.txt,5,14.002000093,HHO,1776.000000000,1768.000000000,5,0
cubic_2000.txt,5,17.945000172,ACO,1779.000000000,1768.000000000,5,0
cubic_2000.txt,5,18.819000006,ACO,1762.000000000,1762.000000000,5,1
cubic_2000.txt,5,21.611000061,ACO,1767.000000000,1762.000000000,5,0
cubic_2000.txt,5,23.358000040,ACO,1752.000000000,1752.000000000,5,1
cubic_2000.txt,5,26.488000154,ACO,1769.000000000,1752.000000000,5,0
cubic_2000.txt,5,30.197000027,ACO,1759.000000000,1752.000000000,5,0
cubic_2000.txt,5,31.035000086,ACO,1764.000000000,1752.000000000,5,0
cubic_2000.txt,5,36.446000099,ACO,1756.000000000,1752.000000000,5,0
cubic_2000.txt,5,40.157000065,ACO,1750.000000000,1750.000000000,5,1
cubic_2000.txt,5,43.261000156,ACO,1746.000000000,1746.000000000,5,1
cubic_2000.txt,6,0.010999918,RVNS,2225.000000000,2225.000000000,1,1
cubic_2000.txt,6,0.010999918,Tabu Search,2241.000000000,2225.000000000,2,0
cubic_2000.txt,6,0.014999866,Tabu Search,2230.000000000,2225.000000000,3,0
cubic_2000.txt,6,0.020999908,RVNS,2240.000000000,2225.000000000,4,0
cubic_2000.txt,6,0.020999908,Tabu Search,2222.000000000,2222.000000000,5,1
cubic_2000.txt,6,0.024999857,Tabu Search,2226.000000000,2222.000000000,5,0
cubic_2000.txt,6,0.026999950,RVNS,2227.000000000,2222.000000000,5,0
cubic_2000.txt,6,0.030999899,RVNS,2224.000000000,2222.000000000,5,0
cubic_2000.txt,6,0.031999826,Tabu Search,2223.000000000,2222.000000000,5,0
cubic_2000.txt,6,0.056999922,Tabu Search,2221.000000000,2221.000000000,5,1
cubic_2000.txt,6,0.082000017,RVNS,2220.000000000,2220.000000000,5,1
cubic_2000.txt,6,0.088999987,RVNS,2219.000000000,2219.000000000,5,1
cubic_2000.txt,6,1.240000010,ACO,2159.000000000,2159.000000000,5,1
cubic_2000.txt,6,2.095999956,ACO,2145.000000000,2145.000000000,5,1
cubic_2000.txt,6,3.072000027,ACO,2129.000000000,2129.000000000,5,1
cubic_2000.txt,6,4.053999901,ACO,2120.000000000,2120.000000000,5,1
cubic_2000.txt,6,4.536999941,HHO,1777.000000000,1777.000000000,5,1
cubic_2000.txt,6,4.935999870,ACO,2119.000000000,1777.000000000,5,0
cubic_2000.txt,6,5.820999861,ACO,2104.000000000,1777.000000000,5,0
cubic_2000.txt,6,6.678999901,ACO,2107.000000000,1777.000000000,5,0
cubic_2000.txt,6,8.483000040,ACO,2110.000000000,1777.000000000,5,0
cubic_2000.txt,6,8.997999907,HHO,1787.000000000,1777.000000000,5,0
cubic_2000.txt,6,9.363999844,ACO,2103.000000000,1777.000000000,5,0
cubic_2000.txt,6,10.207000017,ACO,2101.000000000,1777.000000000,5,0
cubic_2000.txt,6,12.108000040,ACO,2094.000000000,1777.000000000,5,0
cubic_2000.txt,6,13.056999922,ACO,2092.000000000,1777.000000000,5,0
cubic_2000.txt,6,13.981999874,HHO,1775.000000000,1775.000000000,5,1
cubic_2000.txt,6,14.128999949,ACO,1792.000000000,1775.000000000,5,0
cubic_2000.txt,6,15.021999836,ACO,1789.000000000,1775.000000000,5,0
cubic_2000.txt,6,15.866999865,ACO,1790.000000000,1775.000000000,5,0
cubic_2000.txt,6,16.734999895,ACO,1778.000000000,1775.000000000,5,0
cubic_2000.txt,6,17.601999998,ACO,1773.000000000,1773.000000000,5,1
cubic_2000.txt,6,19.427999973,HHO,1769.000000000,1769.000000000,5,1
cubic_2000.txt,6,20.386999846,ACO,1772.000000000,1769.000000000,5,0
cubic_2000.txt,6,24.990000010,ACO,1763.000000000,1763.000000000,5,1
cubic_2000.txt,6,25.984999895,ACO,1771.000000000,1763.000000000,5,0
cubic_2000.txt,6,27.970999956,ACO,1751.000000000,1751.000000000,5,1
cubic_2000.txt,6,29.967000008,ACO,1748.000000000,1748.000000000,5,1
cubic_2000.txt,6,30.832999945,ACO,1760.000000000,1748.000000000,5,0
cubic_2000.txt,6,32.567999840,ACO,1761.000000000,1748.000000000,5,0
cubic_2000.txt,6,34.365999937,ACO,1762.000000000,1748.000000000,5,0
cubic_2000.txt,7,0.005000114,Tabu Search,2220.000000000,2220.000000000,1,1
cubic_2000.txt,7,0.006000042,RVNS,2202.000000000,2202.000000000,2,1
cubic_2000.txt,7,0.009000063,Tabu Search,2217.000000000,2202.000000000,3,0
cubic_2000.txt,7,0.009999990,RVNS,2221.000000000,2202.000000000,4,0
cubic_2000.txt,7,0.013000011,Tabu Search,2199.000000000,2199.000000000,5,1
cubic_2000.txt,7,0.016000032,Tabu Search,2195.000000000,2195.000000000,5,1
cubic_2000.txt,7,0.019000053,Tabu Search,2194.000000000,2194.000000000,5,1
cubic_2000.txt,7,0.019999981,RVNS,2196.000000000,2194.000000000,5,0
cubic_2000.txt,7,0.026999950,RVNS,2197.000000000,2194.000000000,5,0
cubic_2000.txt,7,0.026999950,Tabu Search,2198.000000000,2194.000000000,5,0
cubic_2000.txt,7,0.036999941,Tabu Search,2193.000000000,2193.000000000,5,1
cubic_2000.txt,7,0.068000078,Tabu Search,2192.000000000,2192.000000000,5,1
cubic_2000.txt,7,1.335000038,ACO,2178.000000000,2178.000000000,5,1
cubic_2000.txt,7,2.332000017,ACO,2148.000000000,2148.000000000,5,1
cubic_2000.txt,7,3.189000130,ACO,2125.000000000,2125.000000000,5,1
cubic_2000.txt,7,4.523999929,HHO,1768.000000000,1768.000000000,5,1
cubic_2000.txt,7,4.946000099,ACO,2119.000000000,1768.000000000,5,0
cubic_2000.txt,7,5.812000036,ACO,2122.000000000,1768.000000000,5,0
cubic_2000.txt,7,6.779999971,ACO,2115.000000000,1768.000000000,5,0
cubic_2000.txt,7,8.094000101,ACO,2114.000000000,1768.000000000,5,0
cubic_2000.txt,7,9.115999937,ACO,2100.000000000,1768.000000000,5,0
cubic_2000.txt,7,9.668999910,HHO,1769.000000000,1768.000000000,5,0
cubic_2000.txt,7,12.009000063,ACO,1796.000000000,1768.000000000,5,0
cubic_2000.txt,7,12.997999907,ACO,1756.000000000,1756.000000000,5,1
cubic_2000.txt,7,13.980000019,ACO,1767.000000000,1756.000000000,5,0
cubic_2000.txt,7,14.974999905,ACO,1781.000000000,1756.000000000,5,0
cubic_2000.txt,7,15.016000032,HHO,1770.000000000,1756.000000000,5,0
cubic_2000.txt,7,17.706000090,ACO,1765.000000000,1756.000000000,5,0
cubic_2000.txt,7,20.318000078,HHO,1759.000000000,1756.000000000,5,0
cubic_2000.txt,7,20.495000124,ACO,1763.000000000,1756.000000000,5,0
cubic_2000.txt,7,24.286999941,ACO,1761.000000000,1756.000000000,5,0
cubic_2000.txt,7,26.052000046,ACO,1749.000000000,1749.000000000,5,1
cubic_2000.txt,7,26.910000086,ACO,1757.000000000,1749.000000000,5,0
cubic_2000.txt,8,0.005000114,RVNS,2209.000000000,2209.000000000,1,1
cubic_2000.txt,8,0.006000042,Tabu Search,2226.000000000,2209.000000000,2,0
cubic_2000.txt,8,0.009000063,RVNS,2202.000000000,2202.000000000,3,1
cubic_2000.txt,8,0.009000063,Tabu Search,2198.000000000,2198.000000000,4,1
cubic_2000.txt,8,0.012000084,RVNS,2206.000000000,2198.000000000,5,0
cubic_2000.txt,8,0.015000105,RVNS,2204.000000000,2198.000000000,5,0
cubic_2000.txt,8,0.018000126,RVNS,2203.000000000,2198.000000000,5,0
cubic_2000.txt,8,0.026000023,RVNS,2205.000000000,2198.000000000,5,0
cubic_2000.txt,8,0.044000149,RVNS,2199.000000000,2198.000000000,5,0
cubic_2000.txt,8,0.046999931,Tabu Search,2201.000000000,2198.000000000,5,0
cubic_2000.txt,8,0.059999943,Tabu Search,2197.000000000,2197.000000000,5,1
cubic_2000.txt,8,0.062000036,Tabu Search,2200.000000000,2197.000000000,5,0
cubic_2000.txt,8,1.407999992,ACO,2154.000000000,2154.000000000,5,1
cubic_2000.txt,8,2.505000114,ACO,2143.000000000,2143.000000000,5,1
cubic_2000.txt,8,3.463000059,ACO,2125.000000000,2125.000000000,5,1
cubic_2000.txt,8,4.469000101,ACO,2126.000000000,2125.000000000,5,0
cubic_2000.txt,8,4.982000113,HHO,1772.000000000,1772.000000000,5,1
cubic_2000.txt,8,5.381000042,ACO,2123.000000000,1772.000000000,5,0
cubic_2000.txt,8,6.262000084,ACO,2122.000000000,1772.000000000,5,0
cubic_2000.txt,8,7.239000082,ACO,2117.000000000,1772.000000000,5,0
cubic_2000.txt,8,8.143000126,ACO,2114.000000000,1772.000000000,5,0
cubic_2000.txt,8,9.003000021,ACO,2113.000000000,1772.000000000,5,0
cubic_2000.txt,8,9.437999964,HHO,1785.000000000,1772.000000000,5,0
cubic_2000.txt,8,9.855999947,ACO,2099.000000000,1772.000000000,5,0
cubic_2000.txt,8,10.717000008,ACO,2097.000000000,1772.000000000,5,0
cubic_2000.txt,8,11.561000109,ACO,1783.000000000,1772.000000000,5,0
cubic_2000.txt,8,12.449000120,ACO,1778.000000000,1772.000000000,5,0
cubic_2000.txt,8,13.332999945,ACO,1784.000000000,1772.000000000,5,0
cubic_2000.txt,8,14.082999945,HHO,1749.000000000,1749.000000000,5,1
cubic_2000.txt,8,19.325000048,ACO,1775.000000000,1749.000000000,5,0
cubic_2000.txt,8,21.256000042,ACO,1774.000000000,1749.000000000,5,0
cubic_2000.txt,8,22.166000128,ACO,1761.000000000,1749.000000000,5,0
cubic_2000.txt,8,24.799999952,ACO,1763.000000000,1749.000000000,5,0
cubic_2000.txt,8,25.713000059,ACO,1769.000000000,1749.000000000,5,0
cubic_2000.txt,8,26.738000154,ACO,1766.000000000,1749.000000000,5,0
cubic_2000.txt,8,27.602999926,ACO,1759.000000000,1749.000000000,5,0
cubic_2000.txt,8,30.516999960,ACO,1753.000000000,1749.000000000,5,0
cubic_2000.txt,8,37.874000072,ACO,1762.000000000,1749.000000000,5,0
cubic_2000.txt,8,38.778000116,ACO,1755.000000000,1749.000000000,5,0
cubic_2000.txt,8,40.496999979,ACO,1747.000000000,1747.000000000,5,1
cubic_2000.txt,8,43.282999992,ACO,1754.000000000,1747.000000000,5,0
cubic_2000.txt,9,0.004999876,Tabu Search,2216.000000000,2216.000000000,1,1
cubic_2000.txt,9,0.005999804,RVNS,2263.000000000,2216.000000000,2,0
cubic_2000.txt,9,0.007999897,RVNS,2219.000000000,2216.000000000,3,0
cubic_2000.txt,9,0.007999897,Tabu Search,2217.000000000,2216.000000000,4,0
cubic_2000.txt,9,0.009999990,RVNS,2261.000000000,2216.000000000,5,0
cubic_2000.txt,9,0.010999918,Tabu Search,2226.000000000,2216.000000000,5,0
cubic_2000.txt,9,0.013999939,Tabu Search,2222.000000000,2216.000000000,5,0
cubic_2000.txt,9,0.017999887,Tabu Search,2220.000000000,2216.000000000,5,0
cubic_2000.txt,9,0.020999908,Tabu Search,2221.000000000,2216.000000000,5,0
cubic_2000.txt,9,0.025999784,Tabu Search,2214.000000000,2214.000000000,5,1
cubic_2000.txt,9,0.029999971,RVNS,2218.000000000,2214.000000000,5,0
cubic_2000.txt,9,0.032999992,RVNS,2215.000000000,2214.000000000,5,0
cubic_2000.txt,9,0.047999859,Tabu Search,2213.000000000,2213.000000000,5,1
cubic_2000.txt,9,0.148000002,RVNS,2211.000000000,2211.000000000,5,1
cubic_2000.txt,9,1.384999990,ACO,2165.000000000,2165.000000000,5,1
cubic_2000.txt,9,2.414999962,ACO,2141.000000000,2141.000000000,5,1
cubic_2000.txt,9,3.388999939,ACO,2131.000000000,2131.000000000,5,1
cubic_2000.txt,9,4.432999849,ACO,2130.000000000,2130.000000000,5,1
cubic_2000.txt,9,4.924999952,HHO,1781.000000000,1781.000000000,5,1
cubic_2000.txt,9,5.337999821,ACO,2128.000000000,1781.000000000,5,0
cubic_2000.txt,9,6.186999798,ACO,1818.000000000,1781.000000000,5,0
cubic_2000.txt,9,7.052999973,ACO,1788.000000000,1781.000000000,5,0
cubic_2000.txt,9,7.907999992,ACO,1778.000000000,1778.000000000,5,1
cubic_2000.txt,9,9.275999784,HHO,1783.000000000,1778.000000000,5,0
cubic_2000.txt,9,9.861999989,ACO,1793.000000000,1778.000000000,5,0
cubic_2000.txt,9,10.729999781,ACO,1782.000000000,1778.000000000,5,0
cubic_2000.txt,9,11.621999979,ACO,1775.000000000,1775.000000000,5,1
cubic_2000.txt,9,12.527999878,ACO,1768.000000000,1768.000000000,5,1
cubic_2000.txt,9,13.441999912,ACO,1770.000000000,1768.000000000,5,0
cubic_2000.txt,9,15.335999966,ACO,1769.000000000,1768.000000000,5,0
cubic_2000.txt,9,16.339999914,ACO,1764.000000000,1764.000000000,5,1
cubic_2000.txt,9,21.025999784,ACO,1774.000000000,1764.000000000,5,0
cubic_2000.txt,9,28.244999886,ACO,1763.000000000,1763.000000000,5,1
cubic_2000.txt,9,29.090999842,ACO,1757.000000000,1757.000000000,5,1
cubic_2000.txt,9,31.072999954,ACO,1767.000000000,1757.000000000,5,0
cubic_2000.txt,9,32.986999989,ACO,1766.000000000,1757.000000000,5,0
cubic_2000.txt,9,34.796999931,ACO,1754.000000000,1754.000000000,5,1
cubic_2000.txt,9,35.734999895,ACO,1748.000000000,1748.000000000,5,1
cubic_2000.txt,9,36.714999914,ACO,1759.000000000,1748.000000000,5,0
cubic_2000.txt,9,37.574999809,ACO,1756.000000000,1748.000000000,5,0
cubic_2000.txt,9,38.444999933,ACO,1747.000000000,1747.000000000,5,1
cubic_2000.txt,9,39.382999897,ACO,1744.000000000,1744.000000000,5,1
cubic_2000.txt,9,40.253999949,ACO,1753.000000000,1744.000000000,5,0
cubic_2000.txt,10,0.005000114,RVNS,2224.000000000,2224.000000000,1,1
cubic_2000.txt,10,0.006000042,Tabu Search,2250.000000000,2224.000000000,2,0
cubic_2000.txt,10,0.009999990,RVNS,2255.000000000,2224.000000000,3,0
cubic_2000.txt,10,0.009999990,Tabu Search,2228.000000000,2224.000000000,4,0
cubic_2000.txt,10,0.012000084,RVNS,2225.000000000,2224.000000000,5,0
cubic_2000.txt,10,0.013000011,Tabu Search,2223.000000000,2223.000000000,5,1
cubic_2000.txt,10,0.016000032,Tabu Search,2232.000000000,2223.000000000,5,0
cubic_2000.txt,10,0.016999960,RVNS,2227.000000000,2223.000000000,5,0
cubic_2000.txt,10,0.023999929,RVNS,2222.000000000,2222.000000000,5,1
cubic_2000.txt,10,0.032000065,RVNS,2221.000000000,2221.000000000,5,1
cubic_2000.txt,10,0.039000034,RVNS,2219.000000000,2219.000000000,5,1
cubic_2000.txt,10,1.226000071,ACO,2161.000000000,2161.000000000,5,1
cubic_2000.txt,10,2.130000114,ACO,2142.000000000,2142.000000000,5,1
cubic_2000.txt,10,3.088000059,ACO,2141.000000000,2141.000000000,5,1
cubic_2000.txt,10,4.279000044,ACO,2139.000000000,2139.000000000,5,1
cubic_2000.txt,10,4.812000036,HHO,1775.000000000,1775.000000000,5,1
cubic_2000.txt,10,5.263999939,ACO,2144.000000000,1775.000000000,5,0
cubic_2000.txt,10,6.121000051,ACO,1759.000000000,1759.000000000,5,1
cubic_2000.txt,10,6.967000008,ACO,1780.000000000,1759.000000000,5,0
cubic_2000.txt,10,7.837000132,ACO,1772.000000000,1759.000000000,5,0
cubic_2000.txt,10,8.712000132,ACO,1779.000000000,1759.000000000,5,0
cubic_2000.txt,10,9.160000086,HHO,1767.000000000,1759.000000000,5,0
cubic_2000.txt,10,9.726000071,ACO,1760.000000000,1759.000000000,5,0
cubic_2000.txt,10,13.266000032,ACO,1771.000000000,1759.000000000,5,0
cubic_2000.txt,10,13.737999916,HHO,1768.000000000,1759.000000000,5,0
cubic_2000.txt,10,16.003999949,ACO,1761.000000000,1759.000000000,5,0
cubic_2000.txt,10,22.720999956,ACO,1764.000000000,1759.000000000,5,0
cubic_2000.txt,10,23.578999996,ACO,1742.000000000,1742.000000000,5,1
cubic_2000.txt,10,24.437000036,ACO,1753.000000000,1742.000000000,5,0
cubic_2000.txt,10,25.301000118,ACO,1741.000000000,1741.000000000,5,1
cubic_2000.txt,10,26.163000107,ACO,1757.000000000,1741.000000000,5,0
cubic_2000.txt,10,36.417000055,ACO,1754.000000000,1741.000000000,5,0
cubic_2000.txt,10,37.286000013,ACO,1750.000000000,1741.000000000,5,0
cubic_2000.txt,10,40.131000042,ACO,1749.000000000,1741.000000000,5,0
cubic_2100.txt,1,0.004000187,Tabu Search,2299.000000000,2299.000000000,1,1
cubic_2100.txt,1,0.006000042,RVNS,2346.000000000,2299.000000000,2,0
cubic_2100.txt,1,0.006999969,Tabu Search,2295.000000000,2295.000000000,3,1
cubic_2100.txt,1,0.013000011,Tabu Search,2298.000000000,2295.000000000,4,0
cubic_2100.txt,1,0.016000032,Tabu Search,2297.000000000,2295.000000000,5,0
cubic_2100.txt,1,0.018000126,RVNS,2292.000000000,2292.000000000,5,1
cubic_2100.txt,1,0.019999981,Tabu Search,2293.000000000,2292.000000000,5,0
cubic_2100.txt,1,0.021000147,RVNS,2296.000000000,2292.000000000,5,0
cubic_2100.txt,1,0.041000128,RVNS,2290.000000000,2290.000000000,5,1
cubic_2100.txt,1,0.041000128,Tabu Search,2294.000000000,2290.000000000,5,0
cubic_2100.txt,1,0.098999977,Tabu Search,2291.000000000,2290.000000000,5,0
cubic_2100.txt,1,1.354000092,ACO,2261.000000000,2261.000000000,5,1
cubic_2100.txt,1,2.279000044,ACO,2251.000000000,2251.000000000,5,1
cubic_2100.txt,1,3.167000055,ACO,2244.000000000,2244.000000000,5,1
cubic_2100.txt,1,4.049000025,ACO,2248.000000000,2244.000000000,5,0
cubic_2100.txt,1,4.620000124,HHO,1859.000000000,1859.000000000,5,1
cubic_2100.txt,1,4.939000130,ACO,2231.000000000,1859.000000000,5,0
cubic_2100.txt,1,6.217000008,ACO,2226.000000000,1859.000000000,5,0
cubic_2100.txt,1,7.300000191,ACO,2224.000000000,1859.000000000,5,0
cubic_2100.txt,1,8.252000093,ACO,2214.000000000,1859.000000000,5,0
cubic_2100.txt,1,9.148000002,ACO,2208.000000000,1859.000000000,5,0
cubic_2100.txt,1,9.700999975,HHO,1883.000000000,1859.000000000,5,0
cubic_2100.txt,1,10.059000015,ACO,2212.000000000,1859.000000000,5,0
cubic_2100.txt,1,10.934000015,ACO,2185.000000000,1859.000000000,5,0
cubic_2100.txt,1,11.897000074,ACO,1885.000000000,1859.000000000,5,0
cubic_2100.txt,1,12.782999992,ACO,1887.000000000,1859.000000000,5,0
cubic_2100.txt,1,13.654000044,ACO,1893.000000000,1859.000000000,5,0
cubic_2100.txt,1,14.650000095,ACO,1886.000000000,1859.000000000,5,0
cubic_2100.txt,1,14.904000044,HHO,1862.000000000,1859.000000000,5,0
cubic_2100.txt,1,15.690000057,ACO,1884.000000000,1859.000000000,5,0
cubic_2100.txt,1,17.789000034,ACO,1865.000000000,1859.000000000,5,0
cubic_2100.txt,1,21.103000164,ACO,1856.000000000,1856.000000000,5,1
cubic_2100.txt,1,21.488000154,HHO,1870.000000000,1856.000000000,5,0
cubic_2100.txt,1,24.051000118,ACO,1854.000000000,1854.000000000,5,1
cubic_2100.txt,1,25.812000036,ACO,1853.000000000,1853.000000000,5,1
cubic_2100.txt,1,27.642000198,HHO,1858.000000000,1853.000000000,5,0
cubic_2100.txt,1,28.625000000,ACO,1855.000000000,1853.000000000,5,0
cubic_2100.txt,1,36.420000076,ACO,1857.000000000,1853.000000000,5,0
cubic_2100.txt,1,46.403000116,ACO,1851.000000000,1851.000000000,5,1
cubic_2100.txt,2,0.005000114,RVNS,2352.000000000,2352.000000000,1,1
cubic_2100.txt,2,0.005000114,Tabu Search,2321.000000000,2321.000000000,2,1
cubic_2100.txt,2,0.009000063,Tabu Search,2319.000000000,2319.000000000,3,1
cubic_2100.txt,2,0.011000156,RVNS,2349.000000000,2319.000000000,4,0
cubic_2100.txt,2,0.012000084,Tabu Search,2320.000000000,2319.000000000,5,0
cubic_2100.txt,2,0.016000032,RVNS,2323.000000000,2319.000000000,5,0
cubic_2100.txt,2,0.016000032,Tabu Search,2314.000000000,2314.000000000,5,1
cubic_2100.txt,2,0.018000126,Tabu Search,2315.000000000,2314.000000000,5,0
cubic_2100.txt,2,0.023999929,Tabu Search,2317.000000000,2314.000000000,5,0
cubic_2100.txt,2,0.026999950,Tabu Search,2313.000000000,2313.000000000,5,1
cubic_2100.txt,2,0.029000044,RVNS,2318.000000000,2313.000000000,5,0
cubic_2100.txt,2,0.032000065,Tabu Search,2316.000000000,2313.000000000,5,0
cubic_2100.txt,2,0.138999939,Tabu Search,2311.000000000,2311.000000000,5,1
cubic_2100.txt,2,1.206000090,ACO,2268.000000000,2268.000000000,5,1
cubic_2100.txt,2,2.078999996,ACO,2270.000000000,2268.000000000,5,0
cubic_2100.txt,2,3.005000114,ACO,2247.000000000,2247.000000000,5,1
cubic_2100.txt,2,4.026999950,ACO,2239.000000000,2239.000000000,5,1
cubic_2100.txt,2,4.888999939,HHO,1876.000000000,1876.000000000,5,1
cubic_2100.txt,2,5.226999998,ACO,2241.000000000,1876.000000000,5,0
cubic_2100.txt,2,6.171000004,ACO,2236.000000000,1876.000000000,5,0
cubic_2100.txt,2,7.085000038,ACO,1868.000000000,1868.000000000,5,1
cubic_2100.txt,2,7.992000103,ACO,1873.000000000,1868.000000000,5,0
cubic_2100.txt,2,8.878999949,ACO,1875.000000000,1868.000000000,5,0
cubic_2100.txt,2,9.486999989,HHO,1887.000000000,1868.000000000,5,0
cubic_2100.txt,2,9.758000135,ACO,1877.000000000,1868.000000000,5,0
cubic_2100.txt,2,10.651999950,ACO,1866.000000000,1866.000000000,5,1
cubic_2100.txt,2,13.453000069,ACO,1857.000000000,1857.000000000,5,1
cubic_2100.txt,2,14.354000092,ACO,1860.000000000,1857.000000000,5,0
cubic_2100.txt,2,15.259999990,ACO,1851.000000000,1851.000000000,5,1
cubic_2100.txt,2,16.193000078,ACO,1846.000000000,1846.000000000,5,1
cubic_2100.txt,2,17.075999975,ACO,1863.000000000,1846.000000000,5,0
cubic_2100.txt,2,19.289999962,ACO,1854.000000000,1846.000000000,5,0
cubic_2100.txt,2,24.177999973,ACO,1858.000000000,1846.000000000,5,0
cubic_2100.txt,2,31.447000027,ACO,1850.000000000,1846.000000000,5,0
cubic_2100.txt,2,32.312999964,ACO,1856.000000000,1846.000000000,5,0
cubic_2100.txt,2,35.569999933,ACO,1847.000000000,1846.000000000,5,0
cubic_2100.txt,2,36.500999928,ACO,1841.000000000,1841.000000000,5,1
cubic_2100.txt,2,37.398999929,ACO,1838.000000000,1838.000000000,5,1
cubic_2100.txt,2,43.713000059,ACO,1837.000000000,1837.000000000,5,1
cubic_2100.txt,3,0.006000042,Tabu Search,2326.000000000,2326.000000000,1,1
cubic_2100.txt,3,0.006999969,RVNS,2396.000000000,2326.000000000,2,0
cubic_2100.txt,3,0.009999990,Tabu Search,2329.000000000,2326.000000000,3,0
cubic_2100.txt,3,0.009999990,RVNS,2323.000000000,2323.000000000,4,1
cubic_2100.txt,3,0.013999939,RVNS,2325.000000000,2323.000000000,5,0
cubic_2100.txt,3,0.017999887,RVNS,2332.000000000,2323.000000000,5,0
cubic_2100.txt,3,0.022000074,Tabu Search,2321.000000000,2321.000000000,5,1
cubic_2100.txt,3,0.026000023,Tabu Search,2324.000000000,2321.000000000,5,0
cubic_2100.txt,3,0.036000013,RVNS,2320.000000000,2320.000000000,5,1
cubic_2100.txt,3,0.125000000,RVNS,2322.000000000,2320.000000000,5,0
cubic_2100.txt,3,1.223999977,ACO,2270.000000000,2270.000000000,5,1
cubic_2100.txt,3,2.365000010,ACO,2255.000000000,2255.000000000,5,1
cubic_2100.txt,3,3.250000000,ACO,2259.000000000,2255.000000000,5,0
cubic_2100.txt,3,4.325000048,ACO,2240.000000000,2240.000000000,5,1
cubic_2100.txt,3,4.993999958,HHO,1863.000000000,1863.000000000,5,1
cubic_2100.txt,3,5.309999943,ACO,2234.000000000,1863.000000000,5,0
cubic_2100.txt,3,6.293999910,ACO,2225.000000000,1863.000000000,5,0
cubic_2100.txt,3,7.332999945,ACO,2229.000000000,1863.000000000,5,0
cubic_2100.txt,3,8.210000038,ACO,1855.000000000,1855.000000000,5,1
cubic_2100.txt,3,9.085999966,ACO,1866.000000000,1855.000000000,5,0
cubic_2100.txt,3,9.752000093,HHO,1835.000000000,1835.000000000,5,1
cubic_2100.txt,3,9.943000078,ACO,1873.000000000,1835.000000000,5,0
cubic_2100.txt,3,11.733999968,ACO,1867.000000000,1835.000000000,5,0
cubic_2100.txt,3,12.729000092,ACO,1857.000000000,1835.000000000,5,0
cubic_2100.txt,3,14.816999912,HHO,1858.000000000,1835.000000000,5,0
cubic_2100.txt,3,16.322999954,ACO,1851.000000000,1835.000000000,5,0
cubic_2100.txt,3,20.604000092,HHO,1852.000000000,1835.000000000,5,0
cubic_2100.txt,3,25.058000088,ACO,1853.000000000,1835.000000000,5,0
cubic_2100.txt,3,31.407000065,ACO,1850.000000000,1835.000000000,5,0
cubic_2100.txt,3,32.299000025,ACO,1849.000000000,1835.000000000,5,0
cubic_2100.txt,3,32.851000071,HHO,1848.000000000,1835.000000000,5,0
cubic_2100.txt,3,36.154999971,ACO,1844.000000000,1835.000000000,5,0
cubic_2100.txt,3,38.989000082,ACO,1837.000000000,1835.000000000,5,0
cubic_2100.txt,3,39.979000092,ACO,1842.000000000,1835.000000000,5,0
cubic_2100.txt,3,42.638000011,ACO,1834.000000000,1834.000000000,5,1
cubic_2100.txt,3,45.539999962,ACO,1843.000000000,1834.000000000,5,0
cubic_2100.txt,4,0.006000042,Tabu Search,2384.000000000,2384.000000000,1,1
cubic_2100.txt,4,0.007000208,RVNS,2349.000000000,2349.000000000,2,1
cubic_2100.txt,4,0.011000156,Tabu Search,2357.000000000,2349.000000000,3,0
cubic_2100.txt,4,0.011000156,RVNS,2387.000000000,2349.000000000,4,0
cubic_2100.txt,4,0.013000011,Tabu Search,2354.000000000,2349.000000000,5,0
cubic_2100.txt,4,0.015000105,Tabu Search,2358.000000000,2349.000000000,5,0
cubic_2100.txt,4,0.017000198,RVNS,2355.000000000,2349.000000000,5,0
cubic_2100.txt,4,0.019000053,Tabu Search,2356.000000000,2349.000000000,5,0
cubic_2100.txt,4,0.019000053,RVNS,2353.000000000,2349.000000000,5,0
cubic_2100.txt,4,0.121000051,RVNS,2351.000000000,2349.000000000,5,0
cubic_2100.txt,4,0.124000072,Tabu Search,2350.000000000,2349.000000000,5,0
cubic_2100.txt,4,0.138000011,RVNS,2352.000000000,2349.000000000,5,0
cubic_2100.txt,4,1.225000143,ACO,2278.000000000,2278.000000000,5,1
cubic_2100.txt,4,2.118000031,ACO,2262.000000000,2262.000000000,5,1
cubic_2100.txt,4,3.005000114,ACO,2261.000000000,2261.000000000,5,1
cubic_2100.txt,4,3.971000195,ACO,2243.000000000,2243.000000000,5,1
cubic_2100.txt,4,4.502000093,HHO,1866.000000000,1866.000000000,5,1
cubic_2100.txt,4,5.107000113,ACO,2248.000000000,1866.000000000,5,0
cubic_2100.txt,4,6.054000139,ACO,2246.000000000,1866.000000000,5,0
cubic_2100.txt,4,7.010000229,ACO,1857.000000000,1857.000000000,5,1
cubic_2100.txt,4,7.890000105,ACO,1867.000000000,1857.000000000,5,0
cubic_2100.txt,4,8.810000181,ACO,1845.000000000,1845.000000000,5,1
cubic_2100.txt,4,9.179000139,HHO,1883.000000000,1845.000000000,5,0
cubic_2100.txt,4,9.695000172,ACO,1849.000000000,1845.000000000,5,0
cubic_2100.txt,4,10.571000099,ACO,1865.000000000,1845.000000000,5,0
cubic_2100.txt,4,11.478000164,ACO,1856.000000000,1845.000000000,5,0
cubic_2100.txt,4,12.459000111,ACO,1860.000000000,1845.000000000,5,0
cubic_2100.txt,4,15.298000097,ACO,1846.000000000,1845.000000000,5,0
cubic_2100.txt,4,18.239000082,ACO,1839.000000000,1839.000000000,5,1
cubic_2100.txt,4,20.535000086,ACO,1850.000000000,1839.000000000,5,0
cubic_2100.txt,4,21.554000139,ACO,1838.000000000,1838.000000000,5,1
cubic_2100.txt,4,24.251000166,ACO,1847.000000000,1838.000000000,5,0
cubic_2100.txt,4,35.342000008,ACO,1841.000000000,1838.000000000,5,0
cubic_2100.txt,4,36.285000086,ACO,1840.000000000,1838.000000000,5,0
cubic_2100.txt,4,43.598000050,ACO,1836.000000000,1836.000000000,5,1
cubic_2100.txt,5,0.004999876,RVNS,2329.000000000,2329.000000000,1,1
cubic_2100.txt,5,0.004999876,Tabu Search,2300.000000000,2300.000000000,2,1
cubic_2100.txt,5,0.008999825,Tabu Search,2304.000000000,2300.000000000,3,0
cubic_2100.txt,5,0.011999846,RVNS,2328.000000000,2300.000000000,4,0
cubic_2100.txt,5,0.011999846,Tabu Search,2297.000000000,2297.000000000,5,1
cubic_2100.txt,5,0.015999794,Tabu Search,2299.000000000,2297.000000000,5,0
cubic_2100.txt,5,0.017999887,RVNS,2296.000000000,2296.000000000,5,1
cubic_2100.txt,5,0.026000023,Tabu Search,2295.000000000,2295.000000000,5,1
cubic_2100.txt,5,0.031999826,RVNS,2298.000000000,2295.000000000,5,0
cubic_2100.txt,5,0.046000004,RVNS,2292.000000000,2292.000000000,5,1
cubic_2100.txt,5,0.047999859,Tabu Search,2291.000000000,2291.000000000,5,1
cubic_2100.txt,5,0.052999973,RVNS,2293.000000000,2291.000000000,5,0
cubic_2100.txt,5,0.057999849,RVNS,2294.000000000,2291.000000000,5,0
cubic_2100.txt,5,1.202999830,ACO,2267.000000000,2267.000000000,5,1
cubic_2100.txt,5,2.087999821,ACO,2237.000000000,2237.000000000,5,1
cubic_2100.txt,5,3.067999840,ACO,2232.000000000,2232.000000000,5,1
cubic_2100.txt,5,4.059000015,ACO,2234.000000000,2232.000000000,5,0
cubic_2100.txt,5,4.761999846,HHO,1870.000000000,1870.000000000,5,1
cubic_2100.txt,5,5.152999878,ACO,2227.000000000,1870.000000000,5,0
cubic_2100.txt,5,6.070999861,ACO,2226.000000000,1870.000000000,5,0
cubic_2100.txt,5,6.961999893,ACO,2208.000000000,1870.000000000,5,0
cubic_2100.txt,5,7.848999977,ACO,1869.000000000,1869.000000000,5,1
cubic_2100.txt,5,8.712999821,ACO,1878.000000000,1869.000000000,5,0
cubic_2100.txt,5,9.503000021,HHO,1860.000000000,1860.000000000,5,1
cubic_2100.txt,5,9.566999912,ACO,1855.000000000,1855.000000000,5,1
cubic_2100.txt,5,10.448999882,ACO,1863.000000000,1855.000000000,5,0
cubic_2100.txt,5,12.363999844,ACO,1850.000000000,1850.000000000,5,1
cubic_2100.txt,5,13.253999949,ACO,1867.000000000,1850.000000000,5,0
cubic_2100.txt,5,17.565999985,ACO,1866.000000000,1850.000000000,5,0
cubic_2100.txt,5,21.405999899,HHO,1844.000000000,1844.000000000,5,1
cubic_2100.txt,5,23.605000019,ACO,1862.000000000,1844.000000000,5,0
cubic_2100.txt,5,24.513000011,ACO,1861.000000000,1844.000000000,5,0
cubic_2100.txt,5,27.215999842,ACO,1834.000000000,1834.000000000,5,1
cubic_2100.txt,5,27.288999796,HHO,1852.000000000,1834.000000000,5,0
cubic_2100.txt,5,30.951999903,ACO,1854.000000000,1834.000000000,5,0
cubic_2100.txt,5,37.751999855,ACO,1848.000000000,1834.000000000,5,0
cubic_2100.txt,5,41.293999910,ACO,1838.000000000,1834.000000000,5,0
cubic_2100.txt,5,42.192999840,ACO,1842.000000000,1834.000000000,5,0
cubic_2100.txt,5,44.973999977,ACO,1847.000000000,1834.000000000,5,0
cubic_2100.txt,5,45.850999832,ACO,1846.000000000,1834.000000000,5,0
cubic_2100.txt,6,0.003999949,RVNS,2345.000000000,2345.000000000,1,1
cubic_2100.txt,6,0.006000042,Tabu Search,2326.000000000,2326.000000000,2,1
cubic_2100.txt,6,0.010999918,Tabu Search,2323.000000000,2323.000000000,3,1
cubic_2100.txt,6,0.010999918,RVNS,2321.000000000,2321.000000000,4,1
cubic_2100.txt,6,0.014999866,RVNS,2346.000000000,2321.000000000,5,0
cubic_2100.txt,6,0.016999960,RVNS,2343.000000000,2321.000000000,5,0
cubic_2100.txt,6,0.017999887,Tabu Search,2320.000000000,2320.000000000,5,1
cubic_2100.txt,6,0.020999908,Tabu Search,2325.000000000,2320.000000000,5,0
cubic_2100.txt,6,0.021999836,RVNS,2322.000000000,2320.000000000,5,0
cubic_2100.txt,6,0.034999847,RVNS,2319.000000000,2319.000000000,5,1
cubic_2100.txt,6,0.053999901,Tabu Search,2318.000000000,2318.000000000,5,1
cubic_2100.txt,6,0.077999830,RVNS,2317.000000000,2317.000000000,5,1
cubic_2100.txt,6,1.248999834,ACO,2273.000000000,2273.000000000,5,1
cubic_2100.txt,6,2.256999969,ACO,2249.000000000,2249.000000000,5,1
cubic_2100.txt,6,3.271999836,ACO,2259.000000000,2249.000000000,5,0
cubic_2100.txt,6,4.398999929,ACO,2256.000000000,2249.000000000,5,0
cubic_2100.txt,6,5.030999899,HHO,1872.000000000,1872.000000000,5,1
cubic_2100.txt,6,5.369999886,ACO,2240.000000000,1872.000000000,5,0
cubic_2100.txt,6,6.279999971,ACO,1877.000000000,1872.000000000,5,0
cubic_2100.txt,6,7.168999910,ACO,1865.000000000,1865.000000000,5,1
cubic_2100.txt,6,8.055999994,ACO,1878.000000000,1865.000000000,5,0
cubic_2100.txt,6,9.044999838,ACO,1851.000000000,1851.000000000,5,1
cubic_2100.txt,6,9.878999949,HHO,1866.000000000,1851.000000000,5,0
cubic_2100.txt,6,10.030999899,ACO,1849.000000000,1849.000000000,5,1
cubic_2100.txt,6,10.924000025,ACO,1870.000000000,1849.000000000,5,0
cubic_2100.txt,6,11.803999901,ACO,1861.000000000,1849.000000000,5,0
cubic_2100.txt,6,24.199999809,ACO,1857.000000000,1849.000000000,5,0
cubic_2100.txt,6,25.101999998,ACO,1836.000000000,1836.000000000,5,1
cubic_2100.txt,6,25.987999916,ACO,1856.000000000,1836.000000000,5,0
cubic_2100.txt,6,27.958999872,ACO,1848.000000000,1836.000000000,5,0
cubic_2100.txt,6,28.855000019,ACO,1850.000000000,1836.000000000,5,0
cubic_2100.txt,6,29.738999844,ACO,1842.000000000,1836.000000000,5,0
cubic_2100.txt,6,41.858000040,ACO,1846.000000000,1836.000000000,5,0
cubic_2100.txt,7,0.004999876,Tabu Search,2324.000000000,2324.000000000,1,1
cubic_2100.txt,7,0.006000042,RVNS,2366.000000000,2324.000000000,2,0
cubic_2100.txt,7,0.006999969,Tabu Search,2329.000000000,2324.000000000,3,0
cubic_2100.txt,7,0.009999990,Tabu Search,2333.000000000,2324.000000000,4,0
cubic_2100.txt,7,0.011999846,RVNS,2371.000000000,2324.000000000,5,0
cubic_2100.txt,7,0.013000011,Tabu Search,2327.000000000,2324.000000000,5,0
cubic_2100.txt,7,0.013999939,RVNS,2332.000000000,2324.000000000,5,0
cubic_2100.txt,7,0.016999960,Tabu Search,2328.000000000,2324.000000000,5,0
cubic_2100.txt,7,0.016999960,RVNS,2331.000000000,2324.000000000,5,0
cubic_2100.txt,7,0.019999981,Tabu Search,2326.000000000,2324.000000000,5,0
cubic_2100.txt,7,0.027999878,RVNS,2325.000000000,2324.000000000,5,0
cubic_2100.txt,7,0.042000055,Tabu Search,2323.000000000,2323.000000000,5,1
cubic_2100.txt,7,0.075000048,RVNS,2322.000000000,2322.000000000,5,1
cubic_2100.txt,7,0.103999853,RVNS,2320.000000000,2320.000000000,5,1
cubic_2100.txt,7,0.134999990,Tabu Search,2321.000000000,2320.000000000,5,0
cubic_2100.txt,7,1.228999853,ACO,2277.000000000,2277.000000000,5,1
cubic_2100.txt,7,2.348000050,ACO,2266.000000000,2266.000000000,5,1
cubic_2100.txt,7,3.501999855,ACO,2247.000000000,2247.000000000,5,1
cubic_2100.txt,7,4.498999834,ACO,2250.000000000,2247.000000000,5,0
cubic_2100.txt,7,5.220000029,HHO,1871.000000000,1871.000000000,5,1
cubic_2100.txt,7,5.398000002,ACO,2235.000000000,1871.000000000,5,0
cubic_2100.txt,7,6.269000053,ACO,2239.000000000,1871.000000000,5,0
cubic_2100.txt,7,7.157000065,ACO,2215.000000000,1871.000000000,5,0
cubic_2100.txt,7,8.095000029,ACO,2217.000000000,1871.000000000,5,0
cubic_2100.txt,7,9.036000013,ACO,2223.000000000,1871.000000000,5,0
cubic_2100.txt,7,9.882999897,HHO,1884.000000000,1871.000000000,5,0
cubic_2100.txt,7,9.912999868,ACO,2186.000000000,1871.000000000,5,0
cubic_2100.txt,7,10.782000065,ACO,2189.000000000,1871.000000000,5,0
cubic_2100.txt,7,11.668999910,ACO,2190.000000000,1871.000000000,5,0
cubic_2100.txt,7,14.917000055,HHO,1880.000000000,1871.000000000,5,0
cubic_2100.txt,7,15.267999887,ACO,2188.000000000,1871.000000000,5,0
cubic_2100.txt,7,16.149999857,ACO,2182.000000000,1871.000000000,5,0
cubic_2100.txt,7,19.967999935,ACO,1869.000000000,1869.000000000,5,1
cubic_2100.txt,7,20.623999834,HHO,1863.000000000,1863.000000000,5,1
cubic_2100.txt,7,20.891000032,ACO,1882.000000000,1863.000000000,5,0
cubic_2100.txt,7,21.767999887,ACO,1868.000000000,1863.000000000,5,0
cubic_2100.txt,7,22.652999878,ACO,1875.000000000,1863.000000000,5,0
cubic_2100.txt,7,23.567999840,ACO,1859.000000000,1859.000000000,5,1
cubic_2100.txt,7,25.746999979,ACO,1865.000000000,1859.000000000,5,0
cubic_2100.txt,7,26.792999983,HHO,1860.000000000,1859.000000000,5,0
cubic_2100.txt,7,27.763999939,ACO,1861.000000000,1859.000000000,5,0
cubic_2100.txt,7,31.657999992,ACO,1853.000000000,1853.000000000,5,1
cubic_2100.txt,7,33.757999897,ACO,1856.000000000,1853.000000000,5,0
cubic_2100.txt,7,34.657999992,ACO,1837.000000000,1837.000000000,5,1
cubic_2100.txt,7,35.657000065,ACO,1841.000000000,1837.000000000,5,0
cubic_2100.txt,7,36.567999840,ACO,1857.000000000,1837.000000000,5,0
cubic_2100.txt,7,37.461999893,ACO,1843.000000000,1837.000000000,5,0
cubic_2100.txt,7,38.372999907,ACO,1850.000000000,1837.000000000,5,0
cubic_2100.txt,7,39.253999949,ACO,1842.000000000,1837.000000000,5,0
cubic_2100.txt,7,40.145999908,ACO,1830.000000000,1830.000000000,5,1
cubic_2100.txt,8,0.006000042,Tabu Search,2332.000000000,2332.000000000,1,1
cubic_2100.txt,8,0.006000042,RVNS,2336.000000000,2332.000000000,2,0
cubic_2100.txt,8,0.009000063,Tabu Search,2334.000000000,2332.000000000,3,0
cubic_2100.txt,8,0.009000063,RVNS,2335.000000000,2332.000000000,4,0
cubic_2100.txt,8,0.010999918,Tabu Search,2333.000000000,2332.000000000,5,0
cubic_2100.txt,8,0.017999887,RVNS,2331.000000000,2331.000000000,5,1
cubic_2100.txt,8,0.026000023,Tabu Search,2327.000000000,2327.000000000,5,1
cubic_2100.txt,8,0.026999950,RVNS,2330.000000000,2327.000000000,5,0
cubic_2100.txt,8,0.050999880,Tabu Search,2329.000000000,2327.000000000,5,0
cubic_2100.txt,8,0.073999882,RVNS,2326.000000000,2326.000000000,5,1
cubic_2100.txt,8,0.092000008,RVNS,2328.000000000,2326.000000000,5,0
cubic_2100.txt,8,0.108999968,RVNS,2324.000000000,2324.000000000,5,1
cubic_2100.txt,8,1.474999905,ACO,2266.000000000,2266.000000000,5,1
cubic_2100.txt,8,2.694999933,ACO,2253.000000000,2253.000000000,5,1
cubic_2100.txt,8,4.739000082,ACO,2252.000000000,2252.000000000,5,1
cubic_2100.txt,8,5.282999992,HHO,1859.000000000,1859.000000000,5,1
cubic_2100.txt,8,5.645999908,ACO,2229.000000000,1859.000000000,5,0
cubic_2100.txt,8,6.519999981,ACO,2227.000000000,1859.000000000,5,0
cubic_2100.txt,8,7.470999956,ACO,1869.000000000,1859.000000000,5,0
cubic_2100.txt,8,8.339999914,ACO,1874.000000000,1859.000000000,5,0
cubic_2100.txt,8,9.234999895,ACO,1849.000000000,1849.000000000,5,1
cubic_2100.txt,8,9.713999987,HHO,1860.000000000,1849.000000000,5,0
cubic_2100.txt,8,10.152999878,ACO,1856.000000000,1849.000000000,5,0
cubic_2100.txt,8,11.029000044,ACO,1841.000000000,1841.000000000,5,1
cubic_2100.txt,8,11.961999893,ACO,1848.000000000,1841.000000000,5,0
cubic_2100.txt,8,12.917999983,ACO,1850.000000000,1841.000000000,5,0
cubic_2100.txt,8,15.641999960,ACO,1855.000000000,1841.000000000,5,0
cubic_2100.txt,8,21.693000078,ACO,1847.000000000,1841.000000000,5,0
cubic_2100.txt,8,23.615000010,ACO,1835.000000000,1835.000000000,5,1
cubic_2100.txt,8,26.217999935,ACO,1839.000000000,1835.000000000,5,0
cubic_2100.txt,8,29.194000006,ACO,1846.000000000,1835.000000000,5,0
cubic_2100.txt,8,32.160000086,ACO,1843.000000000,1835.000000000,5,0
cubic_2100.txt,8,33.142999887,ACO,1845.000000000,1835.000000000,5,0
cubic_2100.txt,8,35.019999981,ACO,1838.000000000,1835.000000000,5,0
cubic_2100.txt,8,36.822000027,ACO,1830.000000000,1830.000000000,5,1
cubic_2100.txt,8,40.606999874,ACO,1829.000000000,1829.000000000,5,1
cubic_2100.txt,9,0.006000042,Tabu Search,2363.000000000,2363.000000000,1,1
cubic_2100.txt,9,0.006999969,RVNS,2303.000000000,2303.000000000,2,1
cubic_2100.txt,9,0.008000135,Tabu Search,2364.000000000,2303.000000000,3,0
cubic_2100.txt,9,0.011000156,RVNS,2362.000000000,2303.000000000,4,0
cubic_2100.txt,9,0.015000105,Tabu Search,2305.000000000,2303.000000000,5,0
cubic_2100.txt,9,0.019000053,Tabu Search,2311.000000000,2303.000000000,5,0
cubic_2100.txt,9,0.022000074,Tabu Search,2307.000000000,2303.000000000,5,0
cubic_2100.txt,9,0.032000065,RVNS,2308.000000000,2303.000000000,5,0
cubic_2100.txt,9,0.032000065,Tabu Search,2302.000000000,2302.000000000,5,1
cubic_2100.txt,9,0.037000179,RVNS,2306.000000000,2302.000000000,5,0
cubic_2100.txt,9,0.057000160,RVNS,2300.000000000,2300.000000000,5,1
cubic_2100.txt,9,0.074000120,Tabu Search,2298.000000000,2298.000000000,5,1
cubic_2100.txt,9,0.081000090,RVNS,2304.000000000,2298.000000000,5,0
cubic_2100.txt,9,0.179000139,Tabu Search,2299.000000000,2298.000000000,5,0
cubic_2100.txt,9,0.225000143,RVNS,2301.000000000,2298.000000000,5,0
cubic_2100.txt,9,1.607000113,ACO,2279.000000000,2279.000000000,5,1
cubic_2100.txt,9,2.581000090,ACO,2263.000000000,2263.000000000,5,1
cubic_2100.txt,9,3.565999985,ACO,2231.000000000,2231.000000000,5,1
cubic_2100.txt,9,4.674999952,ACO,2230.000000000,2230.000000000,5,1
cubic_2100.txt,9,5.292000055,HHO,1886.000000000,1886.000000000,5,1
cubic_2100.txt,9,5.555000067,ACO,2219.000000000,1886.000000000,5,0
cubic_2100.txt,9,6.427000046,ACO,2220.000000000,1886.000000000,5,0
cubic_2100.txt,9,8.189000130,ACO,2222.000000000,1886.000000000,5,0
cubic_2100.txt,9,9.940000057,HHO,1867.000000000,1867.000000000,5,1
cubic_2100.txt,9,10.901999950,ACO,2197.000000000,1867.000000000,5,0
cubic_2100.txt,9,11.762000084,ACO,1861.000000000,1861.000000000,5,1
cubic_2100.txt,9,12.677000046,ACO,1885.000000000,1861.000000000,5,0
cubic_2100.txt,9,13.802000046,ACO,1889.000000000,1861.000000000,5,0
cubic_2100.txt,9,16.025000095,ACO,1873.000000000,1861.000000000,5,0
cubic_2100.txt,9,17.196000099,ACO,1881.000000000,1861.000000000,5,0
cubic_2100.txt,9,19.299000025,ACO,1864.000000000,1861.000000000,5,0
cubic_2100.txt,9,20.272000074,ACO,1872.000000000,1861.000000000,5,0
cubic_2100.txt,9,21.173000097,ACO,1859.000000000,1859.000000000,5,1
cubic_2100.txt,9,22.969000101,ACO,1855.000000000,1855.000000000,5,1
cubic_2100.txt,9,23.854000092,ACO,1842.000000000,1842.000000000,5,1
cubic_2100.txt,9,27.657999992,ACO,1857.000000000,1842.000000000,5,0
cubic_2100.txt,9,28.521000147,ACO,1843.000000000,1842.000000000,5,0
cubic_2100.txt,9,29.391999960,ACO,1858.000000000,1842.000000000,5,0
cubic_2100.txt,9,30.539999962,ACO,1849.000000000,1842.000000000,5,0
cubic_2100.txt,9,31.625000000,ACO,1832.000000000,1832.000000000,5,1
cubic_2100.txt,9,33.557000160,ACO,1850.000000000,1832.000000000,5,0
cubic_2100.txt,9,35.433000088,ACO,1834.000000000,1832.000000000,5,0
cubic_2100.txt,9,39.924000025,ACO,1841.000000000,1832.000000000,5,0
cubic_2100.txt,10,0.006999969,RVNS,2342.000000000,2342.000000000,1,1
cubic_2100.txt,10,0.008000135,Tabu Search,2389.000000000,2342.000000000,2,0
cubic_2100.txt,10,0.010999918,RVNS,2341.000000000,2341.000000000,3,1
cubic_2100.txt,10,0.012000084,Tabu Search,2339.000000000,2339.000000000,4,1
cubic_2100.txt,10,0.015000105,RVNS,2386.000000000,2339.000000000,5,0
cubic_2100.txt,10,0.016999960,Tabu Search,2338.000000000,2338.000000000,5,1
cubic_2100.txt,10,0.019000053,RVNS,2343.000000000,2338.000000000,5,0
cubic_2100.txt,10,0.022000074,Tabu Search,2340.000000000,2338.000000000,5,0
cubic_2100.txt,10,0.044000149,Tabu Search,2336.000000000,2336.000000000,5,1
cubic_2100.txt,10,0.055000067,Tabu Search,2337.000000000,2336.000000000,5,0
cubic_2100.txt,10,0.121000051,Tabu Search,2335.000000000,2335.000000000,5,1
cubic_2100.txt,10,1.384000063,ACO,2273.000000000,2273.000000000,5,1
cubic_2100.txt,10,2.282999992,ACO,2259.000000000,2259.000000000,5,1
cubic_2100.txt,10,3.158999920,ACO,2249.000000000,2249.000000000,5,1
cubic_2100.txt,10,4.111999989,ACO,2250.000000000,2249.000000000,5,0
cubic_2100.txt,10,4.815999985,HHO,1866.000000000,1866.000000000,5,1
cubic_2100.txt,10,5.062000036,ACO,2253.000000000,1866.000000000,5,0
cubic_2100.txt,10,5.944000006,ACO,2241.000000000,1866.000000000,5,0
cubic_2100.txt,10,6.825999975,ACO,2230.000000000,1866.000000000,5,0
cubic_2100.txt,10,7.710999966,ACO,2232.000000000,1866.000000000,5,0
cubic_2100.txt,10,8.585999966,ACO,2218.000000000,1866.000000000,5,0
cubic_2100.txt,10,9.230000019,HHO,1847.000000000,1847.000000000,5,1
cubic_2100.txt,10,9.470999956,ACO,2213.000000000,1847.000000000,5,0
cubic_2100.txt,10,10.331000090,ACO,1840.000000000,1840.000000000,5,1
cubic_2100.txt,10,11.268000126,ACO,1875.000000000,1840.000000000,5,0
cubic_2100.txt,10,12.143000126,ACO,1841.000000000,1840.000000000,5,0
cubic_2100.txt,10,13.347000122,ACO,1862.000000000,1840.000000000,5,0
cubic_2100.txt,10,14.483000040,ACO,1848.000000000,1840.000000000,5,0
cubic_2100.txt,10,14.893000126,HHO,1842.000000000,1840.000000000,5,0
cubic_2100.txt,10,20.342999935,HHO,1846.000000000,1840.000000000,5,0
cubic_2100.txt,10,40.161999941,ACO,1843.000000000,1840.000000000,5,0
cubic_2100.txt,10,44.091000080,ACO,1836.000000000,1836.000000000,5,1
cubic_2100.txt,10,45.979000092,ACO,1839.000000000,1836.000000000,5,0
cubic_2200.txt,1,0.006000042,Tabu Search,2496.000000000,2496.000000000,1,1
cubic_2200.txt,1,0.006999969,RVNS,2468.000000000,2468.000000000,2,1
cubic_2200.txt,1,0.007999897,Tabu Search,2495.000000000,2468.000000000,3,0
cubic_2200.txt,1,0.009999990,Tabu Search,2466.000000000,2466.000000000,4,1
cubic_2200.txt,1,0.013999939,RVNS,2498.000000000,2466.000000000,5,0
cubic_2200.txt,1,0.013999939,Tabu Search,2458.000000000,2458.000000000,5,1
cubic_2200.txt,1,0.019000053,RVNS,2460.000000000,2458.000000000,5,0
cubic_2200.txt,1,0.023999929,RVNS,2469.000000000,2458.000000000,5,0
cubic_2200.txt,1,0.024999857,Tabu Search,2461.000000000,2458.000000000,5,0
cubic_2200.txt,1,0.026000023,RVNS,2464.000000000,2458.000000000,5,0
cubic_2200.txt,1,0.026999950,Tabu Search,2465.000000000,2458.000000000,5,0
cubic_2200.txt,1,0.032999992,RVNS,2462.000000000,2458.000000000,5,0
cubic_2200.txt,1,0.046999931,Tabu Search,2463.000000000,2458.000000000,5,0
cubic_2200.txt,1,0.080999851,RVNS,2459.000000000,2458.000000000,5,0
cubic_2200.txt,1,0.083999872,Tabu Search,2457.000000000,2457.000000000,5,1
cubic_2200.txt,1,0.115000010,RVNS,2456.000000000,2456.000000000,5,1
cubic_2200.txt,1,0.223000050,RVNS,2454.000000000,2454.000000000,5,1
cubic_2200.txt,1,1.567999840,ACO,2376.000000000,2376.000000000,5,1
cubic_2200.txt,1,2.480999947,ACO,2371.000000000,2371.000000000,5,1
cubic_2200.txt,1,3.371999979,ACO,2366.000000000,2366.000000000,5,1
cubic_2200.txt,1,4.250000000,ACO,2346.000000000,2346.000000000,5,1
cubic_2200.txt,1,5.036000013,HHO,1950.000000000,1950.000000000,5,1
cubic_2200.txt,1,5.197000027,ACO,2339.000000000,1950.000000000,5,0
cubic_2200.txt,1,6.161000013,ACO,2336.000000000,1950.000000000,5,0
cubic_2200.txt,1,7.098999977,ACO,1982.000000000,1950.000000000,5,0
cubic_2200.txt,1,7.971999884,ACO,1957.000000000,1950.000000000,5,0
cubic_2200.txt,1,8.849999905,ACO,1943.000000000,1943.000000000,5,1
cubic_2200.txt,1,9.744999886,ACO,1959.000000000,1943.000000000,5,0
cubic_2200.txt,1,9.766000032,HHO,1972.000000000,1943.000000000,5,0
cubic_2200.txt,1,10.671000004,ACO,1968.000000000,1943.000000000,5,0
cubic_2200.txt,1,12.806999922,ACO,1965.000000000,1943.000000000,5,0
cubic_2200.txt,1,15.631999969,HHO,1960.000000000,1943.000000000,5,0
cubic_2200.txt,1,16.067999840,ACO,1958.000000000,1943.000000000,5,0
cubic_2200.txt,1,18.009000063,ACO,1928.000000000,1928.000000000,5,1
cubic_2200.txt,1,20.805999994,ACO,1945.000000000,1928.000000000,5,0
cubic_2200.txt,1,22.705999851,ACO,1930.000000000,1928.000000000,5,0
cubic_2200.txt,1,24.677999973,ACO,1942.000000000,1928.000000000,5,0
cubic_2200.txt,1,26.582000017,ACO,1940.000000000,1928.000000000,5,0
cubic_2200.txt,1,30.713999987,ACO,1941.000000000,1928.000000000,5,0
cubic_2200.txt,1,33.592999935,ACO,1939.000000000,1928.000000000,5,0
cubic_2200.txt,1,35.395999908,ACO,1919.000000000,1919.000000000,5,1
cubic_2200.txt,1,37.217999935,ACO,1929.000000000,1919.000000000,5,0
cubic_2200.txt,1,38.167999983,ACO,1933.000000000,1919.000000000,5,0
cubic_2200.txt,1,40.930999994,ACO,1927.000000000,1919.000000000,5,0
cubic_2200.txt,2,0.006000042,Tabu Search,2435.000000000,2435.000000000,1,1
cubic_2200.txt,2,0.006999969,RVNS,2417.000000000,2417.000000000,2,1
cubic_2200.txt,2,0.009000063,Tabu Search,2421.000000000,2417.000000000,3,0
cubic_2200.txt,2,0.009999990,RVNS,2427.000000000,2417.000000000,4,0
cubic_2200.txt,2,0.012000084,Tabu Search,2416.000000000,2416.000000000,5,1
cubic_2200.txt,2,0.013000011,RVNS,2425.000000000,2416.000000000,5,0
cubic_2200.txt,2,0.014999866,Tabu Search,2418.000000000,2416.000000000,5,0
cubic_2200.txt,2,0.017999887,Tabu Search,2415.000000000,2415.000000000,5,1
cubic_2200.txt,2,0.022000074,RVNS,2419.000000000,2415.000000000,5,0
cubic_2200.txt,2,0.035000086,RVNS,2414.000000000,2414.000000000,5,1
cubic_2200.txt,2,0.039999962,Tabu Search,2412.000000000,2412.000000000,5,1
cubic_2200.txt,2,0.043999910,Tabu Search,2413.000000000,2412.000000000,5,0
cubic_2200.txt,2,0.076999903,RVNS,2408.000000000,2408.000000000,5,1
cubic_2200.txt,2,0.082000017,Tabu Search,2410.000000000,2408.000000000,5,0
cubic_2200.txt,2,0.108999968,Tabu Search,2411.000000000,2408.000000000,5,0
cubic_2200.txt,2,1.270999908,ACO,2348.000000000,2348.000000000,5,1
cubic_2200.txt,2,2.444999933,ACO,2353.000000000,2348.000000000,5,0
cubic_2200.txt,2,3.331000090,ACO,2350.000000000,2348.000000000,5,0
cubic_2200.txt,2,5.092000008,HHO,1935.000000000,1935.000000000,5,1
cubic_2200.txt,2,5.246999979,ACO,2351.000000000,1935.000000000,5,0
cubic_2200.txt,2,6.164000034,ACO,2337.000000000,1935.000000000,5,0
cubic_2200.txt,2,7.190000057,ACO,2336.000000000,1935.000000000,5,0
cubic_2200.txt,2,8.125000000,ACO,2338.000000000,1935.000000000,5,0
cubic_2200.txt,2,9.059000015,ACO,2329.000000000,1935.000000000,5,0
cubic_2200.txt,2,10.223999977,ACO,2306.000000000,1935.000000000,5,0
cubic_2200.txt,2,10.342999935,HHO,1952.000000000,1935.000000000,5,0
cubic_2200.txt,2,11.247999907,ACO,2312.000000000,1935.000000000,5,0
cubic_2200.txt,2,12.401000023,ACO,1948.000000000,1935.000000000,5,0
cubic_2200.txt,2,13.430999994,ACO,1946.000000000,1935.000000000,5,0
cubic_2200.txt,2,14.356999874,ACO,1940.000000000,1935.000000000,5,0
cubic_2200.txt,2,17.109999895,ACO,1932.000000000,1932.000000000,5,1
cubic_2200.txt,2,18.088000059,ACO,1943.000000000,1932.000000000,5,0
cubic_2200.txt,2,21.700999975,HHO,1945.000000000,1932.000000000,5,0
cubic_2200.txt,2,22.718999863,ACO,1938.000000000,1932.000000000,5,0
cubic_2200.txt,2,23.677999973,ACO,1936.000000000,1932.000000000,5,0
cubic_2200.txt,2,28.638000011,ACO,1928.000000000,1928.000000000,5,1
cubic_2200.txt,2,37.009000063,ACO,1937.000000000,1928.000000000,5,0
cubic_2200.txt,2,46.585999966,ACO,1933.000000000,1928.000000000,5,0
cubic_2200.txt,3,0.006999969,RVNS,2439.000000000,2439.000000000,1,1
cubic_2200.txt,3,0.006999969,Tabu Search,2426.000000000,2426.000000000,2,1
cubic_2200.txt,3,0.010999918,Tabu Search,2423.000000000,2423.000000000,3,1
cubic_2200.txt,3,0.014999866,RVNS,2435.000000000,2423.000000000,4,0
cubic_2200.txt,3,0.016000032,Tabu Search,2419.000000000,2419.000000000,5,1
cubic_2200.txt,3,0.019000053,Tabu Search,2420.000000000,2419.000000000,5,0
cubic_2200.txt,3,0.022000074,Tabu Search,2422.000000000,2419.000000000,5,0
cubic_2200.txt,3,0.023000002,RVNS,2424.000000000,2419.000000000,5,0
cubic_2200.txt,3,0.043999910,Tabu Search,2421.000000000,2419.000000000,5,0
cubic_2200.txt,3,0.072999954,RVNS,2417.000000000,2417.000000000,5,1
cubic_2200.txt,3,0.075000048,Tabu Search,2418.000000000,2417.000000000,5,0
cubic_2200.txt,3,0.124000072,RVNS,2415.000000000,2415.000000000,5,1
cubic_2200.txt,3,1.269000053,ACO,2375.000000000,2375.000000000,5,1
cubic_2200.txt,3,2.316999912,ACO,2374.000000000,2374.000000000,5,1
cubic_2200.txt,3,3.243000031,ACO,2373.000000000,2373.000000000,5,1
cubic_2200.txt,3,4.118999958,ACO,2366.000000000,2366.000000000,5,1
cubic_2200.txt,3,4.917000055,HHO,1934.000000000,1934.000000000,5,1
cubic_2200.txt,3,5.026999950,ACO,2343.000000000,1934.000000000,5,0
cubic_2200.txt,3,6.372999907,ACO,2333.000000000,1934.000000000,5,0
cubic_2200.txt,3,7.621999979,ACO,2338.000000000,1934.000000000,5,0
cubic_2200.txt,3,8.537999868,ACO,2332.000000000,1934.000000000,5,0
cubic_2200.txt,3,9.536999941,ACO,2321.000000000,1934.000000000,5,0
cubic_2200.txt,3,10.773999929,ACO,2323.000000000,1934.000000000,5,0
cubic_2200.txt,3,11.137000084,HHO,1957.000000000,1934.000000000,5,0
cubic_2200.txt,3,11.907999992,ACO,2324.000000000,1934.000000000,5,0
cubic_2200.txt,3,12.940000057,ACO,2320.000000000,1934.000000000,5,0
cubic_2200.txt,3,13.792000055,ACO,1956.000000000,1934.000000000,5,0
cubic_2200.txt,3,15.575000048,ACO,1938.000000000,1934.000000000,5,0
cubic_2200.txt,3,16.489000082,HHO,1984.000000000,1934.000000000,5,0
cubic_2200.txt,3,18.736000061,ACO,1968.000000000,1934.000000000,5,0
cubic_2200.txt,3,19.641999960,ACO,1958.000000000,1934.000000000,5,0
cubic_2200.txt,3,23.629999876,ACO,1949.000000000,1934.000000000,5,0
cubic_2200.txt,3,24.667999983,ACO,1950.000000000,1934.000000000,5,0
cubic_2200.txt,3,25.687000036,ACO,1929.000000000,1929.000000000,5,1
cubic_2200.txt,3,29.230999947,HHO,1944.000000000,1929.000000000,5,0
cubic_2200.txt,3,29.433000088,ACO,1946.000000000,1929.000000000,5,0
cubic_2200.txt,3,32.108999968,ACO,1941.000000000,1929.000000000,5,0
cubic_2200.txt,3,36.828999996,ACO,1943.000000000,1929.000000000,5,0
cubic_2200.txt,3,42.802000046,ACO,1940.000000000,1929.000000000,5,0
cubic_2200.txt,3,43.685999870,ACO,1939.000000000,1929.000000000,5,0
cubic_2200.txt,3,47.486000061,ACO,1932.000000000,1929.000000000,5,0
cubic_2200.txt,3,48.364000082,ACO,1931.000000000,1929.000000000,5,0
cubic_2200.txt,4,0.006000042,RVNS,2437.000000000,2437.000000000,1,1
cubic_2200.txt,4,0.006999969,Tabu Search,2486.000000000,2437.000000000,2,0
cubic_2200.txt,4,0.011000156,Tabu Search,2432.000000000,2432.000000000,3,1
cubic_2200.txt,4,0.011000156,RVNS,2487.000000000,2432.000000000,4,0
cubic_2200.txt,4,0.013000011,Tabu Search,2435.000000000,2432.000000000,5,0
cubic_2200.txt,4,0.013999939,RVNS,2429.000000000,2429.000000000,5,1
cubic_2200.txt,4,0.016000032,Tabu Search,2434.000000000,2429.000000000,5,0
cubic_2200.txt,4,0.021000147,RVNS,2424.000000000,2424.000000000,5,1
cubic_2200.txt,4,0.026999950,Tabu Search,2425.000000000,2424.000000000,5,0
cubic_2200.txt,4,0.029000044,Tabu Search,2430.000000000,2424.000000000,5,0
cubic_2200.txt,4,0.041000128,RVNS,2427.000000000,2424.000000000,5,0
cubic_2200.txt,4,0.051000118,Tabu Search,2426.000000000,2424.000000000,5,0
cubic_2200.txt,4,0.057000160,RVNS,2428.000000000,2424.000000000,5,0
cubic_2200.txt,4,0.144000053,RVNS,2422.000000000,2422.000000000,5,1
cubic_2200.txt,4,1.276000023,ACO,2386.000000000,2386.000000000,5,1
cubic_2200.txt,4,2.289000034,ACO,2372.000000000,2372.000000000,5,1
cubic_2200.txt,4,3.217999935,ACO,2360.000000000,2360.000000000,5,1
cubic_2200.txt,4,4.240999937,ACO,2350.000000000,2350.000000000,5,1
cubic_2200.txt,4,4.957000017,HHO,1962.000000000,1962.000000000,5,1
cubic_2200.txt,4,5.223999977,ACO,2340.000000000,1962.000000000,5,0
cubic_2200.txt,4,6.200999975,ACO,1951.000000000,1951.000000000,5,1
cubic_2200.txt,4,7.308000088,ACO,1950.000000000,1950.000000000,5,1
cubic_2200.txt,4,8.230000019,ACO,1957.000000000,1950.000000000,5,0
cubic_2200.txt,4,9.141000032,ACO,1966.000000000,1950.000000000,5,0
cubic_2200.txt,4,9.923000097,HHO,1956.000000000,1950.000000000,5,0
cubic_2200.txt,4,10.949000120,ACO,1949.000000000,1949.000000000,5,1
cubic_2200.txt,4,11.901999950,ACO,1952.000000000,1949.000000000,5,0
cubic_2200.txt,4,13.805999994,ACO,1938.000000000,1938.000000000,5,1
cubic_2200.txt,4,16.562000036,ACO,1940.000000000,1938.000000000,5,0
cubic_2200.txt,4,21.712000132,ACO,1942.000000000,1938.000000000,5,0
cubic_2200.txt,4,22.713000059,ACO,1928.000000000,1928.000000000,5,1
cubic_2200.txt,4,24.617000103,ACO,1943.000000000,1928.000000000,5,0
cubic_2200.txt,4,27.308000088,ACO,1934.000000000,1928.000000000,5,0
cubic_2200.txt,4,28.268000126,ACO,1936.000000000,1928.000000000,5,0
cubic_2200.txt,4,29.209000111,ACO,1925.000000000,1925.000000000,5,1
cubic_2200.txt,4,31.036000013,ACO,1924.000000000,1924.000000000,5,1
cubic_2200.txt,4,31.967999935,ACO,1932.000000000,1924.000000000,5,0
cubic_2200.txt,4,35.171000004,ACO,1918.000000000,1918.000000000,5,1
cubic_2200.txt,4,40.796999931,ACO,1906.000000000,1906.000000000,5,1
cubic_2200.txt,5,0.004999876,Tabu Search,2441.000000000,2441.000000000,1,1
cubic_2200.txt,5,0.006000042,RVNS,2453.000000000,2441.000000000,2,0
cubic_2200.txt,5,0.007999897,Tabu Search,2442.000000000,2441.000000000,3,0
cubic_2200.txt,5,0.008999825,RVNS,2443.000000000,2441.000000000,4,0
cubic_2200.txt,5,0.010999918,Tabu Search,2444.000000000,2441.000000000,5,0
cubic_2200.txt,5,0.013999939,Tabu Search,2445.000000000,2441.000000000,5,0
cubic_2200.txt,5,0.017999887,Tabu Search,2440.000000000,2440.000000000,5,1
cubic_2200.txt,5,0.017999887,RVNS,2439.000000000,2439.000000000,5,1
cubic_2200.txt,5,0.020999908,RVNS,2434.000000000,2434.000000000,5,1
cubic_2200.txt,5,0.021999836,Tabu Search,2438.000000000,2434.000000000,5,0
cubic_2200.txt,5,0.026000023,RVNS,2437.000000000,2434.000000000,5,0
cubic_2200.txt,5,0.026000023,Tabu Search,2435.000000000,2434.000000000,5,0
cubic_2200.txt,5,0.072999954,RVNS,2436.000000000,2434.000000000,5,0
cubic_2200.txt,5,0.099999905,RVNS,2433.000000000,2433.000000000,5,1
cubic_2200.txt,5,1.417999983,ACO,2384.000000000,2384.000000000,5,1
cubic_2200.txt,5,2.684000015,ACO,2368.000000000,2368.000000000,5,1
cubic_2200.txt,5,3.708999872,ACO,2360.000000000,2360.000000000,5,1
cubic_2200.txt,5,4.691999912,ACO,2364.000000000,2360.000000000,5,0
cubic_2200.txt,5,5.463999987,HHO,1943.000000000,1943.000000000,5,1
cubic_2200.txt,5,5.585000038,ACO,2333.000000000,1943.000000000,5,0
cubic_2200.txt,5,6.490000010,ACO,2342.000000000,1943.000000000,5,0
cubic_2200.txt,5,7.451999903,ACO,2334.000000000,1943.000000000,5,0
cubic_2200.txt,5,8.355000019,ACO,1945.000000000,1943.000000000,5,0
cubic_2200.txt,5,9.240000010,ACO,1942.000000000,1942.000000000,5,1
cubic_2200.txt,5,10.103999853,ACO,1971.000000000,1942.000000000,5,0
cubic_2200.txt,5,10.998999834,ACO,1965.000000000,1942.000000000,5,0
cubic_2200.txt,5,11.935999870,ACO,1951.000000000,1942.000000000,5,0
cubic_2200.txt,5,13.957000017,ACO,1947.000000000,1942.000000000,5,0
cubic_2200.txt,5,14.849999905,ACO,1937.000000000,1937.000000000,5,1
cubic_2200.txt,5,16.947000027,ACO,1941.000000000,1937.000000000,5,0
cubic_2200.txt,5,21.641999960,HHO,1944.000000000,1937.000000000,5,0
cubic_2200.txt,5,21.832999945,ACO,1925.000000000,1925.000000000,5,1
cubic_2200.txt,5,22.720999956,ACO,1932.000000000,1925.000000000,5,0
cubic_2200.txt,5,23.605000019,ACO,1940.000000000,1925.000000000,5,0
cubic_2200.txt,5,25.559999943,ACO,1931.000000000,1925.000000000,5,0
cubic_2200.txt,5,26.444999933,ACO,1939.000000000,1925.000000000,5,0
cubic_2200.txt,5,27.350999832,ACO,1934.000000000,1925.000000000,5,0
cubic_2200.txt,5,29.118999958,ACO,1923.000000000,1923.000000000,5,1
cubic_2200.txt,5,32.121999979,ACO,1927.000000000,1923.000000000,5,0
cubic_2200.txt,5,35.092000008,ACO,1930.000000000,1923.000000000,5,0
cubic_2200.txt,5,36.997999907,ACO,1926.000000000,1923.000000000,5,0
cubic_2200.txt,5,37.881999969,ACO,1929.000000000,1923.000000000,5,0
cubic_2200.txt,5,39.644999981,ACO,1922.000000000,1922.000000000,5,1
cubic_2200.txt,6,0.005000114,Tabu Search,2456.000000000,2456.000000000,1,1
cubic_2200.txt,6,0.006999969,RVNS,2504.000000000,2456.000000000,2,0
cubic_2200.txt,6,0.006999969,Tabu Search,2461.000000000,2456.000000000,3,0
cubic_2200.txt,6,0.009999990,RVNS,2460.000000000,2456.000000000,4,0
cubic_2200.txt,6,0.009999990,Tabu Search,2455.000000000,2455.000000000,5,1
cubic_2200.txt,6,0.015000105,Tabu Search,2458.000000000,2455.000000000,5,0
cubic_2200.txt,6,0.029000044,RVNS,2459.000000000,2455.000000000,5,0
cubic_2200.txt,6,0.035000086,RVNS,2451.000000000,2451.000000000,5,1
cubic_2200.txt,6,0.039999962,Tabu Search,2454.000000000,2451.000000000,5,0
cubic_2200.txt,6,0.049000025,RVNS,2457.000000000,2451.000000000,5,0
cubic_2200.txt,6,0.075000048,Tabu Search,2453.000000000,2451.000000000,5,0
cubic_2200.txt,6,0.250999928,Tabu Search,2450.000000000,2450.000000000,5,1
cubic_2200.txt,6,1.411999941,ACO,2372.000000000,2372.000000000,5,1
cubic_2200.txt,6,2.321000099,ACO,2367.000000000,2367.000000000,5,1
cubic_2200.txt,6,3.223000050,ACO,2362.000000000,2362.000000000,5,1
cubic_2200.txt,6,4.246999979,ACO,2355.000000000,2355.000000000,5,1
cubic_2200.txt,6,4.944000006,HHO,1980.000000000,1980.000000000,5,1
cubic_2200.txt,6,5.248000145,ACO,2341.000000000,1980.000000000,5,0
cubic_2200.txt,6,7.009999990,ACO,2336.000000000,1980.000000000,5,0
cubic_2200.txt,6,7.901999950,ACO,2345.000000000,1980.000000000,5,0
cubic_2200.txt,6,8.827000141,ACO,2326.000000000,1980.000000000,5,0
cubic_2200.txt,6,9.791000128,HHO,1960.000000000,1960.000000000,5,1
cubic_2200.txt,6,9.819000006,ACO,2321.000000000,1960.000000000,5,0
cubic_2200.txt,6,10.704999924,ACO,1954.000000000,1954.000000000,5,1
cubic_2200.txt,6,11.554000139,ACO,1967.000000000,1954.000000000,5,0
cubic_2200.txt,6,12.424999952,ACO,1979.000000000,1954.000000000,5,0
cubic_2200.txt,6,13.407999992,ACO,1950.000000000,1950.000000000,5,1
cubic_2200.txt,6,14.538000107,ACO,1974.000000000,1950.000000000,5,0
cubic_2200.txt,6,18.605999947,ACO,1946.000000000,1946.000000000,5,1
cubic_2200.txt,6,19.551000118,ACO,1944.000000000,1944.000000000,5,1
cubic_2200.txt,6,20.539000034,ACO,1952.000000000,1944.000000000,5,0
cubic_2200.txt,6,22.391000032,ACO,1948.000000000,1944.000000000,5,0
cubic_2200.txt,6,27.225000143,ACO,1938.000000000,1938.000000000,5,1
cubic_2200.txt,6,28.184999943,ACO,1943.000000000,1938.000000000,5,0
cubic_2200.txt,6,29.309000015,ACO,1937.000000000,1937.000000000,5,1
cubic_2200.txt,6,31.429000139,ACO,1934.000000000,1934.000000000,5,1
cubic_2200.txt,6,32.318000078,ACO,1936.000000000,1934.000000000,5,0
cubic_2200.txt,6,34.131000042,ACO,1924.000000000,1924.000000000,5,1
cubic_2200.txt,6,35.041000128,ACO,1932.000000000,1924.000000000,5,0
cubic_2200.txt,6,36.045000076,ACO,1933.000000000,1924.000000000,5,0
cubic_2200.txt,6,37.848000050,ACO,1926.000000000,1924.000000000,5,0
cubic_2200.txt,7,0.005999804,Tabu Search,2447.000000000,2447.000000000,1,1
cubic_2200.txt,7,0.007999897,RVNS,2464.000000000,2447.000000000,2,0
cubic_2200.txt,7,0.008999825,Tabu Search,2444.000000000,2444.000000000,3,1
cubic_2200.txt,7,0.010999918,RVNS,2439.000000000,2439.000000000,4,1
cubic_2200.txt,7,0.012999773,RVNS,2461.000000000,2439.000000000,5,0
cubic_2200.txt,7,0.014999866,RVNS,2451.000000000,2439.000000000,5,0
cubic_2200.txt,7,0.015999794,Tabu Search,2443.000000000,2439.000000000,5,0
cubic_2200.txt,7,0.024999857,RVNS,2445.000000000,2439.000000000,5,0
cubic_2200.txt,7,0.032999992,Tabu Search,2446.000000000,2439.000000000,5,0
cubic_2200.txt,7,0.064999819,Tabu Search,2442.000000000,2439.000000000,5,0
cubic_2200.txt,7,0.103999853,RVNS,2440.000000000,2439.000000000,5,0
cubic_2200.txt,7,0.109999895,Tabu Search,2441.000000000,2439.000000000,5,0
cubic_2200.txt,7,0.117999792,Tabu Search,2437.000000000,2437.000000000,5,1
cubic_2200.txt,7,1.598999977,ACO,2385.000000000,2385.000000000,5,1
cubic_2200.txt,7,2.635999918,ACO,2376.000000000,2376.000000000,5,1
cubic_2200.txt,7,3.511999846,ACO,2372.000000000,2372.000000000,5,1
cubic_2200.txt,7,4.422999859,ACO,2348.000000000,2348.000000000,5,1
cubic_2200.txt,7,5.155999899,HHO,1971.000000000,1971.000000000,5,1
cubic_2200.txt,7,5.355999947,ACO,2341.000000000,1971.000000000,5,0
cubic_2200.txt,7,6.309999943,ACO,2333.000000000,1971.000000000,5,0
cubic_2200.txt,7,7.402999878,ACO,2339.000000000,1971.000000000,5,0
cubic_2200.txt,7,8.302999973,ACO,1932.000000000,1932.000000000,5,1
cubic_2200.txt,7,9.229999781,ACO,1953.000000000,1932.000000000,5,0
cubic_2200.txt,7,10.125000000,ACO,1958.000000000,1932.000000000,5,0
cubic_2200.txt,7,10.260999918,HHO,1964.000000000,1932.000000000,5,0
cubic_2200.txt,7,11.037999868,ACO,1944.000000000,1932.000000000,5,0
cubic_2200.txt,7,13.225999832,ACO,1950.000000000,1932.000000000,5,0
cubic_2200.txt,7,14.221999884,ACO,1946.000000000,1932.000000000,5,0
cubic_2200.txt,7,16.046999931,HHO,1940.000000000,1932.000000000,5,0
cubic_2200.txt,7,20.856999874,ACO,1921.000000000,1921.000000000,5,1
cubic_2200.txt,7,21.774999857,ACO,1938.000000000,1921.000000000,5,0
cubic_2200.txt,7,22.700999975,ACO,1934.000000000,1921.000000000,5,0
cubic_2200.txt,7,25.474999905,ACO,1936.000000000,1921.000000000,5,0
cubic_2200.txt,7,39.654999971,ACO,1930.000000000,1921.000000000,5,0
cubic_2200.txt,7,42.753999949,ACO,1929.000000000,1921.000000000,5,0
cubic_2200.txt,8,0.005000114,Tabu Search,2473.000000000,2473.000000000,1,1
cubic_2200.txt,8,0.007000208,RVNS,2419.000000000,2419.000000000,2,1
cubic_2200.txt,8,0.009000063,Tabu Search,2469.000000000,2419.000000000,3,0
cubic_2200.txt,8,0.011000156,RVNS,2415.000000000,2415.000000000,4,1
cubic_2200.txt,8,0.014000177,Tabu Search,2422.000000000,2415.000000000,5,0
cubic_2200.txt,8,0.015000105,RVNS,2413.000000000,2413.000000000,5,1
cubic_2200.txt,8,0.017000198,RVNS,2420.000000000,2413.000000000,5,0
cubic_2200.txt,8,0.019000053,RVNS,2416.000000000,2413.000000000,5,0
cubic_2200.txt,8,0.024000168,RVNS,2414.000000000,2413.000000000,5,0
cubic_2200.txt,8,0.026000023,Tabu Search,2411.000000000,2411.000000000,5,1
cubic_2200.txt,8,0.032000065,RVNS,2412.000000000,2411.000000000,5,0
cubic_2200.txt,8,1.254000187,ACO,2378.000000000,2378.000000000,5,1
cubic_2200.txt,8,2.153000116,ACO,2357.000000000,2357.000000000,5,1
cubic_2200.txt,8,3.100000143,ACO,2344.000000000,2344.000000000,5,1
cubic_2200.txt,8,4.124000072,ACO,2348.000000000,2344.000000000,5,0
cubic_2200.txt,8,4.910000086,HHO,1960.000000000,1960.000000000,5,1
cubic_2200.txt,8,5.123000145,ACO,2329.000000000,1960.000000000,5,0
cubic_2200.txt,8,6.038000107,ACO,2321.000000000,1960.000000000,5,0
cubic_2200.txt,8,7.019000053,ACO,2322.000000000,1960.000000000,5,0
cubic_2200.txt,8,7.965000153,ACO,2323.000000000,1960.000000000,5,0
cubic_2200.txt,8,9.055000067,ACO,2326.000000000,1960.000000000,5,0
cubic_2200.txt,8,10.144000053,HHO,1966.000000000,1960.000000000,5,0
cubic_2200.txt,8,10.174000025,ACO,1973.000000000,1960.000000000,5,0
cubic_2200.txt,8,11.190000057,ACO,1974.000000000,1960.000000000,5,0
cubic_2200.txt,8,12.099000216,ACO,1956.000000000,1956.000000000,5,1
cubic_2200.txt,8,14.874000072,ACO,1954.000000000,1954.000000000,5,1
cubic_2200.txt,8,15.807000160,ACO,1968.000000000,1954.000000000,5,0
cubic_2200.txt,8,16.705000162,ACO,1964.000000000,1954.000000000,5,0
cubic_2200.txt,8,17.610000134,ACO,1963.000000000,1954.000000000,5,0
cubic_2200.txt,8,18.634000063,ACO,1945.000000000,1945.000000000,5,1
cubic_2200.txt,8,19.541000128,ACO,1962.000000000,1945.000000000,5,0
cubic_2200.txt,8,21.440000057,ACO,1951.000000000,1945.000000000,5,0
cubic_2200.txt,8,24.373000145,ACO,1943.000000000,1943.000000000,5,1
cubic_2200.txt,8,25.474000216,ACO,1932.000000000,1932.000000000,5,1
cubic_2200.txt,8,26.462000132,ACO,1920.000000000,1920.000000000,5,1
cubic_2200.txt,8,28.316000223,ACO,1933.000000000,1920.000000000,5,0
cubic_2200.txt,8,29.190000057,ACO,1926.000000000,1920.000000000,5,0
cubic_2200.txt,8,33.859000206,ACO,1937.000000000,1920.000000000,5,0
cubic_2200.txt,8,34.748000145,ACO,1917.000000000,1917.000000000,5,1
cubic_2200.txt,8,35.779000044,ACO,1928.000000000,1917.000000000,5,0
cubic_2200.txt,8,36.693000078,ACO,1931.000000000,1917.000000000,5,0
cubic_2200.txt,8,37.601000071,ACO,1924.000000000,1917.000000000,5,0
cubic_2200.txt,8,40.871000051,ACO,1908.000000000,1908.000000000,5,1
cubic_2200.txt,9,0.006000042,RVNS,2465.000000000,2465.000000000,1,1
cubic_2200.txt,9,0.007000208,Tabu Search,2485.000000000,2465.000000000,2,0
cubic_2200.txt,9,0.012000084,RVNS,2490.000000000,2465.000000000,3,0
cubic_2200.txt,9,0.014000177,Tabu Search,2466.000000000,2465.000000000,4,0
cubic_2200.txt,9,0.016000032,Tabu Search,2468.000000000,2465.000000000,5,0
cubic_2200.txt,9,0.019000053,RVNS,2483.000000000,2465.000000000,5,0
cubic_2200.txt,9,0.020000219,Tabu Search,2470.000000000,2465.000000000,5,0
cubic_2200.txt,9,0.028000116,RVNS,2472.000000000,2465.000000000,5,0
cubic_2200.txt,9,0.029000044,Tabu Search,2467.000000000,2465.000000000,5,0
cubic_2200.txt,9,0.042000055,RVNS,2469.000000000,2465.000000000,5,0
cubic_2200.txt,9,0.045000076,RVNS,2460.000000000,2460.000000000,5,1
cubic_2200.txt,9,0.051000118,Tabu Search,2463.000000000,2460.000000000,5,0
cubic_2200.txt,9,0.057000160,RVNS,2464.000000000,2460.000000000,5,0
cubic_2200.txt,9,0.078000069,Tabu Search,2462.000000000,2460.000000000,5,0
cubic_2200.txt,9,1.273000002,ACO,2381.000000000,2381.000000000,5,1
cubic_2200.txt,9,2.180000067,ACO,2370.000000000,2370.000000000,5,1
cubic_2200.txt,9,3.072000027,ACO,2359.000000000,2359.000000000,5,1
cubic_2200.txt,9,4.140000105,ACO,2356.000000000,2356.000000000,5,1
cubic_2200.txt,9,4.759999990,HHO,1974.000000000,1974.000000000,5,1
cubic_2200.txt,9,5.031000137,ACO,2352.000000000,1974.000000000,5,0
cubic_2200.txt,9,6.011000156,ACO,2341.000000000,1974.000000000,5,0
cubic_2200.txt,9,7.098000050,ACO,2329.000000000,1974.000000000,5,0
cubic_2200.txt,9,8.096000195,ACO,2327.000000000,1974.000000000,5,0
cubic_2200.txt,9,9.160000086,ACO,2319.000000000,1974.000000000,5,0
cubic_2200.txt,9,10.052000046,HHO,1960.000000000,1960.000000000,5,1
cubic_2200.txt,9,10.153000116,ACO,2314.000000000,1960.000000000,5,0
cubic_2200.txt,9,11.032000065,ACO,1954.000000000,1954.000000000,5,1
cubic_2200.txt,9,11.904000044,ACO,1935.000000000,1935.000000000,5,1
cubic_2200.txt,9,12.781000137,ACO,1955.000000000,1935.000000000,5,0
cubic_2200.txt,9,13.674000025,ACO,1963.000000000,1935.000000000,5,0
cubic_2200.txt,9,15.250000000,HHO,1961.000000000,1935.000000000,5,0
cubic_2200.txt,9,16.550000191,ACO,1942.000000000,1935.000000000,5,0
cubic_2200.txt,9,17.557000160,ACO,1932.000000000,1932.000000000,5,1
cubic_2200.txt,9,18.493000031,ACO,1934.000000000,1932.000000000,5,0
cubic_2200.txt,9,19.481000185,ACO,1945.000000000,1932.000000000,5,0
cubic_2200.txt,9,21.500000000,ACO,1939.000000000,1932.000000000,5,0
cubic_2200.txt,9,22.489000082,ACO,1940.000000000,1932.000000000,5,0
cubic_2200.txt,9,31.101999998,ACO,1938.000000000,1932.000000000,5,0
cubic_2200.txt,9,32.027000189,ACO,1926.000000000,1926.000000000,5,1
cubic_2200.txt,9,33.000000000,ACO,1921.000000000,1921.000000000,5,1
cubic_2200.txt,9,33.983000040,ACO,1929.000000000,1921.000000000,5,0
cubic_2200.txt,9,34.937000036,ACO,1933.000000000,1921.000000000,5,0
cubic_2200.txt,9,36.007000208,ACO,1920.000000000,1920.000000000,5,1
cubic_2200.txt,9,41.047000170,ACO,1931.000000000,1920.000000000,5,0
cubic_2200.txt,9,41.929000139,ACO,1912.000000000,1912.000000000,5,1
cubic_2200.txt,9,43.805000067,ACO,1908.000000000,1908.000000000,5,1
cubic_2200.txt,9,44.710000038,ACO,1923.000000000,1908.000000000,5,0
cubic_2200.txt,9,45.632000208,ACO,1914.000000000,1908.000000000,5,0
cubic_2200.txt,10,0.006999969,RVNS,2481.000000000,2481.000000000,1,1
cubic_2200.txt,10,0.006999969,Tabu Search,2447.000000000,2447.000000000,2,1
cubic_2200.txt,10,0.009999990,RVNS,2483.000000000,2447.000000000,3,0
cubic_2200.txt,10,0.011000156,Tabu Search,2446.000000000,2446.000000000,4,1
cubic_2200.txt,10,0.013000011,RVNS,2482.000000000,2446.000000000,5,0
cubic_2200.txt,10,0.015000105,Tabu Search,2445.000000000,2445.000000000,5,1
cubic_2200.txt,10,0.018000126,Tabu Search,2443.000000000,2443.000000000,5,1
cubic_2200.txt,10,0.019000053,RVNS,2477.000000000,2443.000000000,5,0
cubic_2200.txt,10,0.023000002,RVNS,2444.000000000,2443.000000000,5,0
cubic_2200.txt,10,0.026999950,RVNS,2440.000000000,2440.000000000,5,1
cubic_2200.txt,10,0.035000086,RVNS,2442.000000000,2440.000000000,5,0
cubic_2200.txt,10,0.046000004,Tabu Search,2441.000000000,2440.000000000,5,0
cubic_2200.txt,10,0.186000109,RVNS,2439.000000000,2439.000000000,5,1
cubic_2200.txt,10,1.347000122,ACO,2373.000000000,2373.000000000,5,1
cubic_2200.txt,10,2.304000139,ACO,2365.000000000,2365.000000000,5,1
cubic_2200.txt,10,3.278000116,ACO,2345.000000000,2345.000000000,5,1
cubic_2200.txt,10,4.334000111,ACO,2347.000000000,2345.000000000,5,0
cubic_2200.txt,10,5.021000147,HHO,1937.000000000,1937.000000000,5,1
cubic_2200.txt,10,5.401999950,ACO,2341.000000000,1937.000000000,5,0
cubic_2200.txt,10,6.509999990,ACO,2334.000000000,1937.000000000,5,0
cubic_2200.txt,10,7.539000034,ACO,2330.000000000,1937.000000000,5,0
cubic_2200.txt,10,8.470999956,ACO,2333.000000000,1937.000000000,5,0
cubic_2200.txt,10,9.348000050,ACO,2335.000000000,1937.000000000,5,0
cubic_2200.txt,10,10.167999983,HHO,1957.000000000,1937.000000000,5,0
cubic_2200.txt,10,10.230000019,ACO,2321.000000000,1937.000000000,5,0
cubic_2200.txt,10,11.148000002,ACO,2315.000000000,1937.000000000,5,0
cubic_2200.txt,10,12.239000082,ACO,2303.000000000,1937.000000000,5,0
cubic_2200.txt,10,13.124000072,ACO,1958.000000000,1937.000000000,5,0
cubic_2200.txt,10,14.008000135,ACO,1955.000000000,1937.000000000,5,0
cubic_2200.txt,10,14.903000116,ACO,1953.000000000,1937.000000000,5,0
cubic_2200.txt,10,15.797000170,ACO,1948.000000000,1937.000000000,5,0
cubic_2200.txt,10,16.743000031,ACO,1938.000000000,1937.000000000,5,0
cubic_2200.txt,10,17.758000135,ACO,1931.000000000,1931.000000000,5,1
cubic_2200.txt,10,21.582999945,HHO,1941.000000000,1931.000000000,5,0
cubic_2200.txt,10,21.940999985,ACO,1945.000000000,1931.000000000,5,0
cubic_2200.txt,10,23.975000143,ACO,1939.000000000,1931.000000000,5,0
cubic_2200.txt,10,33.911999941,HHO,1933.000000000,1931.000000000,5,0
cubic_2200.txt,10,38.496999979,ACO,1936.000000000,1931.000000000,5,0
cubic_2200.txt,10,40.590000153,ACO,1935.000000000,1931.000000000,5,0
cubic_2200.txt,10,43.437000036,ACO,1932.000000000,1931.000000000,5,0
cubic_2200.txt,10,44.472000122,ACO,1922.000000000,1922.000000000,5,1
cubic_2200.txt,10,45.404000044,ACO,1903.000000000,1903.000000000,5,1
cubic_2200.txt,10,47.604000092,HHO,1928.000000000,1903.000000000,5,0
cubic_2200.txt,10,48.161000013,ACO,1925.000000000,1903.000000000,5,0
cubic_2300.txt,1,0.004999876,RVNS,2540.000000000,2540.000000000,1,1
cubic_2300.txt,1,0.008999825,RVNS,2534.000000000,2534.000000000,2,1
cubic_2300.txt,1,0.008999825,Tabu Search,2560.000000000,2534.000000000,3,0
cubic_2300.txt,1,0.011999846,RVNS,2565.000000000,2534.000000000,4,0
cubic_2300.txt,1,0.012999773,Tabu Search,2539.000000000,2534.000000000,5,0
cubic_2300.txt,1,0.013999939,RVNS,2563.000000000,2534.000000000,5,0
cubic_2300.txt,1,0.015999794,Tabu Search,2536.000000000,2534.000000000,5,0
cubic_2300.txt,1,0.018999815,RVNS,2533.000000000,2533.000000000,5,1
cubic_2300.txt,1,0.020999908,Tabu Search,2530.000000000,2530.000000000,5,1
cubic_2300.txt,1,0.023000002,RVNS,2537.000000000,2530.000000000,5,0
cubic_2300.txt,1,0.027999878,Tabu Search,2532.000000000,2530.000000000,5,0
cubic_2300.txt,1,0.028999805,RVNS,2531.000000000,2530.000000000,5,0
cubic_2300.txt,1,0.038999796,Tabu Search,2529.000000000,2529.000000000,5,1
cubic_2300.txt,1,0.224999905,RVNS,2527.000000000,2527.000000000,5,1
cubic_2300.txt,1,0.255999804,Tabu Search,2528.000000000,2527.000000000,5,0
cubic_2300.txt,1,1.415999889,ACO,2478.000000000,2478.000000000,5,1
cubic_2300.txt,1,2.484999895,ACO,2481.000000000,2478.000000000,5,0
cubic_2300.txt,1,3.780999899,ACO,2466.000000000,2466.000000000,5,1
cubic_2300.txt,1,4.759999990,ACO,2465.000000000,2465.000000000,5,1
cubic_2300.txt,1,5.631999969,ACO,2441.000000000,2441.000000000,5,1
cubic_2300.txt,1,5.657999992,HHO,2052.000000000,2052.000000000,5,1
cubic_2300.txt,1,6.571999788,ACO,2442.000000000,2052.000000000,5,0
cubic_2300.txt,1,7.422999859,ACO,2041.000000000,2041.000000000,5,1
cubic_2300.txt,1,8.380999804,ACO,2049.000000000,2041.000000000,5,0
cubic_2300.txt,1,9.296000004,ACO,2046.000000000,2041.000000000,5,0
cubic_2300.txt,1,10.205999851,ACO,2045.000000000,2041.000000000,5,0
cubic_2300.txt,1,10.517999887,HHO,2048.000000000,2041.000000000,5,0
cubic_2300.txt,1,11.166999817,ACO,2047.000000000,2041.000000000,5,0
cubic_2300.txt,1,12.059999943,ACO,2038.000000000,2038.000000000,5,1
cubic_2300.txt,1,13.002999783,ACO,2039.000000000,2038.000000000,5,0
cubic_2300.txt,1,14.969999790,ACO,2035.000000000,2035.000000000,5,1
cubic_2300.txt,1,17.007999897,ACO,2040.000000000,2035.000000000,5,0
cubic_2300.txt,1,23.862999916,ACO,2033.000000000,2033.000000000,5,1
cubic_2300.txt,1,24.780999899,ACO,2031.000000000,2031.000000000,5,1
cubic_2300.txt,1,25.699999809,ACO,2022.000000000,2022.000000000,5,1
cubic_2300.txt,1,27.721999884,ACO,2028.000000000,2022.000000000,5,0
cubic_2300.txt,1,28.648999929,ACO,2032.000000000,2022.000000000,5,0
cubic_2300.txt,1,34.700999975,ACO,2021.000000000,2021.000000000,5,1
cubic_2300.txt,1,35.577999830,ACO,2024.000000000,2021.000000000,5,0
cubic_2300.txt,1,37.453999996,ACO,2018.000000000,2018.000000000,5,1
cubic_2300.txt,1,38.435999870,ACO,2025.000000000,2018.000000000,5,0
cubic_2300.txt,2,0.006000042,Tabu Search,2530.000000000,2530.000000000,1,1
cubic_2300.txt,2,0.006999969,RVNS,2608.000000000,2530.000000000,2,0
cubic_2300.txt,2,0.007999897,Tabu Search,2531.000000000,2530.000000000,3,0
cubic_2300.txt,2,0.010999918,RVNS,2536.000000000,2530.000000000,4,0
cubic_2300.txt,2,0.013000011,Tabu Search,2534.000000000,2530.000000000,5,0
cubic_2300.txt,2,0.017999887,RVNS,2535.000000000,2530.000000000,5,0
cubic_2300.txt,2,0.020999908,Tabu Search,2533.000000000,2530.000000000,5,0
cubic_2300.txt,2,0.029999971,RVNS,2532.000000000,2530.000000000,5,0
cubic_2300.txt,2,0.055999994,RVNS,2528.000000000,2528.000000000,5,1
cubic_2300.txt,2,0.072000027,Tabu Search,2523.000000000,2523.000000000,5,1
cubic_2300.txt,2,0.075000048,Tabu Search,2526.000000000,2523.000000000,5,0
cubic_2300.txt,2,0.102999926,Tabu Search,2529.000000000,2523.000000000,5,0
cubic_2300.txt,2,0.115999937,Tabu Search,2527.000000000,2523.000000000,5,0
cubic_2300.txt,2,1.308000088,ACO,2498.000000000,2498.000000000,5,1
cubic_2300.txt,2,2.361999989,ACO,2478.000000000,2478.000000000,5,1
cubic_2300.txt,2,3.266999960,ACO,2462.000000000,2462.000000000,5,1
cubic_2300.txt,2,4.203999996,ACO,2456.000000000,2456.000000000,5,1
cubic_2300.txt,2,5.020999908,HHO,2043.000000000,2043.000000000,5,1
cubic_2300.txt,2,5.104000092,ACO,2457.000000000,2043.000000000,5,0
cubic_2300.txt,2,6.020999908,ACO,2437.000000000,2043.000000000,5,0
cubic_2300.txt,2,6.900000095,ACO,2438.000000000,2043.000000000,5,0
cubic_2300.txt,2,8.934000015,ACO,2429.000000000,2043.000000000,5,0
cubic_2300.txt,2,9.845000029,ACO,2433.000000000,2043.000000000,5,0
cubic_2300.txt,2,10.127000093,HHO,2048.000000000,2043.000000000,5,0
cubic_2300.txt,2,10.895999908,ACO,2045.000000000,2043.000000000,5,0
cubic_2300.txt,2,11.947999954,ACO,2036.000000000,2036.000000000,5,1
cubic_2300.txt,2,13.002000093,ACO,2049.000000000,2036.000000000,5,0
cubic_2300.txt,2,14.915999889,ACO,2032.000000000,2032.000000000,5,1
cubic_2300.txt,2,17.657999992,ACO,2028.000000000,2028.000000000,5,1
cubic_2300.txt,2,20.474999905,ACO,2033.000000000,2028.000000000,5,0
cubic_2300.txt,2,21.392999887,ACO,2020.000000000,2020.000000000,5,1
cubic_2300.txt,2,22.348999977,ACO,2034.000000000,2020.000000000,5,0
cubic_2300.txt,2,24.236999989,ACO,2025.000000000,2020.000000000,5,0
cubic_2300.txt,2,27.384999990,ACO,2023.000000000,2020.000000000,5,0
cubic_2300.txt,2,28.331000090,ACO,2024.000000000,2020.000000000,5,0
cubic_2300.txt,2,29.315999985,ACO,2014.000000000,2014.000000000,5,1
cubic_2300.txt,2,37.753999949,ACO,2015.000000000,2014.000000000,5,0
cubic_2300.txt,3,0.006999969,Tabu Search,2565.000000000,2565.000000000,1,1
cubic_2300.txt,3,0.006999969,RVNS,2583.000000000,2565.000000000,2,0
cubic_2300.txt,3,0.010999918,Tabu Search,2569.000000000,2565.000000000,3,0
cubic_2300.txt,3,0.013000011,RVNS,2591.000000000,2565.000000000,4,0
cubic_2300.txt,3,0.013999939,Tabu Search,2557.000000000,2557.000000000,5,1
cubic_2300.txt,3,0.014999866,RVNS,2585.000000000,2557.000000000,5,0
cubic_2300.txt,3,0.015999794,Tabu Search,2563.000000000,2557.000000000,5,0
cubic_2300.txt,3,0.017999887,Tabu Search,2568.000000000,2557.000000000,5,0
cubic_2300.txt,3,0.021999836,Tabu Search,2562.000000000,2557.000000000,5,0
cubic_2300.txt,3,0.024999857,RVNS,2567.000000000,2557.000000000,5,0
cubic_2300.txt,3,0.026999950,RVNS,2566.000000000,2557.000000000,5,0
cubic_2300.txt,3,0.028999805,Tabu Search,2564.000000000,2557.000000000,5,0
cubic_2300.txt,3,0.070999861,Tabu Search,2558.000000000,2557.000000000,5,0
cubic_2300.txt,3,0.076999903,RVNS,2561.000000000,2557.000000000,5,0
cubic_2300.txt,3,0.080999851,Tabu Search,2560.000000000,2557.000000000,5,0
cubic_2300.txt,3,1.273999929,ACO,2495.000000000,2495.000000000,5,1
cubic_2300.txt,3,2.286999941,ACO,2468.000000000,2468.000000000,5,1
cubic_2300.txt,3,3.224999905,ACO,2472.000000000,2468.000000000,5,0
cubic_2300.txt,3,5.008999825,HHO,2079.000000000,2079.000000000,5,1
cubic_2300.txt,3,5.011999846,ACO,2455.000000000,2079.000000000,5,0
cubic_2300.txt,3,5.919999838,ACO,2454.000000000,2079.000000000,5,0
cubic_2300.txt,3,8.054999828,ACO,2029.000000000,2029.000000000,5,1
cubic_2300.txt,3,8.949999809,ACO,2041.000000000,2029.000000000,5,0
cubic_2300.txt,3,9.832999945,ACO,2060.000000000,2029.000000000,5,0
cubic_2300.txt,3,10.107999802,HHO,2052.000000000,2029.000000000,5,0
cubic_2300.txt,3,10.740999937,ACO,2053.000000000,2029.000000000,5,0
cubic_2300.txt,3,11.631999969,ACO,2034.000000000,2029.000000000,5,0
cubic_2300.txt,3,12.701999903,ACO,2050.000000000,2029.000000000,5,0
cubic_2300.txt,3,15.500000000,ACO,2037.000000000,2029.000000000,5,0
cubic_2300.txt,3,17.448999882,ACO,2032.000000000,2029.000000000,5,0
cubic_2300.txt,3,18.378999949,ACO,2036.000000000,2029.000000000,5,0
cubic_2300.txt,3,23.483999968,ACO,2026.000000000,2026.000000000,5,1
cubic_2300.txt,3,27.263000011,ACO,2033.000000000,2026.000000000,5,0
cubic_2300.txt,4,0.006000042,Tabu Search,2613.000000000,2613.000000000,1,1
cubic_2300.txt,4,0.006000042,RVNS,2579.000000000,2579.000000000,2,1
cubic_2300.txt,4,0.009999990,Tabu Search,2576.000000000,2576.000000000,3,1
cubic_2300.txt,4,0.013999939,RVNS,2605.000000000,2576.000000000,4,0
cubic_2300.txt,4,0.016999960,RVNS,2583.000000000,2576.000000000,5,0
cubic_2300.txt,4,0.019999981,RVNS,2581.000000000,2576.000000000,5,0
cubic_2300.txt,4,0.025000095,RVNS,2575.000000000,2575.000000000,5,1
cubic_2300.txt,4,0.029000044,Tabu Search,2580.000000000,2575.000000000,5,0
cubic_2300.txt,4,0.036000013,RVNS,2578.000000000,2575.000000000,5,0
cubic_2300.txt,4,0.039000034,Tabu Search,2577.000000000,2575.000000000,5,0
cubic_2300.txt,4,0.042000055,Tabu Search,2574.000000000,2574.000000000,5,1
cubic_2300.txt,4,0.075999975,Tabu Search,2572.000000000,2572.000000000,5,1
cubic_2300.txt,4,1.273999929,ACO,2475.000000000,2475.000000000,5,1
cubic_2300.txt,4,2.388999939,ACO,2468.000000000,2468.000000000,5,1
cubic_2300.txt,4,3.417999983,ACO,2459.000000000,2459.000000000,5,1
cubic_2300.txt,4,4.401999950,ACO,2463.000000000,2459.000000000,5,0
cubic_2300.txt,4,5.365999937,ACO,2447.000000000,2447.000000000,5,1
cubic_2300.txt,4,5.434999943,HHO,2065.000000000,2065.000000000,5,1
cubic_2300.txt,4,6.282000065,ACO,2434.000000000,2065.000000000,5,0
cubic_2300.txt,4,7.367000103,ACO,2072.000000000,2065.000000000,5,0
cubic_2300.txt,4,8.298000097,ACO,2060.000000000,2060.000000000,5,1
cubic_2300.txt,4,9.178999901,ACO,2056.000000000,2056.000000000,5,1
cubic_2300.txt,4,10.072999954,ACO,2061.000000000,2056.000000000,5,0
cubic_2300.txt,4,10.457999945,HHO,2041.000000000,2041.000000000,5,1
cubic_2300.txt,4,11.982000113,ACO,2064.000000000,2041.000000000,5,0
cubic_2300.txt,4,12.936000109,ACO,2062.000000000,2041.000000000,5,0
cubic_2300.txt,4,15.707999945,ACO,2057.000000000,2041.000000000,5,0
cubic_2300.txt,4,15.940000057,HHO,2052.000000000,2041.000000000,5,0
cubic_2300.txt,4,16.631000042,ACO,2047.000000000,2041.000000000,5,0
cubic_2300.txt,4,18.763000011,ACO,2031.000000000,2031.000000000,5,1
cubic_2300.txt,4,19.845999956,ACO,2032.000000000,2031.000000000,5,0
cubic_2300.txt,4,21.094000101,ACO,2037.000000000,2031.000000000,5,0
cubic_2300.txt,4,22.115999937,ACO,2038.000000000,2031.000000000,5,0
cubic_2300.txt,4,27.286000013,ACO,2017.000000000,2017.000000000,5,1
cubic_2300.txt,4,30.166000128,ACO,2036.000000000,2017.000000000,5,0
cubic_2300.txt,4,32.003999949,ACO,2024.000000000,2017.000000000,5,0
cubic_2300.txt,4,37.091000080,ACO,2018.000000000,2017.000000000,5,0
cubic_2300.txt,4,39.907000065,ACO,2021.000000000,2017.000000000,5,0
cubic_2300.txt,4,48.295000076,ACO,2029.000000000,2017.000000000,5,0
cubic_2300.txt,4,49.256000042,ACO,2013.000000000,2013.000000000,5,1
cubic_2300.txt,5,0.006999969,Tabu Search,2619.000000000,2619.000000000,1,1
cubic_2300.txt,5,0.006999969,RVNS,2604.000000000,2604.000000000,2,1
cubic_2300.txt,5,0.010999918,Tabu Search,2621.000000000,2604.000000000,3,0
cubic_2300.txt,5,0.011999846,RVNS,2611.000000000,2604.000000000,4,0
cubic_2300.txt,5,0.013999939,Tabu Search,2614.000000000,2604.000000000,5,0
cubic_2300.txt,5,0.016999960,Tabu Search,2609.000000000,2604.000000000,5,0
cubic_2300.txt,5,0.018999815,RVNS,2612.000000000,2604.000000000,5,0
cubic_2300.txt,5,0.023999929,Tabu Search,2610.000000000,2604.000000000,5,0
cubic_2300.txt,5,0.042999983,Tabu Search,2608.000000000,2604.000000000,5,0
cubic_2300.txt,5,1.406999826,ACO,2485.000000000,2485.000000000,5,1
cubic_2300.txt,5,2.365999937,ACO,2478.000000000,2478.000000000,5,1
cubic_2300.txt,5,3.271999836,ACO,2477.000000000,2477.000000000,5,1
cubic_2300.txt,5,4.182999849,ACO,2435.000000000,2435.000000000,5,1
cubic_2300.txt,5,4.977999926,HHO,2055.000000000,2055.000000000,5,1
cubic_2300.txt,5,5.118999958,ACO,2433.000000000,2055.000000000,5,0
cubic_2300.txt,5,6.005999804,ACO,2428.000000000,2055.000000000,5,0
cubic_2300.txt,5,7.878999949,ACO,2431.000000000,2055.000000000,5,0
cubic_2300.txt,5,9.953999996,ACO,2423.000000000,2055.000000000,5,0
cubic_2300.txt,5,10.342000008,HHO,2042.000000000,2042.000000000,5,1
cubic_2300.txt,5,11.802999973,ACO,2034.000000000,2034.000000000,5,1
cubic_2300.txt,5,13.156999826,ACO,2045.000000000,2034.000000000,5,0
cubic_2300.txt,5,14.208999872,ACO,2021.000000000,2021.000000000,5,1
cubic_2300.txt,5,16.395999908,HHO,2040.000000000,2021.000000000,5,0
cubic_2300.txt,5,17.042999983,ACO,2043.000000000,2021.000000000,5,0
cubic_2300.txt,5,18.105000019,ACO,2032.000000000,2021.000000000,5,0
cubic_2300.txt,5,19.026999950,ACO,2041.000000000,2021.000000000,5,0
cubic_2300.txt,5,23.757999897,ACO,2033.000000000,2021.000000000,5,0
cubic_2300.txt,5,24.651999950,ACO,2022.000000000,2021.000000000,5,0
cubic_2300.txt,5,28.850999832,ACO,2020.000000000,2020.000000000,5,1
cubic_2300.txt,5,30.763999939,ACO,2026.000000000,2020.000000000,5,0
cubic_2300.txt,5,31.747999907,ACO,2031.000000000,2020.000000000,5,0
cubic_2300.txt,5,32.677999973,ACO,2001.000000000,2001.000000000,5,1
cubic_2300.txt,5,33.649999857,ACO,2025.000000000,2001.000000000,5,0
cubic_2300.txt,5,35.634999990,ACO,2002.000000000,2001.000000000,5,0
cubic_2300.txt,5,36.560999870,ACO,2018.000000000,2001.000000000,5,0
cubic_2300.txt,5,42.062999964,ACO,2015.000000000,2001.000000000,5,0
cubic_2300.txt,5,43.071999788,ACO,2009.000000000,2001.000000000,5,0
cubic_2300.txt,6,0.007000208,RVNS,2580.000000000,2580.000000000,1,1
cubic_2300.txt,6,0.007000208,Tabu Search,2517.000000000,2517.000000000,2,1
cubic_2300.txt,6,0.010000229,RVNS,2518.000000000,2517.000000000,3,0
cubic_2300.txt,6,0.010000229,Tabu Search,2512.000000000,2512.000000000,4,1
cubic_2300.txt,6,0.012000084,RVNS,2511.000000000,2511.000000000,5,1
cubic_2300.txt,6,0.012000084,Tabu Search,2516.000000000,2511.000000000,5,0
cubic_2300.txt,6,0.017000198,Tabu Search,2515.000000000,2511.000000000,5,0
cubic_2300.txt,6,0.020000219,RVNS,2513.000000000,2511.000000000,5,0
cubic_2300.txt,6,0.025000095,RVNS,2514.000000000,2511.000000000,5,0
cubic_2300.txt,6,0.028000116,RVNS,2508.000000000,2508.000000000,5,1
cubic_2300.txt,6,0.059000015,RVNS,2510.000000000,2508.000000000,5,0
cubic_2300.txt,6,0.069000006,Tabu Search,2509.000000000,2508.000000000,5,0
cubic_2300.txt,6,0.224000216,Tabu Search,2507.000000000,2507.000000000,5,1
cubic_2300.txt,6,1.270000219,ACO,2479.000000000,2479.000000000,5,1
cubic_2300.txt,6,2.182000160,ACO,2477.000000000,2477.000000000,5,1
cubic_2300.txt,6,4.246000051,ACO,2461.000000000,2461.000000000,5,1
cubic_2300.txt,6,5.072000027,HHO,2053.000000000,2053.000000000,5,1
cubic_2300.txt,6,5.131000042,ACO,2456.000000000,2053.000000000,5,0
cubic_2300.txt,6,6.928000212,ACO,2044.000000000,2044.000000000,5,1
cubic_2300.txt,6,7.976000071,ACO,2066.000000000,2044.000000000,5,0
cubic_2300.txt,6,9.208000183,ACO,2072.000000000,2044.000000000,5,0
cubic_2300.txt,6,10.168000221,ACO,2062.000000000,2044.000000000,5,0
cubic_2300.txt,6,10.561000109,HHO,2058.000000000,2044.000000000,5,0
cubic_2300.txt,6,13.168000221,ACO,2040.000000000,2040.000000000,5,1
cubic_2300.txt,6,14.261000156,ACO,2032.000000000,2032.000000000,5,1
cubic_2300.txt,6,15.281000137,ACO,2024.000000000,2024.000000000,5,1
cubic_2300.txt,6,16.258000135,ACO,2034.000000000,2024.000000000,5,0
cubic_2300.txt,6,17.170000076,ACO,2035.000000000,2024.000000000,5,0
cubic_2300.txt,6,18.104000092,ACO,2022.000000000,2022.000000000,5,1
cubic_2300.txt,6,24.488000154,ACO,2025.000000000,2022.000000000,5,0
cubic_2300.txt,6,25.616000175,ACO,2027.000000000,2022.000000000,5,0
cubic_2300.txt,6,26.567000151,ACO,2019.000000000,2019.000000000,5,1
cubic_2300.txt,6,27.478000164,ACO,2014.000000000,2014.000000000,5,1
cubic_2300.txt,6,28.389000177,ACO,2020.000000000,2014.000000000,5,0
cubic_2300.txt,6,30.342000008,ACO,2017.000000000,2014.000000000,5,0
cubic_2300.txt,6,37.959000111,ACO,2012.000000000,2012.000000000,5,1
cubic_2300.txt,6,38.970000029,ACO,2013.000000000,2012.000000000,5,0
cubic_2300.txt,6,41.051000118,ACO,2016.000000000,2012.000000000,5,0
cubic_2300.txt,7,0.006000042,Tabu Search,2589.000000000,2589.000000000,1,1
cubic_2300.txt,7,0.006000042,RVNS,2575.000000000,2575.000000000,2,1
cubic_2300.txt,7,0.009999990,Tabu Search,2572.000000000,2572.000000000,3,1
cubic_2300.txt,7,0.013000011,RVNS,2573.000000000,2572.000000000,4,0
cubic_2300.txt,7,0.013000011,Tabu Search,2578.000000000,2572.000000000,5,0
cubic_2300.txt,7,0.016999960,Tabu Search,2574.000000000,2572.000000000,5,0
cubic_2300.txt,7,0.019999981,RVNS,2576.000000000,2572.000000000,5,0
cubic_2300.txt,7,0.032999992,Tabu Search,2571.000000000,2571.000000000,5,1
cubic_2300.txt,7,0.035000086,RVNS,2568.000000000,2568.000000000,5,1
cubic_2300.txt,7,0.055999994,RVNS,2570.000000000,2568.000000000,5,0
cubic_2300.txt,7,0.196000099,Tabu Search,2567.000000000,2567.000000000,5,1
cubic_2300.txt,7,1.305999994,ACO,2488.000000000,2488.000000000,5,1
cubic_2300.txt,7,2.532999992,ACO,2479.000000000,2479.000000000,5,1
cubic_2300.txt,7,3.578000069,ACO,2451.000000000,2451.000000000,5,1
cubic_2300.txt,7,4.562999964,ACO,2460.000000000,2451.000000000,5,0
cubic_2300.txt,7,5.510999918,HHO,2075.000000000,2075.000000000,5,1
cubic_2300.txt,7,5.536999941,ACO,2447.000000000,2075.000000000,5,0
cubic_2300.txt,7,6.427999973,ACO,2426.000000000,2075.000000000,5,0
cubic_2300.txt,7,7.430000067,ACO,2427.000000000,2075.000000000,5,0
cubic_2300.txt,7,9.238000154,ACO,2066.000000000,2066.000000000,5,1
cubic_2300.txt,7,10.125000000,ACO,2062.000000000,2062.000000000,5,1
cubic_2300.txt,7,10.690999985,HHO,2049.000000000,2049.000000000,5,1
cubic_2300.txt,7,11.963000059,ACO,2061.000000000,2049.000000000,5,0
cubic_2300.txt,7,12.937000036,ACO,2042.000000000,2042.000000000,5,1
cubic_2300.txt,7,14.785000086,ACO,2064.000000000,2042.000000000,5,0
cubic_2300.txt,7,16.200999975,HHO,2048.000000000,2042.000000000,5,0
cubic_2300.txt,7,16.673000097,ACO,2032.000000000,2032.000000000,5,1
cubic_2300.txt,7,19.092000008,ACO,2050.000000000,2032.000000000,5,0
cubic_2300.txt,7,21.062999964,ACO,2035.000000000,2032.000000000,5,0
cubic_2300.txt,7,22.019999981,ACO,2045.000000000,2032.000000000,5,0
cubic_2300.txt,7,23.953000069,ACO,2043.000000000,2032.000000000,5,0
cubic_2300.txt,7,24.894000053,ACO,2028.000000000,2028.000000000,5,1
cubic_2300.txt,7,27.796999931,ACO,2039.000000000,2028.000000000,5,0
cubic_2300.txt,7,29.631999969,ACO,2037.000000000,2028.000000000,5,0
cubic_2300.txt,7,32.523999929,ACO,2030.000000000,2028.000000000,5,0
cubic_2300.txt,7,34.687999964,ACO,2017.000000000,2017.000000000,5,1
cubic_2300.txt,7,39.367000103,ACO,2021.000000000,2017.000000000,5,0
cubic_2300.txt,7,40.288000107,ACO,2023.000000000,2017.000000000,5,0
cubic_2300.txt,7,44.094000101,ACO,2029.000000000,2017.000000000,5,0
cubic_2300.txt,8,0.006999969,Tabu Search,2610.000000000,2610.000000000,1,1
cubic_2300.txt,8,0.006999969,RVNS,2532.000000000,2532.000000000,2,1
cubic_2300.txt,8,0.009999990,Tabu Search,2530.000000000,2530.000000000,3,1
cubic_2300.txt,8,0.012000084,RVNS,2531.000000000,2530.000000000,4,0
cubic_2300.txt,8,0.012000084,Tabu Search,2527.000000000,2527.000000000,5,1
cubic_2300.txt,8,0.016000032,Tabu Search,2529.000000000,2527.000000000,5,0
cubic_2300.txt,8,0.036999941,RVNS,2526.000000000,2526.000000000,5,1
cubic_2300.txt,8,0.092999935,Tabu Search,2528.000000000,2526.000000000,5,0
cubic_2300.txt,8,1.760999918,ACO,2476.000000000,2476.000000000,5,1
cubic_2300.txt,8,2.898999929,ACO,2478.000000000,2476.000000000,5,0
cubic_2300.txt,8,4.092999935,ACO,2443.000000000,2443.000000000,5,1
cubic_2300.txt,8,5.339999914,ACO,2445.000000000,2443.000000000,5,0
cubic_2300.txt,8,6.436000109,HHO,2038.000000000,2038.000000000,5,1
cubic_2300.txt,8,6.479000092,ACO,2446.000000000,2038.000000000,5,0
cubic_2300.txt,8,7.944000006,ACO,2449.000000000,2038.000000000,5,0
cubic_2300.txt,8,9.164000034,ACO,2433.000000000,2038.000000000,5,0
cubic_2300.txt,8,10.184000015,ACO,2434.000000000,2038.000000000,5,0
cubic_2300.txt,8,11.296000004,ACO,2436.000000000,2038.000000000,5,0
cubic_2300.txt,8,12.485000134,ACO,2432.000000000,2038.000000000,5,0
cubic_2300.txt,8,12.883000135,HHO,2037.000000000,2037.000000000,5,1
cubic_2300.txt,8,13.575000048,ACO,2070.000000000,2037.000000000,5,0
cubic_2300.txt,8,14.924999952,ACO,2039.000000000,2037.000000000,5,0
cubic_2300.txt,8,17.019999981,ACO,2043.000000000,2037.000000000,5,0
cubic_2300.txt,8,18.033999920,ACO,2066.000000000,2037.000000000,5,0
cubic_2300.txt,8,18.921999931,ACO,2053.000000000,2037.000000000,5,0
cubic_2300.txt,8,22.802000046,ACO,2048.000000000,2037.000000000,5,0
cubic_2300.txt,8,25.431999922,HHO,2044.000000000,2037.000000000,5,0
cubic_2300.txt,8,26.714999914,ACO,2042.000000000,2037.000000000,5,0
cubic_2300.txt,8,50.867000103,ACO,2021.000000000,2021.000000000,5,1
cubic_2300.txt,8,51.766999960,ACO,2009.000000000,2009.000000000,5,1
cubic_2300.txt,9,0.006999969,Tabu Search,2553.000000000,2553.000000000,1,1
cubic_2300.txt,9,0.006999969,RVNS,2557.000000000,2553.000000000,2,0
cubic_2300.txt,9,0.010999918,Tabu Search,2556.000000000,2553.000000000,3,0
cubic_2300.txt,9,0.010999918,RVNS,2555.000000000,2553.000000000,4,0
cubic_2300.txt,9,0.013999939,Tabu Search,2559.000000000,2553.000000000,5,0
cubic_2300.txt,9,0.018000126,RVNS,2546.000000000,2546.000000000,5,1
cubic_2300.txt,9,0.018000126,Tabu Search,2548.000000000,2546.000000000,5,0
cubic_2300.txt,9,0.020999908,RVNS,2549.000000000,2546.000000000,5,0
cubic_2300.txt,9,0.020999908,Tabu Search,2552.000000000,2546.000000000,5,0
cubic_2300.txt,9,0.023999929,Tabu Search,2543.000000000,2543.000000000,5,1
cubic_2300.txt,9,0.032000065,RVNS,2550.000000000,2543.000000000,5,0
cubic_2300.txt,9,0.042999983,RVNS,2547.000000000,2543.000000000,5,0
cubic_2300.txt,9,0.121000051,Tabu Search,2545.000000000,2543.000000000,5,0
cubic_2300.txt,9,1.391999960,ACO,2477.000000000,2477.000000000,5,1
cubic_2300.txt,9,2.434000015,ACO,2481.000000000,2477.000000000,5,0
cubic_2300.txt,9,3.314000130,ACO,2459.000000000,2459.000000000,5,1
cubic_2300.txt,9,4.380000114,ACO,2462.000000000,2459.000000000,5,0
cubic_2300.txt,9,5.309999943,HHO,2063.000000000,2063.000000000,5,1
cubic_2300.txt,9,6.414999962,ACO,2451.000000000,2063.000000000,5,0
cubic_2300.txt,9,7.549999952,ACO,2418.000000000,2063.000000000,5,0
cubic_2300.txt,9,8.431999922,ACO,2035.000000000,2035.000000000,5,1
cubic_2300.txt,9,9.312999964,ACO,2052.000000000,2035.000000000,5,0
cubic_2300.txt,9,10.206000090,ACO,2043.000000000,2035.000000000,5,0
cubic_2300.txt,9,10.460000038,HHO,2028.000000000,2028.000000000,5,1
cubic_2300.txt,9,12.132999897,ACO,2046.000000000,2028.000000000,5,0
cubic_2300.txt,9,13.122999907,ACO,2045.000000000,2028.000000000,5,0
cubic_2300.txt,9,15.940999985,ACO,2024.000000000,2024.000000000,5,1
cubic_2300.txt,9,18.062999964,ACO,2019.000000000,2019.000000000,5,1
cubic_2300.txt,9,22.197999954,ACO,2025.000000000,2019.000000000,5,0
cubic_2300.txt,9,22.667000055,HHO,2009.000000000,2009.000000000,5,1
cubic_2300.txt,9,27.872999907,ACO,2011.000000000,2009.000000000,5,0
cubic_2300.txt,9,29.153000116,HHO,2020.000000000,2009.000000000,5,0
cubic_2300.txt,9,42.341000080,ACO,2015.000000000,2009.000000000,5,0
cubic_2300.txt,10,0.006000042,Tabu Search,2559.000000000,2559.000000000,1,1
cubic_2300.txt,10,0.007999897,RVNS,2563.000000000,2559.000000000,2,0
cubic_2300.txt,10,0.013000011,RVNS,2560.000000000,2559.000000000,3,0
cubic_2300.txt,10,0.015000105,Tabu Search,2569.000000000,2559.000000000,4,0
cubic_2300.txt,10,0.017999887,Tabu Search,2558.000000000,2558.000000000,5,1
cubic_2300.txt,10,0.017999887,RVNS,2555.000000000,2555.000000000,5,1
cubic_2300.txt,10,0.019999981,Tabu Search,2562.000000000,2555.000000000,5,0
cubic_2300.txt,10,0.033999920,Tabu Search,2561.000000000,2555.000000000,5,0
cubic_2300.txt,10,0.066999912,Tabu Search,2557.000000000,2555.000000000,5,0
cubic_2300.txt,10,1.506999969,ACO,2477.000000000,2477.000000000,5,1
cubic_2300.txt,10,2.569000006,ACO,2474.000000000,2474.000000000,5,1
cubic_2300.txt,10,3.533999920,ACO,2455.000000000,2455.000000000,5,1
cubic_2300.txt,10,4.430000067,ACO,2451.000000000,2451.000000000,5,1
cubic_2300.txt,10,5.336999893,HHO,2035.000000000,2035.000000000,5,1
cubic_2300.txt,10,6.263000011,ACO,2051.000000000,2035.000000000,5,0
cubic_2300.txt,10,7.255000114,ACO,2047.000000000,2035.000000000,5,0
cubic_2300.txt,10,8.171000004,ACO,2048.000000000,2035.000000000,5,0
cubic_2300.txt,10,9.091000080,ACO,2039.000000000,2035.000000000,5,0
cubic_2300.txt,10,10.065000057,ACO,2036.000000000,2035.000000000,5,0
cubic_2300.txt,10,11.910000086,ACO,2040.000000000,2035.000000000,5,0
cubic_2300.txt,10,13.788000107,ACO,2046.000000000,2035.000000000,5,0
cubic_2300.txt,10,15.956000090,ACO,2024.000000000,2024.000000000,5,1
cubic_2300.txt,10,17.006000042,ACO,2032.000000000,2024.000000000,5,0
cubic_2300.txt,10,19.121999979,ACO,2037.000000000,2024.000000000,5,0
cubic_2300.txt,10,21.865000010,ACO,2012.000000000,2012.000000000,5,1
cubic_2300.txt,10,29.842000008,ACO,2029.000000000,2012.000000000,5,0
cubic_2300.txt,10,30.894000053,ACO,2031.000000000,2012.000000000,5,0
cubic_2300.txt,10,31.933000088,ACO,2026.000000000,2012.000000000,5,0
cubic_2300.txt,10,33.915999889,ACO,2021.000000000,2012.000000000,5,0
cubic_2300.txt,10,36.127000093,HHO,2027.000000000,2012.000000000,5,0
cubic_2300.txt,10,44.065999985,ACO,2022.000000000,2012.000000000,5,0
cubic_2400.txt,1,0.005999804,Tabu Search,2676.000000000,2676.000000000,1,1
cubic_2400.txt,1,0.006999969,RVNS,2667.000000000,2667.000000000,2,1
cubic_2400.txt,1,0.007999897,Tabu Search,2683.000000000,2667.000000000,3,0
cubic_2400.txt,1,0.009999990,RVNS,2685.000000000,2667.000000000,4,0
cubic_2400.txt,1,0.010999918,Tabu Search,2672.000000000,2667.000000000,5,0
cubic_2400.txt,1,0.013999939,Tabu Search,2664.000000000,2664.000000000,5,1
cubic_2400.txt,1,0.020999908,Tabu Search,2663.000000000,2663.000000000,5,1
cubic_2400.txt,1,0.023999929,RVNS,2668.000000000,2663.000000000,5,0
cubic_2400.txt,1,0.024999857,Tabu Search,2666.000000000,2663.000000000,5,0
cubic_2400.txt,1,0.101999998,Tabu Search,2665.000000000,2663.000000000,5,0
cubic_2400.txt,1,1.312999964,ACO,2607.000000000,2607.000000000,5,1
cubic_2400.txt,1,2.364999771,ACO,2582.000000000,2582.000000000,5,1
cubic_2400.txt,1,3.330999851,ACO,2581.000000000,2581.000000000,5,1
cubic_2400.txt,1,4.278999805,ACO,2560.000000000,2560.000000000,5,1
cubic_2400.txt,1,5.199999809,ACO,2559.000000000,2559.000000000,5,1
cubic_2400.txt,1,5.208999872,HHO,2165.000000000,2165.000000000,5,1
cubic_2400.txt,1,6.131999969,ACO,2561.000000000,2165.000000000,5,0
cubic_2400.txt,1,7.054999828,ACO,2157.000000000,2157.000000000,5,1
cubic_2400.txt,1,7.994999886,ACO,2189.000000000,2157.000000000,5,0
cubic_2400.txt,1,8.968999863,ACO,2152.000000000,2152.000000000,5,1
cubic_2400.txt,1,9.981999874,ACO,2169.000000000,2152.000000000,5,0
cubic_2400.txt,1,10.652999878,HHO,2143.000000000,2143.000000000,5,1
cubic_2400.txt,1,11.146999836,ACO,2166.000000000,2143.000000000,5,0
cubic_2400.txt,1,12.225999832,ACO,2144.000000000,2143.000000000,5,0
cubic_2400.txt,1,14.136999846,ACO,2154.000000000,2143.000000000,5,0
cubic_2400.txt,1,15.057999849,ACO,2136.000000000,2136.000000000,5,1
cubic_2400.txt,1,16.136999846,ACO,2145.000000000,2136.000000000,5,0
cubic_2400.txt,1,19.019999981,ACO,2148.000000000,2136.000000000,5,0
cubic_2400.txt,1,20.008999825,ACO,2123.000000000,2123.000000000,5,1
cubic_2400.txt,1,22.923999786,ACO,2132.000000000,2123.000000000,5,0
cubic_2400.txt,1,23.853999853,ACO,2133.000000000,2123.000000000,5,0
cubic_2400.txt,1,24.886999846,ACO,2137.000000000,2123.000000000,5,0
cubic_2400.txt,1,26.203999996,ACO,2112.000000000,2112.000000000,5,1
cubic_2400.txt,1,27.391999960,ACO,2119.000000000,2112.000000000,5,0
cubic_2400.txt,1,28.332999945,ACO,2121.000000000,2112.000000000,5,0
cubic_2400.txt,1,30.563999891,ACO,2125.000000000,2112.000000000,5,0
cubic_2400.txt,1,31.636999846,ACO,2118.000000000,2112.000000000,5,0
cubic_2400.txt,1,37.966999769,ACO,2113.000000000,2112.000000000,5,0
cubic_2400.txt,1,43.175999880,ACO,2108.000000000,2108.000000000,5,1
cubic_2400.txt,1,47.015999794,ACO,2117.000000000,2108.000000000,5,0
cubic_2400.txt,1,51.671999931,ACO,2114.000000000,2108.000000000,5,0
cubic_2400.txt,2,0.005000114,Tabu Search,2730.000000000,2730.000000000,1,1
cubic_2400.txt,2,0.006999969,RVNS,2682.000000000,2682.000000000,2,1
cubic_2400.txt,2,0.006999969,Tabu Search,2727.000000000,2682.000000000,3,0
cubic_2400.txt,2,0.009000063,Tabu Search,2678.000000000,2678.000000000,4,1
cubic_2400.txt,2,0.013000011,Tabu Search,2675.000000000,2675.000000000,5,1
cubic_2400.txt,2,0.016000032,Tabu Search,2679.000000000,2675.000000000,5,0
cubic_2400.txt,2,0.016999960,RVNS,2677.000000000,2675.000000000,5,0
cubic_2400.txt,2,0.022000074,Tabu Search,2671.000000000,2671.000000000,5,1
cubic_2400.txt,2,0.031000137,RVNS,2674.000000000,2671.000000000,5,0
cubic_2400.txt,2,0.052000046,RVNS,2676.000000000,2671.000000000,5,0
cubic_2400.txt,2,0.055999994,Tabu Search,2672.000000000,2671.000000000,5,0
cubic_2400.txt,2,0.095000029,RVNS,2673.000000000,2671.000000000,5,0
cubic_2400.txt,2,0.175000191,RVNS,2669.000000000,2669.000000000,5,1
cubic_2400.txt,2,1.397000074,ACO,2602.000000000,2602.000000000,5,1
cubic_2400.txt,2,2.341000080,ACO,2585.000000000,2585.000000000,5,1
cubic_2400.txt,2,3.460999966,ACO,2578.000000000,2578.000000000,5,1
cubic_2400.txt,2,4.531000137,ACO,2569.000000000,2569.000000000,5,1
cubic_2400.txt,2,5.562000036,ACO,2570.000000000,2569.000000000,5,0
cubic_2400.txt,2,5.787000179,HHO,2149.000000000,2149.000000000,5,1
cubic_2400.txt,2,6.731000185,ACO,2568.000000000,2149.000000000,5,0
cubic_2400.txt,2,7.650000095,ACO,2547.000000000,2149.000000000,5,0
cubic_2400.txt,2,8.590000153,ACO,2530.000000000,2149.000000000,5,0
cubic_2400.txt,2,9.496000051,ACO,2535.000000000,2149.000000000,5,0
cubic_2400.txt,2,10.409000158,ACO,2538.000000000,2149.000000000,5,0
cubic_2400.txt,2,11.187000036,HHO,2130.000000000,2130.000000000,5,1
cubic_2400.txt,2,11.401000023,ACO,2536.000000000,2130.000000000,5,0
cubic_2400.txt,2,12.304000139,ACO,2163.000000000,2130.000000000,5,0
cubic_2400.txt,2,13.246999979,ACO,2120.000000000,2120.000000000,5,1
cubic_2400.txt,2,14.154999971,ACO,2136.000000000,2120.000000000,5,0
cubic_2400.txt,2,15.976000071,ACO,2128.000000000,2120.000000000,5,0
cubic_2400.txt,2,16.759000063,HHO,2139.000000000,2120.000000000,5,0
cubic_2400.txt,2,22.506999969,ACO,2114.000000000,2114.000000000,5,1
cubic_2400.txt,2,23.483000040,HHO,2126.000000000,2114.000000000,5,0
cubic_2400.txt,2,24.370000124,ACO,2119.000000000,2114.000000000,5,0
cubic_2400.txt,2,26.282000065,ACO,2104.000000000,2104.000000000,5,1
cubic_2400.txt,2,27.315999985,ACO,2122.000000000,2104.000000000,5,0
cubic_2400.txt,2,29.187000036,ACO,2103.000000000,2103.000000000,5,1
cubic_2400.txt,2,30.107000113,ACO,2111.000000000,2103.000000000,5,0
cubic_2400.txt,2,36.064000130,ACO,2117.000000000,2103.000000000,5,0
cubic_2400.txt,2,37.021000147,ACO,2113.000000000,2103.000000000,5,0
cubic_2400.txt,2,49.515000105,ACO,2102.000000000,2102.000000000,5,1
cubic_2400.txt,3,0.006999969,Tabu Search,2643.000000000,2643.000000000,1,1
cubic_2400.txt,3,0.006999969,RVNS,2700.000000000,2643.000000000,2,0
cubic_2400.txt,3,0.010999918,RVNS,2651.000000000,2643.000000000,3,0
cubic_2400.txt,3,0.013999939,RVNS,2696.000000000,2643.000000000,4,0
cubic_2400.txt,3,0.013999939,Tabu Search,2655.000000000,2643.000000000,5,0
cubic_2400.txt,3,0.016999960,Tabu Search,2652.000000000,2643.000000000,5,0
cubic_2400.txt,3,0.022000074,Tabu Search,2645.000000000,2643.000000000,5,0
cubic_2400.txt,3,0.025000095,Tabu Search,2653.000000000,2643.000000000,5,0
cubic_2400.txt,3,0.025000095,RVNS,2650.000000000,2643.000000000,5,0
cubic_2400.txt,3,0.029999971,RVNS,2649.000000000,2643.000000000,5,0
cubic_2400.txt,3,0.032999992,RVNS,2648.000000000,2643.000000000,5,0
cubic_2400.txt,3,0.033999920,Tabu Search,2647.000000000,2643.000000000,5,0
cubic_2400.txt,3,0.061000109,RVNS,2646.000000000,2643.000000000,5,0
cubic_2400.txt,3,0.125000000,Tabu Search,2644.000000000,2643.000000000,5,0
cubic_2400.txt,3,1.286999941,ACO,2597.000000000,2597.000000000,5,1
cubic_2400.txt,3,2.209000111,ACO,2592.000000000,2592.000000000,5,1
cubic_2400.txt,3,3.104000092,ACO,2578.000000000,2578.000000000,5,1
cubic_2400.txt,3,3.985000134,ACO,2571.000000000,2571.000000000,5,1
cubic_2400.txt,3,5.016999960,ACO,2566.000000000,2566.000000000,5,1
cubic_2400.txt,3,5.085000038,HHO,2156.000000000,2156.000000000,5,1
cubic_2400.txt,3,5.937000036,ACO,2554.000000000,2156.000000000,5,0
cubic_2400.txt,3,6.812000036,ACO,2560.000000000,2156.000000000,5,0
cubic_2400.txt,3,7.714999914,ACO,2555.000000000,2156.000000000,5,0
cubic_2400.txt,3,9.549999952,ACO,2546.000000000,2156.000000000,5,0
cubic_2400.txt,3,10.394999981,HHO,2134.000000000,2134.000000000,5,1
cubic_2400.txt,3,10.689000130,ACO,2525.000000000,2134.000000000,5,0
cubic_2400.txt,3,11.736000061,ACO,2523.000000000,2134.000000000,5,0
cubic_2400.txt,3,12.727999926,ACO,2532.000000000,2134.000000000,5,0
cubic_2400.txt,3,13.756999969,ACO,2128.000000000,2128.000000000,5,1
cubic_2400.txt,3,14.792000055,ACO,2130.000000000,2128.000000000,5,0
cubic_2400.txt,3,15.793999910,ACO,2140.000000000,2128.000000000,5,0
cubic_2400.txt,3,16.339999914,HHO,2111.000000000,2111.000000000,5,1
cubic_2400.txt,3,16.693000078,ACO,2131.000000000,2111.000000000,5,0
cubic_2400.txt,3,18.614000082,ACO,2124.000000000,2111.000000000,5,0
cubic_2400.txt,3,20.556999922,ACO,2107.000000000,2107.000000000,5,1
cubic_2400.txt,3,21.513000011,ACO,2117.000000000,2107.000000000,5,0
cubic_2400.txt,3,26.768000126,ACO,2125.000000000,2107.000000000,5,0
cubic_2400.txt,3,28.809999943,ACO,2115.000000000,2107.000000000,5,0
cubic_2400.txt,3,29.832000017,ACO,2106.000000000,2106.000000000,5,1
cubic_2400.txt,3,30.861000061,ACO,2105.000000000,2105.000000000,5,1
cubic_2400.txt,4,0.006999969,RVNS,2701.000000000,2701.000000000,1,1
cubic_2400.txt,4,0.006999969,Tabu Search,2607.000000000,2607.000000000,2,1
cubic_2400.txt,4,0.009000063,RVNS,2703.000000000,2607.000000000,3,0
cubic_2400.txt,4,0.010999918,Tabu Search,2605.000000000,2605.000000000,4,1
cubic_2400.txt,4,0.013999939,Tabu Search,2603.000000000,2603.000000000,5,1
cubic_2400.txt,4,0.014999866,RVNS,2604.000000000,2603.000000000,5,0
cubic_2400.txt,4,0.019000053,Tabu Search,2606.000000000,2603.000000000,5,0
cubic_2400.txt,4,0.023999929,RVNS,2601.000000000,2601.000000000,5,1
cubic_2400.txt,4,0.027999878,Tabu Search,2600.000000000,2600.000000000,5,1
cubic_2400.txt,4,0.042999983,Tabu Search,2602.000000000,2600.000000000,5,0
cubic_2400.txt,4,0.089999914,Tabu Search,2599.000000000,2599.000000000,5,1
cubic_2400.txt,4,0.154000044,RVNS,2597.000000000,2597.000000000,5,1
cubic_2400.txt,4,1.322999954,ACO,2589.000000000,2589.000000000,5,1
cubic_2400.txt,4,2.378999949,ACO,2592.000000000,2589.000000000,5,0
cubic_2400.txt,4,3.368000031,ACO,2570.000000000,2570.000000000,5,1
cubic_2400.txt,4,4.280999899,ACO,2571.000000000,2570.000000000,5,0
cubic_2400.txt,4,5.320999861,ACO,2555.000000000,2555.000000000,5,1
cubic_2400.txt,4,5.490000010,HHO,2151.000000000,2151.000000000,5,1
cubic_2400.txt,4,6.424999952,ACO,2551.000000000,2151.000000000,5,0
cubic_2400.txt,4,7.540999889,ACO,2550.000000000,2151.000000000,5,0
cubic_2400.txt,4,8.473000050,ACO,2523.000000000,2151.000000000,5,0
cubic_2400.txt,4,9.382999897,ACO,2170.000000000,2151.000000000,5,0
cubic_2400.txt,4,10.302999973,ACO,2171.000000000,2151.000000000,5,0
cubic_2400.txt,4,10.796000004,HHO,2155.000000000,2151.000000000,5,0
cubic_2400.txt,4,12.221999884,ACO,2133.000000000,2133.000000000,5,1
cubic_2400.txt,4,13.154999971,ACO,2156.000000000,2133.000000000,5,0
cubic_2400.txt,4,14.072000027,ACO,2137.000000000,2133.000000000,5,0
cubic_2400.txt,4,15.026999950,ACO,2141.000000000,2133.000000000,5,0
cubic_2400.txt,4,15.973000050,ACO,2148.000000000,2133.000000000,5,0
cubic_2400.txt,4,16.514999866,HHO,2136.000000000,2133.000000000,5,0
cubic_2400.txt,4,18.006000042,ACO,2142.000000000,2133.000000000,5,0
cubic_2400.txt,4,22.195999861,ACO,2111.000000000,2111.000000000,5,1
cubic_2400.txt,4,23.283999920,ACO,2130.000000000,2111.000000000,5,0
cubic_2400.txt,4,24.253999949,ACO,2123.000000000,2111.000000000,5,0
cubic_2400.txt,4,25.197000027,ACO,2107.000000000,2107.000000000,5,1
cubic_2400.txt,4,27.026999950,ACO,2121.000000000,2107.000000000,5,0
cubic_2400.txt,4,28.128000021,ACO,2124.000000000,2107.000000000,5,0
cubic_2400.txt,4,38.309999943,ACO,2119.000000000,2107.000000000,5,0
cubic_2400.txt,4,39.273000002,ACO,2112.000000000,2107.000000000,5,0
cubic_2400.txt,4,40.171999931,ACO,2105.000000000,2105.000000000,5,1
cubic_2400.txt,4,44.879999876,ACO,2115.000000000,2105.000000000,5,0
cubic_2400.txt,5,0.006000042,Tabu Search,2697.000000000,2697.000000000,1,1
cubic_2400.txt,5,0.006000042,RVNS,2706.000000000,2697.000000000,2,0
cubic_2400.txt,5,0.009999990,Tabu Search,2700.000000000,2697.000000000,3,0
cubic_2400.txt,5,0.009999990,RVNS,2705.000000000,2697.000000000,4,0
cubic_2400.txt,5,0.016999960,Tabu Search,2696.000000000,2696.000000000,5,1
cubic_2400.txt,5,0.018000126,RVNS,2690.000000000,2690.000000000,5,1
cubic_2400.txt,5,0.021000147,Tabu Search,2698.000000000,2690.000000000,5,0
cubic_2400.txt,5,0.022000074,RVNS,2693.000000000,2690.000000000,5,0
cubic_2400.txt,5,0.028000116,RVNS,2695.000000000,2690.000000000,5,0
cubic_2400.txt,5,0.044000149,Tabu Search,2694.000000000,2690.000000000,5,0
cubic_2400.txt,5,0.046000004,RVNS,2691.000000000,2690.000000000,5,0
cubic_2400.txt,5,0.062000036,RVNS,2692.000000000,2690.000000000,5,0
cubic_2400.txt,5,0.172000170,Tabu Search,2686.000000000,2686.000000000,5,1
cubic_2400.txt,5,0.203999996,Tabu Search,2687.000000000,2686.000000000,5,0
cubic_2400.txt,5,0.263000011,Tabu Search,2689.000000000,2686.000000000,5,0
cubic_2400.txt,5,1.470999956,ACO,2599.000000000,2599.000000000,5,1
cubic_2400.txt,5,2.578000069,ACO,2586.000000000,2586.000000000,5,1
cubic_2400.txt,5,3.490000010,ACO,2558.000000000,2558.000000000,5,1
cubic_2400.txt,5,4.421000004,ACO,2553.000000000,2553.000000000,5,1
cubic_2400.txt,5,5.492000103,ACO,2550.000000000,2550.000000000,5,1
cubic_2400.txt,5,5.705000162,HHO,2149.000000000,2149.000000000,5,1
cubic_2400.txt,5,6.539000034,ACO,2538.000000000,2149.000000000,5,0
cubic_2400.txt,5,7.618999958,ACO,2539.000000000,2149.000000000,5,0
cubic_2400.txt,5,8.627000093,ACO,2541.000000000,2149.000000000,5,0
cubic_2400.txt,5,11.062000036,ACO,2542.000000000,2149.000000000,5,0
cubic_2400.txt,5,11.755000114,HHO,2161.000000000,2149.000000000,5,0
cubic_2400.txt,5,12.035000086,ACO,2535.000000000,2149.000000000,5,0
cubic_2400.txt,5,13.029999971,ACO,2150.000000000,2149.000000000,5,0
cubic_2400.txt,5,13.993999958,ACO,2153.000000000,2149.000000000,5,0
cubic_2400.txt,5,15.024000168,ACO,2147.000000000,2147.000000000,5,1
cubic_2400.txt,5,17.052999973,ACO,2139.000000000,2139.000000000,5,1
cubic_2400.txt,5,18.187999964,ACO,2144.000000000,2139.000000000,5,0
cubic_2400.txt,5,20.029000044,ACO,2132.000000000,2132.000000000,5,1
cubic_2400.txt,5,24.838999987,ACO,2138.000000000,2132.000000000,5,0
cubic_2400.txt,5,25.761000156,ACO,2145.000000000,2132.000000000,5,0
cubic_2400.txt,5,26.687000036,ACO,2137.000000000,2132.000000000,5,0
cubic_2400.txt,5,27.605000019,ACO,2126.000000000,2126.000000000,5,1
cubic_2400.txt,5,29.913000107,ACO,2123.000000000,2123.000000000,5,1
cubic_2400.txt,5,30.980999947,ACO,2124.000000000,2123.000000000,5,0
cubic_2400.txt,5,32.062999964,ACO,2109.000000000,2109.000000000,5,1
cubic_2400.txt,5,33.992000103,ACO,2119.000000000,2109.000000000,5,0
cubic_2400.txt,5,47.924999952,ACO,2121.000000000,2109.000000000,5,0
cubic_2400.txt,5,48.857000113,ACO,2116.000000000,2109.000000000,5,0
cubic_2400.txt,6,0.006999969,RVNS,2699.000000000,2699.000000000,1,1
cubic_2400.txt,6,0.006999969,Tabu Search,2610.000000000,2610.000000000,2,1
cubic_2400.txt,6,0.011000156,Tabu Search,2601.000000000,2601.000000000,3,1
cubic_2400.txt,6,0.011000156,RVNS,2700.000000000,2601.000000000,4,0
cubic_2400.txt,6,0.016000032,RVNS,2698.000000000,2601.000000000,5,0
cubic_2400.txt,6,0.016999960,Tabu Search,2598.000000000,2598.000000000,5,1
cubic_2400.txt,6,0.019000053,RVNS,2606.000000000,2598.000000000,5,0
cubic_2400.txt,6,0.022000074,RVNS,2603.000000000,2598.000000000,5,0
cubic_2400.txt,6,0.023000002,Tabu Search,2607.000000000,2598.000000000,5,0
cubic_2400.txt,6,0.025000095,RVNS,2604.000000000,2598.000000000,5,0
cubic_2400.txt,6,0.026999950,Tabu Search,2605.000000000,2598.000000000,5,0
cubic_2400.txt,6,0.032000065,RVNS,2602.000000000,2598.000000000,5,0
cubic_2400.txt,6,0.039999962,RVNS,2600.000000000,2598.000000000,5,0
cubic_2400.txt,6,0.046999931,Tabu Search,2599.000000000,2598.000000000,5,0
cubic_2400.txt,6,0.131999969,Tabu Search,2597.000000000,2597.000000000,5,1
cubic_2400.txt,6,0.207999945,RVNS,2593.000000000,2593.000000000,5,1
cubic_2400.txt,6,2.246999979,ACO,2583.000000000,2583.000000000,5,1
cubic_2400.txt,6,3.410000086,ACO,2564.000000000,2564.000000000,5,1
cubic_2400.txt,6,4.327000141,ACO,2558.000000000,2558.000000000,5,1
cubic_2400.txt,6,5.388000011,HHO,2169.000000000,2169.000000000,5,1
cubic_2400.txt,6,6.391999960,ACO,2555.000000000,2169.000000000,5,0
cubic_2400.txt,6,7.585999966,ACO,2556.000000000,2169.000000000,5,0
cubic_2400.txt,6,8.742000103,ACO,2537.000000000,2169.000000000,5,0
cubic_2400.txt,6,9.805000067,ACO,2540.000000000,2169.000000000,5,0
cubic_2400.txt,6,10.815999985,ACO,2532.000000000,2169.000000000,5,0
cubic_2400.txt,6,11.647000074,HHO,2148.000000000,2148.000000000,5,1
cubic_2400.txt,6,11.845000029,ACO,2534.000000000,2148.000000000,5,0
cubic_2400.txt,6,12.860000134,ACO,2508.000000000,2148.000000000,5,0
cubic_2400.txt,6,14.032999992,ACO,2512.000000000,2148.000000000,5,0
cubic_2400.txt,6,15.052000046,ACO,2133.000000000,2133.000000000,5,1
cubic_2400.txt,6,16.236000061,ACO,2154.000000000,2133.000000000,5,0
cubic_2400.txt,6,17.380000114,ACO,2174.000000000,2133.000000000,5,0
cubic_2400.txt,6,18.615999937,ACO,2151.000000000,2133.000000000,5,0
cubic_2400.txt,6,18.692000151,HHO,2149.000000000,2133.000000000,5,0
cubic_2400.txt,6,20.871000051,ACO,2137.000000000,2133.000000000,5,0
cubic_2400.txt,6,23.164000034,ACO,2121.000000000,2121.000000000,5,1
cubic_2400.txt,6,24.453999996,ACO,2135.000000000,2121.000000000,5,0
cubic_2400.txt,6,27.500000000,ACO,2136.000000000,2121.000000000,5,0
cubic_2400.txt,6,28.450999975,ACO,2110.000000000,2110.000000000,5,1
cubic_2400.txt,6,31.424999952,ACO,2120.000000000,2110.000000000,5,0
cubic_2400.txt,6,32.358999968,ACO,2122.000000000,2110.000000000,5,0
cubic_2400.txt,6,34.271000147,ACO,2126.000000000,2110.000000000,5,0
cubic_2400.txt,6,35.269999981,ACO,2125.000000000,2110.000000000,5,0
cubic_2400.txt,6,37.429000139,ACO,2123.000000000,2110.000000000,5,0
cubic_2400.txt,6,39.462000132,ACO,2113.000000000,2110.000000000,5,0
cubic_2400.txt,6,46.025000095,ACO,2111.000000000,2110.000000000,5,0
cubic_2400.txt,6,46.947000027,ACO,2115.000000000,2110.000000000,5,0
cubic_2400.txt,6,50.894000053,ACO,2119.000000000,2110.000000000,5,0
cubic_2400.txt,7,0.008000135,Tabu Search,2648.000000000,2648.000000000,1,1
cubic_2400.txt,7,0.009000063,RVNS,2696.000000000,2648.000000000,2,0
cubic_2400.txt,7,0.012000084,Tabu Search,2653.000000000,2648.000000000,3,0
cubic_2400.txt,7,0.013000011,RVNS,2649.000000000,2648.000000000,4,0
cubic_2400.txt,7,0.016000032,Tabu Search,2651.000000000,2648.000000000,5,0
cubic_2400.txt,7,0.020999908,Tabu Search,2655.000000000,2648.000000000,5,0
cubic_2400.txt,7,0.029999971,Tabu Search,2647.000000000,2647.000000000,5,1
cubic_2400.txt,7,0.035000086,RVNS,2652.000000000,2647.000000000,5,0
cubic_2400.txt,7,0.069999933,RVNS,2645.000000000,2645.000000000,5,1
cubic_2400.txt,7,0.084000111,Tabu Search,2650.000000000,2645.000000000,5,0
cubic_2400.txt,7,0.085999966,RVNS,2646.000000000,2645.000000000,5,0
cubic_2400.txt,7,0.095000029,Tabu Search,2644.000000000,2644.000000000,5,1
cubic_2400.txt,7,1.554000139,ACO,2586.000000000,2586.000000000,5,1
cubic_2400.txt,7,2.485000134,ACO,2579.000000000,2579.000000000,5,1
cubic_2400.txt,7,4.292000055,ACO,2559.000000000,2559.000000000,5,1
cubic_2400.txt,7,5.335999966,ACO,2560.000000000,2559.000000000,5,0
cubic_2400.txt,7,5.430000067,HHO,2141.000000000,2141.000000000,5,1
cubic_2400.txt,7,6.243000031,ACO,2550.000000000,2141.000000000,5,0
cubic_2400.txt,7,7.203000069,ACO,2144.000000000,2141.000000000,5,0
cubic_2400.txt,7,8.225000143,ACO,2149.000000000,2141.000000000,5,0
cubic_2400.txt,7,9.143000126,ACO,2173.000000000,2141.000000000,5,0
cubic_2400.txt,7,10.196000099,ACO,2146.000000000,2141.000000000,5,0
cubic_2400.txt,7,10.725000143,HHO,2163.000000000,2141.000000000,5,0
cubic_2400.txt,7,12.436000109,ACO,2162.000000000,2141.000000000,5,0
cubic_2400.txt,7,13.444000006,ACO,2130.000000000,2130.000000000,5,1
cubic_2400.txt,7,14.506999969,ACO,2143.000000000,2130.000000000,5,0
cubic_2400.txt,7,17.426000118,ACO,2115.000000000,2115.000000000,5,1
cubic_2400.txt,7,18.394000053,ACO,2136.000000000,2115.000000000,5,0
cubic_2400.txt,7,19.314000130,ACO,2137.000000000,2115.000000000,5,0
cubic_2400.txt,7,21.249000072,ACO,2135.000000000,2115.000000000,5,0
cubic_2400.txt,7,24.059999943,ACO,2128.000000000,2115.000000000,5,0
cubic_2400.txt,7,25.023000002,ACO,2114.000000000,2114.000000000,5,1
cubic_2400.txt,7,26.048000097,ACO,2131.000000000,2114.000000000,5,0
cubic_2400.txt,7,28.039000034,ACO,2119.000000000,2114.000000000,5,0
cubic_2400.txt,7,32.160000086,ACO,2117.000000000,2114.000000000,5,0
cubic_2400.txt,7,35.867000103,ACO,2122.000000000,2114.000000000,5,0
cubic_2400.txt,7,40.595999956,ACO,2111.000000000,2111.000000000,5,1
cubic_2400.txt,7,41.519999981,ACO,2106.000000000,2106.000000000,5,1
cubic_2400.txt,7,42.513000011,ACO,2102.000000000,2102.000000000,5,1
cubic_2400.txt,7,49.454999924,ACO,2109.000000000,2102.000000000,5,0
cubic_2400.txt,8,0.005999804,RVNS,2692.000000000,2692.000000000,1,1
cubic_2400.txt,8,0.006999969,Tabu Search,2667.000000000,2667.000000000,2,1
cubic_2400.txt,8,0.008999825,RVNS,2694.000000000,2667.000000000,3,0
cubic_2400.txt,8,0.008999825,Tabu Search,2659.000000000,2659.000000000,4,1
cubic_2400.txt,8,0.011999846,RVNS,2689.000000000,2659.000000000,5,0
cubic_2400.txt,8,0.014999866,Tabu Search,2668.000000000,2659.000000000,5,0
cubic_2400.txt,8,0.018999815,RVNS,2666.000000000,2659.000000000,5,0
cubic_2400.txt,8,0.023000002,RVNS,2662.000000000,2659.000000000,5,0
cubic_2400.txt,8,0.025999784,Tabu Search,2665.000000000,2659.000000000,5,0
cubic_2400.txt,8,0.028999805,Tabu Search,2664.000000000,2659.000000000,5,0
cubic_2400.txt,8,0.046999931,Tabu Search,2663.000000000,2659.000000000,5,0
cubic_2400.txt,8,0.090999842,RVNS,2658.000000000,2658.000000000,5,1
cubic_2400.txt,8,0.120999813,RVNS,2660.000000000,2658.000000000,5,0
cubic_2400.txt,8,0.129999876,RVNS,2661.000000000,2658.000000000,5,0
cubic_2400.txt,8,1.284999847,ACO,2600.000000000,2600.000000000,5,1
cubic_2400.txt,8,2.411000013,ACO,2580.000000000,2580.000000000,5,1
cubic_2400.txt,8,3.352999926,ACO,2578.000000000,2578.000000000,5,1
cubic_2400.txt,8,4.269999981,ACO,2571.000000000,2571.000000000,5,1
cubic_2400.txt,8,5.302999973,ACO,2567.000000000,2567.000000000,5,1
cubic_2400.txt,8,5.419999838,HHO,2148.000000000,2148.000000000,5,1
cubic_2400.txt,8,6.205999851,ACO,2565.000000000,2148.000000000,5,0
cubic_2400.txt,8,7.602999926,ACO,2558.000000000,2148.000000000,5,0
cubic_2400.txt,8,8.606999874,ACO,2541.000000000,2148.000000000,5,0
cubic_2400.txt,8,9.592999935,ACO,2540.000000000,2148.000000000,5,0
cubic_2400.txt,8,10.603999853,ACO,2536.000000000,2148.000000000,5,0
cubic_2400.txt,8,11.276999950,HHO,2136.000000000,2136.000000000,5,1
cubic_2400.txt,8,12.616999865,ACO,2155.000000000,2136.000000000,5,0
cubic_2400.txt,8,13.538999796,ACO,2139.000000000,2136.000000000,5,0
cubic_2400.txt,8,14.467000008,ACO,2153.000000000,2136.000000000,5,0
cubic_2400.txt,8,15.385999918,ACO,2138.000000000,2136.000000000,5,0
cubic_2400.txt,8,16.337999821,ACO,2116.000000000,2116.000000000,5,1
cubic_2400.txt,8,16.792999983,HHO,2143.000000000,2116.000000000,5,0
cubic_2400.txt,8,18.305999994,ACO,2131.000000000,2116.000000000,5,0
cubic_2400.txt,8,24.345999956,ACO,2132.000000000,2116.000000000,5,0
cubic_2400.txt,8,25.306999922,ACO,2135.000000000,2116.000000000,5,0
cubic_2400.txt,8,28.356999874,ACO,2120.000000000,2116.000000000,5,0
cubic_2400.txt,8,30.816999912,ACO,2124.000000000,2116.000000000,5,0
cubic_2400.txt,8,33.079999924,ACO,2122.000000000,2116.000000000,5,0
cubic_2400.txt,8,36.342999935,ACO,2129.000000000,2116.000000000,5,0
cubic_2400.txt,8,37.445999861,ACO,2126.000000000,2116.000000000,5,0
cubic_2400.txt,8,45.414999962,ACO,2114.000000000,2114.000000000,5,1
cubic_2400.txt,8,48.143999815,ACO,2123.000000000,2114.000000000,5,0
cubic_2400.txt,9,0.011000156,RVNS,2645.000000000,2645.000000000,1,1
cubic_2400.txt,9,0.011000156,Tabu Search,2713.000000000,2645.000000000,2,0
cubic_2400.txt,9,0.014000177,Tabu Search,2644.000000000,2644.000000000,3,1
cubic_2400.txt,9,0.016000032,RVNS,2646.000000000,2644.000000000,4,0
cubic_2400.txt,9,0.019000053,Tabu Search,2643.000000000,2643.000000000,5,1
cubic_2400.txt,9,0.024000168,RVNS,2642.000000000,2642.000000000,5,1
cubic_2400.txt,9,0.032000065,RVNS,2641.000000000,2641.000000000,5,1
cubic_2400.txt,9,0.044000149,Tabu Search,2640.000000000,2640.000000000,5,1
cubic_2400.txt,9,0.050000191,Tabu Search,2639.000000000,2639.000000000,5,1
cubic_2400.txt,9,1.515000105,ACO,2592.000000000,2592.000000000,5,1
cubic_2400.txt,9,2.481000185,ACO,2594.000000000,2592.000000000,5,0
cubic_2400.txt,9,3.404000044,ACO,2580.000000000,2580.000000000,5,1
cubic_2400.txt,9,4.313000202,ACO,2585.000000000,2580.000000000,5,0
cubic_2400.txt,9,5.101000071,HHO,2136.000000000,2136.000000000,5,1
cubic_2400.txt,9,5.282999992,ACO,2572.000000000,2136.000000000,5,0
cubic_2400.txt,9,6.269000053,ACO,2565.000000000,2136.000000000,5,0
cubic_2400.txt,9,7.156000137,ACO,2165.000000000,2136.000000000,5,0
cubic_2400.txt,9,8.061000109,ACO,2173.000000000,2136.000000000,5,0
cubic_2400.txt,9,8.983000040,ACO,2161.000000000,2136.000000000,5,0
cubic_2400.txt,9,9.907000065,ACO,2167.000000000,2136.000000000,5,0
cubic_2400.txt,9,10.176000118,HHO,2141.000000000,2136.000000000,5,0
cubic_2400.txt,9,10.995000124,ACO,2156.000000000,2136.000000000,5,0
cubic_2400.txt,9,11.957000017,ACO,2153.000000000,2136.000000000,5,0
cubic_2400.txt,9,12.961000204,ACO,2148.000000000,2136.000000000,5,0
cubic_2400.txt,9,13.966000080,ACO,2144.000000000,2136.000000000,5,0
cubic_2400.txt,9,16.044000149,ACO,2138.000000000,2136.000000000,5,0
cubic_2400.txt,9,17.080000162,ACO,2133.000000000,2133.000000000,5,1
cubic_2400.txt,9,18.041000128,ACO,2128.000000000,2128.000000000,5,1
cubic_2400.txt,9,19.006000042,ACO,2120.000000000,2120.000000000,5,1
cubic_2400.txt,9,20.959000111,ACO,2121.000000000,2120.000000000,5,0
cubic_2400.txt,9,22.085000038,ACO,2123.000000000,2120.000000000,5,0
cubic_2400.txt,9,22.989000082,ACO,2131.000000000,2120.000000000,5,0
cubic_2400.txt,9,25.775000095,ACO,2125.000000000,2120.000000000,5,0
cubic_2400.txt,9,29.775000095,ACO,2111.000000000,2111.000000000,5,1
cubic_2400.txt,9,31.868000031,ACO,2117.000000000,2111.000000000,5,0
cubic_2400.txt,9,36.840000153,ACO,2115.000000000,2111.000000000,5,0
cubic_2400.txt,9,38.706000090,ACO,2103.000000000,2103.000000000,5,1
cubic_2400.txt,9,40.624000072,ACO,2108.000000000,2103.000000000,5,0
cubic_2400.txt,9,48.259000063,ACO,2114.000000000,2103.000000000,5,0
cubic_2400.txt,9,49.175000191,ACO,2106.000000000,2103.000000000,5,0
cubic_2400.txt,10,0.003999949,RVNS,2699.000000000,2699.000000000,1,1
cubic_2400.txt,10,0.006000042,Tabu Search,2670.000000000,2670.000000000,2,1
cubic_2400.txt,10,0.006999969,RVNS,2701.000000000,2670.000000000,3,0
cubic_2400.txt,10,0.009000063,Tabu Search,2669.000000000,2669.000000000,4,1
cubic_2400.txt,10,0.009999990,RVNS,2705.000000000,2669.000000000,5,0
cubic_2400.txt,10,0.013999939,RVNS,2671.000000000,2669.000000000,5,0
cubic_2400.txt,10,0.013999939,Tabu Search,2666.000000000,2666.000000000,5,1
cubic_2400.txt,10,0.017999887,Tabu Search,2672.000000000,2666.000000000,5,0
cubic_2400.txt,10,0.022000074,RVNS,2667.000000000,2666.000000000,5,0
cubic_2400.txt,10,0.022000074,Tabu Search,2668.000000000,2666.000000000,5,0
cubic_2400.txt,10,0.026999950,RVNS,2665.000000000,2665.000000000,5,1
cubic_2400.txt,10,0.045000076,RVNS,2661.000000000,2661.000000000,5,1
cubic_2400.txt,10,0.055000067,RVNS,2664.000000000,2661.000000000,5,0
cubic_2400.txt,10,0.111999989,Tabu Search,2663.000000000,2661.000000000,5,0
cubic_2400.txt,10,0.254999876,Tabu Search,2662.000000000,2661.000000000,5,0
cubic_2400.txt,10,1.289000034,ACO,2590.000000000,2590.000000000,5,1
cubic_2400.txt,10,3.175999880,ACO,2567.000000000,2567.000000000,5,1
cubic_2400.txt,10,5.353999853,ACO,2552.000000000,2552.000000000,5,1
cubic_2400.txt,10,5.493000031,HHO,2139.000000000,2139.000000000,5,1
cubic_2400.txt,10,7.264999866,ACO,2553.000000000,2139.000000000,5,0
cubic_2400.txt,10,8.214999914,ACO,2554.000000000,2139.000000000,5,0
cubic_2400.txt,10,9.148999929,ACO,2146.000000000,2139.000000000,5,0
cubic_2400.txt,10,10.302000046,ACO,2135.000000000,2135.000000000,5,1
cubic_2400.txt,10,10.963000059,HHO,2156.000000000,2135.000000000,5,0
cubic_2400.txt,10,11.332000017,ACO,2118.000000000,2118.000000000,5,1
cubic_2400.txt,10,13.295000076,ACO,2151.000000000,2118.000000000,5,0
cubic_2400.txt,10,15.191999912,ACO,2138.000000000,2118.000000000,5,0
cubic_2400.txt,10,16.740000010,HHO,2145.000000000,2118.000000000,5,0
cubic_2400.txt,10,18.056999922,ACO,2141.000000000,2118.000000000,5,0
cubic_2400.txt,10,18.993999958,ACO,2137.000000000,2118.000000000,5,0
cubic_2400.txt,10,28.023999929,ACO,2120.000000000,2118.000000000,5,0
cubic_2400.txt,10,29.096999884,ACO,2122.000000000,2118.000000000,5,0
cubic_2400.txt,10,30.241999865,ACO,2136.000000000,2118.000000000,5,0
cubic_2400.txt,10,30.675999880,HHO,2131.000000000,2118.000000000,5,0
cubic_2400.txt,10,36.312999964,ACO,2124.000000000,2118.000000000,5,0
cubic_2400.txt,10,41.023999929,ACO,2123.000000000,2118.000000000,5,0
cubic_2400.txt,10,41.934999943,ACO,2117.000000000,2117.000000000,5,1
cubic_2500.txt,1,0.004999876,Tabu Search,2775.000000000,2775.000000000,1,1
cubic_2500.txt,1,0.006999969,RVNS,2769.000000000,2769.000000000,2,1
cubic_2500.txt,1,0.007999897,Tabu Search,2767.000000000,2767.000000000,3,1
cubic_2500.txt,1,0.013999939,RVNS,2764.000000000,2764.000000000,4,1
cubic_2500.txt,1,0.014999866,Tabu Search,2762.000000000,2762.000000000,5,1
cubic_2500.txt,1,0.017999887,RVNS,2771.000000000,2762.000000000,5,0
cubic_2500.txt,1,0.023000002,Tabu Search,2768.000000000,2762.000000000,5,0
cubic_2500.txt,1,0.023999929,RVNS,2761.000000000,2761.000000000,5,1
cubic_2500.txt,1,0.029999971,RVNS,2765.000000000,2761.000000000,5,0
cubic_2500.txt,1,0.065999985,Tabu Search,2755.000000000,2755.000000000,5,1
cubic_2500.txt,1,0.080999851,Tabu Search,2759.000000000,2755.000000000,5,0
cubic_2500.txt,1,0.093999863,Tabu Search,2763.000000000,2755.000000000,5,0
cubic_2500.txt,1,0.131000042,Tabu Search,2760.000000000,2755.000000000,5,0
cubic_2500.txt,1,0.218999863,RVNS,2758.000000000,2755.000000000,5,0
cubic_2500.txt,1,1.457000017,ACO,2696.000000000,2696.000000000,5,1
cubic_2500.txt,1,2.585000038,ACO,2685.000000000,2685.000000000,5,1
cubic_2500.txt,1,3.588999987,ACO,2689.000000000,2685.000000000,5,0
cubic_2500.txt,1,4.500000000,ACO,2686.000000000,2685.000000000,5,0
cubic_2500.txt,1,5.460000038,ACO,2670.000000000,2670.000000000,5,1
cubic_2500.txt,1,5.980999947,HHO,2221.000000000,2221.000000000,5,1
cubic_2500.txt,1,6.395999908,ACO,2660.000000000,2221.000000000,5,0
cubic_2500.txt,1,7.467000008,ACO,2245.000000000,2221.000000000,5,0
cubic_2500.txt,1,8.506000042,ACO,2238.000000000,2221.000000000,5,0
cubic_2500.txt,1,9.520999908,ACO,2246.000000000,2221.000000000,5,0
cubic_2500.txt,1,10.506000042,ACO,2224.000000000,2221.000000000,5,0
cubic_2500.txt,1,12.480999947,ACO,2222.000000000,2221.000000000,5,0
cubic_2500.txt,1,17.014999866,ACO,2223.000000000,2221.000000000,5,0
cubic_2500.txt,1,18.165999889,ACO,2231.000000000,2221.000000000,5,0
cubic_2500.txt,1,18.639999866,HHO,2220.000000000,2220.000000000,5,1
cubic_2500.txt,1,20.201999903,ACO,2209.000000000,2209.000000000,5,1
cubic_2500.txt,1,21.244999886,ACO,2215.000000000,2209.000000000,5,0
cubic_2500.txt,1,24.197999954,ACO,2197.000000000,2197.000000000,5,1
cubic_2500.txt,1,25.190000057,ACO,2206.000000000,2197.000000000,5,0
cubic_2500.txt,1,27.069999933,ACO,2219.000000000,2197.000000000,5,0
cubic_2500.txt,1,29.171000004,ACO,2211.000000000,2197.000000000,5,0
cubic_2500.txt,1,30.168999910,ACO,2188.000000000,2188.000000000,5,1
cubic_2500.txt,1,31.246000051,ACO,2198.000000000,2188.000000000,5,0
cubic_2500.txt,1,33.567999840,ACO,2200.000000000,2188.000000000,5,0
cubic_2500.txt,1,34.529000044,ACO,2201.000000000,2188.000000000,5,0
cubic_2500.txt,1,41.336999893,ACO,2194.000000000,2188.000000000,5,0
cubic_2500.txt,1,43.250999928,ACO,2199.000000000,2188.000000000,5,0
cubic_2500.txt,2,0.006999969,Tabu Search,2728.000000000,2728.000000000,1,1
cubic_2500.txt,2,0.006999969,RVNS,2811.000000000,2728.000000000,2,0
cubic_2500.txt,2,0.010999918,RVNS,2735.000000000,2728.000000000,3,0
cubic_2500.txt,2,0.010999918,Tabu Search,2736.000000000,2728.000000000,4,0
cubic_2500.txt,2,0.015000105,RVNS,2724.000000000,2724.000000000,5,1
cubic_2500.txt,2,0.019999981,Tabu Search,2725.000000000,2724.000000000,5,0
cubic_2500.txt,2,0.023999929,Tabu Search,2729.000000000,2724.000000000,5,0
cubic_2500.txt,2,0.026000023,Tabu Search,2727.000000000,2724.000000000,5,0
cubic_2500.txt,2,0.029999971,RVNS,2721.000000000,2721.000000000,5,1
cubic_2500.txt,2,0.032999992,Tabu Search,2722.000000000,2721.000000000,5,0
cubic_2500.txt,2,0.036999941,Tabu Search,2726.000000000,2721.000000000,5,0
cubic_2500.txt,2,0.046999931,RVNS,2723.000000000,2721.000000000,5,0
cubic_2500.txt,2,0.098999977,RVNS,2720.000000000,2720.000000000,5,1
cubic_2500.txt,2,1.332000017,ACO,2711.000000000,2711.000000000,5,1
cubic_2500.txt,2,2.525000095,ACO,2691.000000000,2691.000000000,5,1
cubic_2500.txt,2,3.822999954,ACO,2684.000000000,2684.000000000,5,1
cubic_2500.txt,2,4.941999912,ACO,2672.000000000,2672.000000000,5,1
cubic_2500.txt,2,6.051000118,HHO,2206.000000000,2206.000000000,5,1
cubic_2500.txt,2,6.845999956,ACO,2652.000000000,2206.000000000,5,0
cubic_2500.txt,2,7.791000128,ACO,2655.000000000,2206.000000000,5,0
cubic_2500.txt,2,8.766000032,ACO,2226.000000000,2206.000000000,5,0
cubic_2500.txt,2,9.976999998,ACO,2217.000000000,2206.000000000,5,0
cubic_2500.txt,2,11.064000130,ACO,2237.000000000,2206.000000000,5,0
cubic_2500.txt,2,11.954999924,HHO,2216.000000000,2206.000000000,5,0
cubic_2500.txt,2,12.049999952,ACO,2234.000000000,2206.000000000,5,0
cubic_2500.txt,2,12.998000145,ACO,2228.000000000,2206.000000000,5,0
cubic_2500.txt,2,13.929000139,ACO,2218.000000000,2206.000000000,5,0
cubic_2500.txt,2,17.763000011,HHO,2214.000000000,2206.000000000,5,0
cubic_2500.txt,2,18.926000118,ACO,2209.000000000,2206.000000000,5,0
cubic_2500.txt,2,22.832000017,ACO,2202.000000000,2202.000000000,5,1
cubic_2500.txt,2,25.668999910,ACO,2215.000000000,2202.000000000,5,0
cubic_2500.txt,2,26.611000061,ACO,2201.000000000,2201.000000000,5,1
cubic_2500.txt,2,27.531000137,ACO,2205.000000000,2201.000000000,5,0
cubic_2500.txt,2,31.368999958,ACO,2207.000000000,2201.000000000,5,0
cubic_2500.txt,2,39.005000114,ACO,2204.000000000,2201.000000000,5,0
cubic_2500.txt,2,43.687999964,ACO,2195.000000000,2195.000000000,5,1
cubic_2500.txt,2,44.588000059,ACO,2191.000000000,2191.000000000,5,1
cubic_2500.txt,2,45.486999989,ACO,2192.000000000,2191.000000000,5,0
cubic_2500.txt,3,0.006000042,RVNS,2770.000000000,2770.000000000,1,1
cubic_2500.txt,3,0.006000042,Tabu Search,2846.000000000,2770.000000000,2,0
cubic_2500.txt,3,0.009000063,RVNS,2848.000000000,2770.000000000,3,0
cubic_2500.txt,3,0.009999990,Tabu Search,2760.000000000,2760.000000000,4,1
cubic_2500.txt,3,0.013000011,RVNS,2761.000000000,2760.000000000,5,0
cubic_2500.txt,3,0.013999939,Tabu Search,2757.000000000,2757.000000000,5,1
cubic_2500.txt,3,0.019999981,RVNS,2758.000000000,2757.000000000,5,0
cubic_2500.txt,3,0.022000074,Tabu Search,2766.000000000,2757.000000000,5,0
cubic_2500.txt,3,0.023000002,RVNS,2762.000000000,2757.000000000,5,0
cubic_2500.txt,3,0.062999964,Tabu Search,2759.000000000,2757.000000000,5,0
cubic_2500.txt,3,0.174999952,RVNS,2755.000000000,2755.000000000,5,1
cubic_2500.txt,3,0.216000080,Tabu Search,2756.000000000,2755.000000000,5,0
cubic_2500.txt,3,0.244999886,RVNS,2752.000000000,2752.000000000,5,1
cubic_2500.txt,3,1.302000046,ACO,2697.000000000,2697.000000000,5,1
cubic_2500.txt,3,2.230999947,ACO,2694.000000000,2694.000000000,5,1
cubic_2500.txt,3,3.148000002,ACO,2676.000000000,2676.000000000,5,1
cubic_2500.txt,3,4.085000038,ACO,2679.000000000,2676.000000000,5,0
cubic_2500.txt,3,4.986000061,ACO,2668.000000000,2668.000000000,5,1
cubic_2500.txt,3,5.226999998,HHO,2221.000000000,2221.000000000,5,1
cubic_2500.txt,3,5.891999960,ACO,2664.000000000,2221.000000000,5,0
cubic_2500.txt,3,6.759000063,ACO,2657.000000000,2221.000000000,5,0
cubic_2500.txt,3,7.627000093,ACO,2202.000000000,2202.000000000,5,1
cubic_2500.txt,3,8.552999973,ACO,2229.000000000,2202.000000000,5,0
cubic_2500.txt,3,9.457000017,ACO,2242.000000000,2202.000000000,5,0
cubic_2500.txt,3,10.286000013,HHO,2219.000000000,2202.000000000,5,0
cubic_2500.txt,3,10.368999958,ACO,2213.000000000,2202.000000000,5,0
cubic_2500.txt,3,12.740000010,ACO,2208.000000000,2202.000000000,5,0
cubic_2500.txt,3,14.775000095,ACO,2187.000000000,2187.000000000,5,1
cubic_2500.txt,3,19.585000038,ACO,2200.000000000,2187.000000000,5,0
cubic_2500.txt,3,29.489000082,ACO,2210.000000000,2187.000000000,5,0
cubic_2500.txt,3,34.523000002,ACO,2196.000000000,2187.000000000,5,0
cubic_2500.txt,3,38.375000000,ACO,2177.000000000,2177.000000000,5,1
cubic_2500.txt,3,40.246000051,ACO,2199.000000000,2177.000000000,5,0
cubic_2500.txt,3,41.466000080,ACO,2192.000000000,2177.000000000,5,0
cubic_2500.txt,3,50.150000095,ACO,2195.000000000,2177.000000000,5,0
cubic_2500.txt,4,0.004999876,Tabu Search,2750.000000000,2750.000000000,1,1
cubic_2500.txt,4,0.006999969,RVNS,2833.000000000,2750.000000000,2,0
cubic_2500.txt,4,0.007999897,Tabu Search,2744.000000000,2744.000000000,3,1
cubic_2500.txt,4,0.009999990,RVNS,2743.000000000,2743.000000000,4,1
cubic_2500.txt,4,0.010999918,Tabu Search,2748.000000000,2743.000000000,5,0
cubic_2500.txt,4,0.016999960,RVNS,2745.000000000,2743.000000000,5,0
cubic_2500.txt,4,0.017999887,Tabu Search,2741.000000000,2741.000000000,5,1
cubic_2500.txt,4,0.026999950,RVNS,2740.000000000,2740.000000000,5,1
cubic_2500.txt,4,0.037999868,RVNS,2739.000000000,2739.000000000,5,1
cubic_2500.txt,4,0.038999796,Tabu Search,2738.000000000,2738.000000000,5,1
cubic_2500.txt,4,0.059999943,Tabu Search,2742.000000000,2738.000000000,5,0
cubic_2500.txt,4,0.142999887,Tabu Search,2737.000000000,2737.000000000,5,1
cubic_2500.txt,4,1.319000006,ACO,2727.000000000,2727.000000000,5,1
cubic_2500.txt,4,2.243999958,ACO,2682.000000000,2682.000000000,5,1
cubic_2500.txt,4,3.480999947,ACO,2672.000000000,2672.000000000,5,1
cubic_2500.txt,4,4.519999981,ACO,2674.000000000,2672.000000000,5,0
cubic_2500.txt,4,5.909999847,HHO,2227.000000000,2227.000000000,5,1
cubic_2500.txt,4,6.530999899,ACO,2665.000000000,2227.000000000,5,0
cubic_2500.txt,4,7.533999920,ACO,2664.000000000,2227.000000000,5,0
cubic_2500.txt,4,8.530999899,ACO,2659.000000000,2227.000000000,5,0
cubic_2500.txt,4,9.448999882,ACO,2641.000000000,2227.000000000,5,0
cubic_2500.txt,4,10.346999884,ACO,2648.000000000,2227.000000000,5,0
cubic_2500.txt,4,11.259999990,ACO,2638.000000000,2227.000000000,5,0
cubic_2500.txt,4,11.356999874,HHO,2219.000000000,2219.000000000,5,1
cubic_2500.txt,4,12.192999840,ACO,2612.000000000,2219.000000000,5,0
cubic_2500.txt,4,13.109999895,ACO,2248.000000000,2219.000000000,5,0
cubic_2500.txt,4,14.006999969,ACO,2240.000000000,2219.000000000,5,0
cubic_2500.txt,4,14.921000004,ACO,2252.000000000,2219.000000000,5,0
cubic_2500.txt,4,15.876999855,ACO,2234.000000000,2219.000000000,5,0
cubic_2500.txt,4,16.829999924,ACO,2235.000000000,2219.000000000,5,0
cubic_2500.txt,4,17.855999947,ACO,2211.000000000,2211.000000000,5,1
cubic_2500.txt,4,19.153999805,ACO,2214.000000000,2211.000000000,5,0
cubic_2500.txt,4,21.285999775,ACO,2213.000000000,2211.000000000,5,0
cubic_2500.txt,4,22.281999826,ACO,2221.000000000,2211.000000000,5,0
cubic_2500.txt,4,24.299999952,ACO,2220.000000000,2211.000000000,5,0
cubic_2500.txt,4,27.101999998,ACO,2216.000000000,2211.000000000,5,0
cubic_2500.txt,4,29.131999969,ACO,2217.000000000,2211.000000000,5,0
cubic_2500.txt,4,30.055999994,ACO,2212.000000000,2211.000000000,5,0
cubic_2500.txt,4,31.278999805,HHO,2215.000000000,2211.000000000,5,0
cubic_2500.txt,4,31.932999849,ACO,2201.000000000,2201.000000000,5,1
cubic_2500.txt,4,33.054999828,ACO,2194.000000000,2194.000000000,5,1
cubic_2500.txt,4,40.340999842,ACO,2189.000000000,2189.000000000,5,1
cubic_2500.txt,4,44.110999823,ACO,2203.000000000,2189.000000000,5,0
cubic_2500.txt,4,48.163999796,ACO,2209.000000000,2189.000000000,5,0
cubic_2500.txt,4,49.266999960,ACO,2207.000000000,2189.000000000,5,0
cubic_2500.txt,4,52.406999826,ACO,2187.000000000,2187.000000000,5,1
cubic_2500.txt,5,0.007000208,RVNS,2799.000000000,2799.000000000,1,1
cubic_2500.txt,5,0.007000208,Tabu Search,2833.000000000,2799.000000000,2,0
cubic_2500.txt,5,0.012000084,Tabu Search,2804.000000000,2799.000000000,3,0
cubic_2500.txt,5,0.012000084,RVNS,2800.000000000,2799.000000000,4,0
cubic_2500.txt,5,0.016000032,Tabu Search,2796.000000000,2796.000000000,5,1
cubic_2500.txt,5,0.017000198,RVNS,2805.000000000,2796.000000000,5,0
cubic_2500.txt,5,0.020000219,Tabu Search,2801.000000000,2796.000000000,5,0
cubic_2500.txt,5,0.028000116,RVNS,2803.000000000,2796.000000000,5,0
cubic_2500.txt,5,0.035000086,Tabu Search,2802.000000000,2796.000000000,5,0
cubic_2500.txt,5,0.039000034,RVNS,2798.000000000,2796.000000000,5,0
cubic_2500.txt,5,0.054000139,RVNS,2797.000000000,2796.000000000,5,0
cubic_2500.txt,5,1.372000217,ACO,2714.000000000,2714.000000000,5,1
cubic_2500.txt,5,2.469000101,ACO,2683.000000000,2683.000000000,5,1
cubic_2500.txt,5,3.444000006,ACO,2695.000000000,2683.000000000,5,0
cubic_2500.txt,5,4.356000185,ACO,2687.000000000,2683.000000000,5,0
cubic_2500.txt,5,5.267000198,ACO,2671.000000000,2671.000000000,5,1
cubic_2500.txt,5,5.455000162,HHO,2190.000000000,2190.000000000,5,1
cubic_2500.txt,5,6.341000080,ACO,2670.000000000,2190.000000000,5,0
cubic_2500.txt,5,7.255000114,ACO,2658.000000000,2190.000000000,5,0
cubic_2500.txt,5,8.157999992,ACO,2199.000000000,2190.000000000,5,0
cubic_2500.txt,5,9.156000137,ACO,2201.000000000,2190.000000000,5,0
cubic_2500.txt,5,10.360000134,ACO,2208.000000000,2190.000000000,5,0
cubic_2500.txt,5,11.523000002,ACO,2200.000000000,2190.000000000,5,0
cubic_2500.txt,5,13.374000072,ACO,2203.000000000,2190.000000000,5,0
cubic_2500.txt,5,23.884000063,HHO,2191.000000000,2190.000000000,5,0
cubic_2500.txt,5,31.968000174,HHO,2188.000000000,2188.000000000,5,1
cubic_2500.txt,5,37.709000111,ACO,2193.000000000,2188.000000000,5,0
cubic_2500.txt,5,53.222000122,HHO,2195.000000000,2188.000000000,5,0
cubic_2500.txt,6,0.007000208,Tabu Search,2797.000000000,2797.000000000,1,1
cubic_2500.txt,6,0.007000208,RVNS,2789.000000000,2789.000000000,2,1
cubic_2500.txt,6,0.012000084,Tabu Search,2788.000000000,2788.000000000,3,1
cubic_2500.txt,6,0.016000032,RVNS,2795.000000000,2788.000000000,4,0
cubic_2500.txt,6,0.020000219,RVNS,2783.000000000,2783.000000000,5,1
cubic_2500.txt,6,0.023000002,Tabu Search,2784.000000000,2783.000000000,5,0
cubic_2500.txt,6,0.023000002,RVNS,2791.000000000,2783.000000000,5,0
cubic_2500.txt,6,0.026000023,RVNS,2790.000000000,2783.000000000,5,0
cubic_2500.txt,6,0.032000065,Tabu Search,2786.000000000,2783.000000000,5,0
cubic_2500.txt,6,0.049000025,Tabu Search,2785.000000000,2783.000000000,5,0
cubic_2500.txt,6,0.059000015,RVNS,2787.000000000,2783.000000000,5,0
cubic_2500.txt,6,0.281000137,RVNS,2782.000000000,2782.000000000,5,1
cubic_2500.txt,6,1.594000101,ACO,2700.000000000,2700.000000000,5,1
cubic_2500.txt,6,2.743000031,ACO,2681.000000000,2681.000000000,5,1
cubic_2500.txt,6,3.687000036,ACO,2684.000000000,2681.000000000,5,0
cubic_2500.txt,6,4.643000126,ACO,2686.000000000,2681.000000000,5,0
cubic_2500.txt,6,5.598000050,ACO,2682.000000000,2681.000000000,5,0
cubic_2500.txt,6,5.771000147,HHO,2215.000000000,2215.000000000,5,1
cubic_2500.txt,6,6.504000187,ACO,2663.000000000,2215.000000000,5,0
cubic_2500.txt,6,7.415000200,ACO,2661.000000000,2215.000000000,5,0
cubic_2500.txt,6,8.323000193,ACO,2658.000000000,2215.000000000,5,0
cubic_2500.txt,6,9.277000189,ACO,2654.000000000,2215.000000000,5,0
cubic_2500.txt,6,11.012000084,HHO,2209.000000000,2209.000000000,5,1
cubic_2500.txt,6,11.190000057,ACO,2649.000000000,2209.000000000,5,0
cubic_2500.txt,6,12.108000040,ACO,2214.000000000,2209.000000000,5,0
cubic_2500.txt,6,13.024000168,ACO,2216.000000000,2209.000000000,5,0
cubic_2500.txt,6,14.013000011,ACO,2200.000000000,2200.000000000,5,1
cubic_2500.txt,6,14.926000118,ACO,2213.000000000,2200.000000000,5,0
cubic_2500.txt,6,15.847000122,ACO,2206.000000000,2200.000000000,5,0
cubic_2500.txt,6,19.229000092,ACO,2201.000000000,2200.000000000,5,0
cubic_2500.txt,6,20.239000082,ACO,2205.000000000,2200.000000000,5,0
cubic_2500.txt,6,27.114000082,ACO,2189.000000000,2189.000000000,5,1
cubic_2500.txt,6,28.213000059,ACO,2175.000000000,2175.000000000,5,1
cubic_2500.txt,6,29.276000023,ACO,2192.000000000,2175.000000000,5,0
cubic_2500.txt,6,30.233000040,ACO,2195.000000000,2175.000000000,5,0
cubic_2500.txt,6,31.514000177,ACO,2187.000000000,2175.000000000,5,0
cubic_2500.txt,6,32.612000227,ACO,2183.000000000,2175.000000000,5,0
cubic_2500.txt,6,33.637000084,ACO,2188.000000000,2175.000000000,5,0
cubic_2500.txt,6,37.573000193,ACO,2178.000000000,2175.000000000,5,0
cubic_2500.txt,6,39.507000208,ACO,2181.000000000,2175.000000000,5,0
cubic_2500.txt,6,47.800000191,ACO,2184.000000000,2175.000000000,5,0
cubic_2500.txt,6,48.855000019,ACO,2174.000000000,2174.000000000,5,1
cubic_2500.txt,7,0.005000114,RVNS,2811.000000000,2811.000000000,1,1
cubic_2500.txt,7,0.007000208,Tabu Search,2740.000000000,2740.000000000,2,1
cubic_2500.txt,7,0.009000063,RVNS,2816.000000000,2740.000000000,3,0
cubic_2500.txt,7,0.011000156,Tabu Search,2744.000000000,2740.000000000,4,0
cubic_2500.txt,7,0.015000105,Tabu Search,2739.000000000,2739.000000000,5,1
cubic_2500.txt,7,0.017000198,RVNS,2810.000000000,2739.000000000,5,0
cubic_2500.txt,7,0.021000147,RVNS,2808.000000000,2739.000000000,5,0
cubic_2500.txt,7,0.024000168,RVNS,2745.000000000,2739.000000000,5,0
cubic_2500.txt,7,0.028000116,RVNS,2736.000000000,2736.000000000,5,1
cubic_2500.txt,7,0.032000065,RVNS,2743.000000000,2736.000000000,5,0
cubic_2500.txt,7,0.044000149,Tabu Search,2741.000000000,2736.000000000,5,0
cubic_2500.txt,7,0.055999994,RVNS,2737.000000000,2736.000000000,5,0
cubic_2500.txt,7,0.062000036,Tabu Search,2738.000000000,2736.000000000,5,0
cubic_2500.txt,7,0.068000078,RVNS,2735.000000000,2735.000000000,5,1
cubic_2500.txt,7,0.228000164,Tabu Search,2734.000000000,2734.000000000,5,1
cubic_2500.txt,7,1.455000162,ACO,2710.000000000,2710.000000000,5,1
cubic_2500.txt,7,2.407999992,ACO,2656.000000000,2656.000000000,5,1
cubic_2500.txt,7,3.333000183,ACO,2663.000000000,2656.000000000,5,0
cubic_2500.txt,7,4.271000147,ACO,2665.000000000,2656.000000000,5,0
cubic_2500.txt,7,5.531000137,HHO,2252.000000000,2252.000000000,5,1
cubic_2500.txt,7,6.250000000,ACO,2659.000000000,2252.000000000,5,0
cubic_2500.txt,7,8.361999989,ACO,2657.000000000,2252.000000000,5,0
cubic_2500.txt,7,9.378000021,ACO,2214.000000000,2214.000000000,5,1
cubic_2500.txt,7,10.394999981,ACO,2236.000000000,2214.000000000,5,0
cubic_2500.txt,7,11.374000072,HHO,2244.000000000,2214.000000000,5,0
cubic_2500.txt,7,11.457000017,ACO,2228.000000000,2214.000000000,5,0
cubic_2500.txt,7,12.432000160,ACO,2217.000000000,2214.000000000,5,0
cubic_2500.txt,7,13.365000010,ACO,2224.000000000,2214.000000000,5,0
cubic_2500.txt,7,14.301000118,ACO,2227.000000000,2214.000000000,5,0
cubic_2500.txt,7,16.207000017,ACO,2225.000000000,2214.000000000,5,0
cubic_2500.txt,7,19.269000053,ACO,2208.000000000,2208.000000000,5,1
cubic_2500.txt,7,20.223999977,ACO,2219.000000000,2208.000000000,5,0
cubic_2500.txt,7,22.411000013,ACO,2218.000000000,2208.000000000,5,0
cubic_2500.txt,7,23.572000027,ACO,2216.000000000,2208.000000000,5,0
cubic_2500.txt,7,24.090000153,HHO,2205.000000000,2205.000000000,5,1
cubic_2500.txt,7,24.593000174,ACO,2209.000000000,2205.000000000,5,0
cubic_2500.txt,7,26.649000168,ACO,2215.000000000,2205.000000000,5,0
cubic_2500.txt,7,27.680000067,ACO,2210.000000000,2205.000000000,5,0
cubic_2500.txt,7,32.402000189,ACO,2207.000000000,2205.000000000,5,0
cubic_2500.txt,7,33.456000090,ACO,2195.000000000,2195.000000000,5,1
cubic_2500.txt,7,44.590000153,ACO,2198.000000000,2195.000000000,5,0
cubic_2500.txt,8,0.006000042,RVNS,2833.000000000,2833.000000000,1,1
cubic_2500.txt,8,0.006999969,Tabu Search,2828.000000000,2828.000000000,2,1
cubic_2500.txt,8,0.010999918,Tabu Search,2832.000000000,2828.000000000,3,0
cubic_2500.txt,8,0.012000084,RVNS,2830.000000000,2828.000000000,4,0
cubic_2500.txt,8,0.013999939,Tabu Search,2823.000000000,2823.000000000,5,1
cubic_2500.txt,8,0.016999960,RVNS,2826.000000000,2823.000000000,5,0
cubic_2500.txt,8,0.021000147,Tabu Search,2822.000000000,2822.000000000,5,1
cubic_2500.txt,8,0.021000147,RVNS,2829.000000000,2822.000000000,5,0
cubic_2500.txt,8,0.026000023,Tabu Search,2827.000000000,2822.000000000,5,0
cubic_2500.txt,8,0.031000137,RVNS,2825.000000000,2822.000000000,5,0
cubic_2500.txt,8,0.036000013,RVNS,2824.000000000,2822.000000000,5,0
cubic_2500.txt,8,1.525000095,ACO,2722.000000000,2722.000000000,5,1
cubic_2500.txt,8,2.597000122,ACO,2660.000000000,2660.000000000,5,1
cubic_2500.txt,8,3.539000034,ACO,2662.000000000,2660.000000000,5,0
cubic_2500.txt,8,4.450999975,ACO,2664.000000000,2660.000000000,5,0
cubic_2500.txt,8,5.394999981,ACO,2644.000000000,2644.000000000,5,1
cubic_2500.txt,8,5.578000069,HHO,2225.000000000,2225.000000000,5,1
cubic_2500.txt,8,6.312000036,ACO,2648.000000000,2225.000000000,5,0
cubic_2500.txt,8,7.374000072,ACO,2645.000000000,2225.000000000,5,0
cubic_2500.txt,8,8.311000109,ACO,2646.000000000,2225.000000000,5,0
cubic_2500.txt,8,10.980000019,ACO,2643.000000000,2225.000000000,5,0
cubic_2500.txt,8,11.151999950,HHO,2234.000000000,2225.000000000,5,0
cubic_2500.txt,8,12.058000088,ACO,2241.000000000,2225.000000000,5,0
cubic_2500.txt,8,13.042000055,ACO,2200.000000000,2200.000000000,5,1
cubic_2500.txt,8,14.048000097,ACO,2230.000000000,2200.000000000,5,0
cubic_2500.txt,8,15.095000029,ACO,2228.000000000,2200.000000000,5,0
cubic_2500.txt,8,16.128999949,ACO,2222.000000000,2200.000000000,5,0
cubic_2500.txt,8,17.253000021,ACO,2211.000000000,2200.000000000,5,0
cubic_2500.txt,8,17.750999928,HHO,2218.000000000,2200.000000000,5,0
cubic_2500.txt,8,21.226000071,ACO,2213.000000000,2200.000000000,5,0
cubic_2500.txt,8,27.023999929,ACO,2212.000000000,2200.000000000,5,0
cubic_2500.txt,8,29.161999941,ACO,2214.000000000,2200.000000000,5,0
cubic_2500.txt,8,44.952000141,ACO,2209.000000000,2200.000000000,5,0
cubic_2500.txt,8,52.203999996,ACO,2206.000000000,2200.000000000,5,0
cubic_2500.txt,9,0.004999876,Tabu Search,2838.000000000,2838.000000000,1,1
cubic_2500.txt,9,0.006999969,RVNS,2758.000000000,2758.000000000,2,1
cubic_2500.txt,9,0.009000063,Tabu Search,2844.000000000,2758.000000000,3,0
cubic_2500.txt,9,0.010999918,RVNS,2839.000000000,2758.000000000,4,0
cubic_2500.txt,9,0.015000105,RVNS,2841.000000000,2758.000000000,5,0
cubic_2500.txt,9,0.016000032,Tabu Search,2761.000000000,2758.000000000,5,0
cubic_2500.txt,9,0.019000053,Tabu Search,2760.000000000,2758.000000000,5,0
cubic_2500.txt,9,0.022000074,Tabu Search,2768.000000000,2758.000000000,5,0
cubic_2500.txt,9,0.026000023,RVNS,2833.000000000,2758.000000000,5,0
cubic_2500.txt,9,0.026000023,Tabu Search,2763.000000000,2758.000000000,5,0
cubic_2500.txt,9,0.036999941,Tabu Search,2762.000000000,2758.000000000,5,0
cubic_2500.txt,9,0.039000034,RVNS,2759.000000000,2758.000000000,5,0
cubic_2500.txt,9,0.050999880,Tabu Search,2757.000000000,2757.000000000,5,1
cubic_2500.txt,9,0.082000017,Tabu Search,2751.000000000,2751.000000000,5,1
cubic_2500.txt,9,0.086999893,RVNS,2756.000000000,2751.000000000,5,0
cubic_2500.txt,9,0.184999943,Tabu Search,2755.000000000,2751.000000000,5,0
cubic_2500.txt,9,0.231999874,Tabu Search,2754.000000000,2751.000000000,5,0
cubic_2500.txt,9,1.352999926,ACO,2702.000000000,2702.000000000,5,1
cubic_2500.txt,9,2.289000034,ACO,2691.000000000,2691.000000000,5,1
cubic_2500.txt,9,3.231999874,ACO,2683.000000000,2683.000000000,5,1
cubic_2500.txt,9,4.200000048,ACO,2672.000000000,2672.000000000,5,1
cubic_2500.txt,9,5.605000019,ACO,2676.000000000,2672.000000000,5,0
cubic_2500.txt,9,6.003999949,HHO,2243.000000000,2243.000000000,5,1
cubic_2500.txt,9,6.618999958,ACO,2673.000000000,2243.000000000,5,0
cubic_2500.txt,9,7.641999960,ACO,2664.000000000,2243.000000000,5,0
cubic_2500.txt,9,8.598999977,ACO,2659.000000000,2243.000000000,5,0
cubic_2500.txt,9,9.525000095,ACO,2641.000000000,2243.000000000,5,0
cubic_2500.txt,9,10.576999903,ACO,2228.000000000,2228.000000000,5,1
cubic_2500.txt,9,11.496000051,ACO,2245.000000000,2228.000000000,5,0
cubic_2500.txt,9,11.852999926,HHO,2231.000000000,2228.000000000,5,0
cubic_2500.txt,9,12.414999962,ACO,2241.000000000,2228.000000000,5,0
cubic_2500.txt,9,13.335999966,ACO,2209.000000000,2209.000000000,5,1
cubic_2500.txt,9,14.299000025,ACO,2226.000000000,2209.000000000,5,0
cubic_2500.txt,9,16.391000032,ACO,2204.000000000,2204.000000000,5,1
cubic_2500.txt,9,17.720999956,HHO,2223.000000000,2204.000000000,5,0
cubic_2500.txt,9,18.273999929,ACO,2216.000000000,2204.000000000,5,0
cubic_2500.txt,9,19.279000044,ACO,2214.000000000,2204.000000000,5,0
cubic_2500.txt,9,21.506999969,ACO,2221.000000000,2204.000000000,5,0
cubic_2500.txt,9,29.457000017,ACO,2196.000000000,2196.000000000,5,1
cubic_2500.txt,9,30.387000084,ACO,2206.000000000,2196.000000000,5,0
cubic_2500.txt,9,31.329999924,ACO,2197.000000000,2196.000000000,5,0
cubic_2500.txt,9,33.332000017,ACO,2195.000000000,2195.000000000,5,1
cubic_2500.txt,9,45.233000040,ACO,2202.000000000,2195.000000000,5,0
cubic_2500.txt,9,47.198999882,ACO,2193.000000000,2193.000000000,5,1
cubic_2500.txt,10,0.006999969,RVNS,2785.000000000,2785.000000000,1,1
cubic_2500.txt,10,0.006999969,Tabu Search,2816.000000000,2785.000000000,2,0
cubic_2500.txt,10,0.010999918,Tabu Search,2792.000000000,2785.000000000,3,0
cubic_2500.txt,10,0.010999918,RVNS,2788.000000000,2785.000000000,4,0
cubic_2500.txt,10,0.014999866,RVNS,2786.000000000,2785.000000000,5,0
cubic_2500.txt,10,0.016999960,Tabu Search,2789.000000000,2785.000000000,5,0
cubic_2500.txt,10,0.017999887,RVNS,2783.000000000,2783.000000000,5,1
cubic_2500.txt,10,0.020999908,Tabu Search,2787.000000000,2783.000000000,5,0
cubic_2500.txt,10,0.030999899,Tabu Search,2784.000000000,2783.000000000,5,0
cubic_2500.txt,10,0.032000065,RVNS,2781.000000000,2781.000000000,5,1
cubic_2500.txt,10,0.082999945,Tabu Search,2780.000000000,2780.000000000,5,1
cubic_2500.txt,10,1.361999989,ACO,2717.000000000,2717.000000000,5,1
cubic_2500.txt,10,2.310999870,ACO,2701.000000000,2701.000000000,5,1
cubic_2500.txt,10,3.384000063,ACO,2682.000000000,2682.000000000,5,1
cubic_2500.txt,10,4.299000025,ACO,2686.000000000,2682.000000000,5,0
cubic_2500.txt,10,5.217999935,ACO,2657.000000000,2657.000000000,5,1
cubic_2500.txt,10,5.465999842,HHO,2216.000000000,2216.000000000,5,1
cubic_2500.txt,10,6.138999939,ACO,2656.000000000,2216.000000000,5,0
cubic_2500.txt,10,7.073999882,ACO,2654.000000000,2216.000000000,5,0
cubic_2500.txt,10,8.135999918,ACO,2651.000000000,2216.000000000,5,0
cubic_2500.txt,10,9.086999893,ACO,2239.000000000,2216.000000000,5,0
cubic_2500.txt,10,10.036000013,ACO,2193.000000000,2193.000000000,5,1
cubic_2500.txt,10,10.967999935,HHO,2220.000000000,2193.000000000,5,0
cubic_2500.txt,10,11.282000065,ACO,2229.000000000,2193.000000000,5,0
cubic_2500.txt,10,13.605000019,ACO,2212.000000000,2193.000000000,5,0
cubic_2500.txt,10,15.526000023,ACO,2197.000000000,2193.000000000,5,0
cubic_2500.txt,10,18.507999897,ACO,2210.000000000,2193.000000000,5,0
cubic_2500.txt,10,19.467999935,ACO,2208.000000000,2193.000000000,5,0
cubic_2500.txt,10,21.419999838,ACO,2211.000000000,2193.000000000,5,0
cubic_2500.txt,10,23.532000065,HHO,2200.000000000,2193.000000000,5,0
cubic_2500.txt,10,32.725999832,ACO,2204.000000000,2193.000000000,5,0
cubic_2500.txt,10,34.731999874,ACO,2206.000000000,2193.000000000,5,0
cubic_2500.txt,10,39.664999962,ACO,2191.000000000,2191.000000000,5,1
cubic_2500.txt,10,40.812999964,ACO,2180.000000000,2180.000000000,5,1
cubic_2600.txt,1,0.006000042,Tabu Search,2908.000000000,2908.000000000,1,1
cubic_2600.txt,1,0.006999969,RVNS,2891.000000000,2891.000000000,2,1
cubic_2600.txt,1,0.009000063,Tabu Search,2899.000000000,2891.000000000,3,0
cubic_2600.txt,1,0.010999918,RVNS,2907.000000000,2891.000000000,4,0
cubic_2600.txt,1,0.013000011,Tabu Search,2890.000000000,2890.000000000,5,1
cubic_2600.txt,1,0.016000032,RVNS,2882.000000000,2882.000000000,5,1
cubic_2600.txt,1,0.017999887,Tabu Search,2885.000000000,2882.000000000,5,0
cubic_2600.txt,1,0.019999981,RVNS,2884.000000000,2882.000000000,5,0
cubic_2600.txt,1,0.022000074,Tabu Search,2877.000000000,2877.000000000,5,1
cubic_2600.txt,1,0.023999929,RVNS,2881.000000000,2877.000000000,5,0
cubic_2600.txt,1,0.027999878,RVNS,2883.000000000,2877.000000000,5,0
cubic_2600.txt,1,0.029000044,Tabu Search,2880.000000000,2877.000000000,5,0
cubic_2600.txt,1,0.049000025,RVNS,2879.000000000,2877.000000000,5,0
cubic_2600.txt,1,0.127000093,Tabu Search,2878.000000000,2877.000000000,5,0
cubic_2600.txt,1,0.263999939,RVNS,2876.000000000,2876.000000000,5,1
cubic_2600.txt,1,1.578000069,ACO,2814.000000000,2814.000000000,5,1
cubic_2600.txt,1,2.878999949,ACO,2784.000000000,2784.000000000,5,1
cubic_2600.txt,1,3.967000008,ACO,2782.000000000,2782.000000000,5,1
cubic_2600.txt,1,4.986000061,ACO,2778.000000000,2778.000000000,5,1
cubic_2600.txt,1,5.951999903,ACO,2780.000000000,2778.000000000,5,0
cubic_2600.txt,1,6.269000053,HHO,2301.000000000,2301.000000000,5,1
cubic_2600.txt,1,7.950999975,ACO,2775.000000000,2301.000000000,5,0
cubic_2600.txt,1,8.882999897,ACO,2758.000000000,2301.000000000,5,0
cubic_2600.txt,1,9.769999981,ACO,2752.000000000,2301.000000000,5,0
cubic_2600.txt,1,10.668999910,ACO,2742.000000000,2301.000000000,5,0
cubic_2600.txt,1,11.619999886,ACO,2747.000000000,2301.000000000,5,0
cubic_2600.txt,1,11.871000051,HHO,2322.000000000,2301.000000000,5,0
cubic_2600.txt,1,12.707999945,ACO,2735.000000000,2301.000000000,5,0
cubic_2600.txt,1,14.543999910,ACO,2305.000000000,2301.000000000,5,0
cubic_2600.txt,1,15.506999969,ACO,2313.000000000,2301.000000000,5,0
cubic_2600.txt,1,16.618000031,ACO,2304.000000000,2301.000000000,5,0
cubic_2600.txt,1,17.747999907,ACO,2321.000000000,2301.000000000,5,0
cubic_2600.txt,1,18.506000042,HHO,2310.000000000,2301.000000000,5,0
cubic_2600.txt,1,19.907999992,ACO,2312.000000000,2301.000000000,5,0
cubic_2600.txt,1,21.875000000,ACO,2306.000000000,2301.000000000,5,0
cubic_2600.txt,1,40.378999949,HHO,2307.000000000,2301.000000000,5,0
cubic_2600.txt,1,41.665999889,ACO,2298.000000000,2298.000000000,5,1
cubic_2600.txt,1,45.670000076,ACO,2303.000000000,2298.000000000,5,0
cubic_2600.txt,1,46.671999931,ACO,2296.000000000,2296.000000000,5,1
cubic_2600.txt,1,52.897000074,ACO,2295.000000000,2295.000000000,5,1
cubic_2600.txt,1,55.711999893,ACO,2286.000000000,2286.000000000,5,1
cubic_2600.txt,2,0.005999804,Tabu Search,2902.000000000,2902.000000000,1,1
cubic_2600.txt,2,0.006999969,RVNS,2874.000000000,2874.000000000,2,1
cubic_2600.txt,2,0.008999825,Tabu Search,2903.000000000,2874.000000000,3,0
cubic_2600.txt,2,0.010999918,RVNS,2870.000000000,2870.000000000,4,1
cubic_2600.txt,2,0.011999846,Tabu Search,2873.000000000,2870.000000000,5,0
cubic_2600.txt,2,0.013999939,Tabu Search,2875.000000000,2870.000000000,5,0
cubic_2600.txt,2,0.016000032,Tabu Search,2871.000000000,2870.000000000,5,0
cubic_2600.txt,2,0.021999836,Tabu Search,2869.000000000,2869.000000000,5,1
cubic_2600.txt,2,0.024999857,RVNS,2872.000000000,2869.000000000,5,0
cubic_2600.txt,2,0.030999899,RVNS,2868.000000000,2868.000000000,5,1
cubic_2600.txt,2,0.034999847,RVNS,2866.000000000,2866.000000000,5,1
cubic_2600.txt,2,0.055999994,Tabu Search,2867.000000000,2866.000000000,5,0
cubic_2600.txt,2,0.063999891,Tabu Search,2865.000000000,2865.000000000,5,1
cubic_2600.txt,2,1.638999939,ACO,2819.000000000,2819.000000000,5,1
cubic_2600.txt,2,2.755999804,ACO,2815.000000000,2815.000000000,5,1
cubic_2600.txt,2,3.753000021,ACO,2807.000000000,2807.000000000,5,1
cubic_2600.txt,2,4.707999945,ACO,2793.000000000,2793.000000000,5,1
cubic_2600.txt,2,5.671000004,ACO,2773.000000000,2773.000000000,5,1
cubic_2600.txt,2,5.932999849,HHO,2298.000000000,2298.000000000,5,1
cubic_2600.txt,2,6.753000021,ACO,2776.000000000,2298.000000000,5,0
cubic_2600.txt,2,8.151999950,ACO,2771.000000000,2298.000000000,5,0
cubic_2600.txt,2,9.741999865,ACO,2762.000000000,2298.000000000,5,0
cubic_2600.txt,2,10.747999907,ACO,2294.000000000,2294.000000000,5,1
cubic_2600.txt,2,11.684999943,ACO,2324.000000000,2294.000000000,5,0
cubic_2600.txt,2,12.816999912,ACO,2315.000000000,2294.000000000,5,0
cubic_2600.txt,2,12.925999880,HHO,2312.000000000,2294.000000000,5,0
cubic_2600.txt,2,13.745999813,ACO,2292.000000000,2292.000000000,5,1
cubic_2600.txt,2,14.665999889,ACO,2305.000000000,2292.000000000,5,0
cubic_2600.txt,2,18.652999878,ACO,2300.000000000,2292.000000000,5,0
cubic_2600.txt,2,19.605999947,ACO,2295.000000000,2292.000000000,5,0
cubic_2600.txt,2,25.067999840,ACO,2288.000000000,2288.000000000,5,1
cubic_2600.txt,2,26.105000019,ACO,2279.000000000,2279.000000000,5,1
cubic_2600.txt,2,41.157999992,ACO,2286.000000000,2279.000000000,5,0
cubic_2600.txt,2,56.478999853,HHO,2287.000000000,2279.000000000,5,0
cubic_2600.txt,3,0.006999969,Tabu Search,2938.000000000,2938.000000000,1,1
cubic_2600.txt,3,0.006999969,RVNS,2901.000000000,2901.000000000,2,1
cubic_2600.txt,3,0.011000156,Tabu Search,2905.000000000,2901.000000000,3,0
cubic_2600.txt,3,0.012000084,RVNS,2937.000000000,2901.000000000,4,0
cubic_2600.txt,3,0.016000032,RVNS,2906.000000000,2901.000000000,5,0
cubic_2600.txt,3,0.016000032,Tabu Search,2903.000000000,2901.000000000,5,0
cubic_2600.txt,3,0.019000053,Tabu Search,2910.000000000,2901.000000000,5,0
cubic_2600.txt,3,0.024000168,Tabu Search,2909.000000000,2901.000000000,5,0
cubic_2600.txt,3,0.027000189,RVNS,2904.000000000,2901.000000000,5,0
cubic_2600.txt,3,0.027000189,Tabu Search,2900.000000000,2900.000000000,5,1
cubic_2600.txt,3,0.031000137,Tabu Search,2898.000000000,2898.000000000,5,1
cubic_2600.txt,3,0.035000086,Tabu Search,2902.000000000,2898.000000000,5,0
cubic_2600.txt,3,0.038000107,Tabu Search,2899.000000000,2898.000000000,5,0
cubic_2600.txt,3,1.390000105,ACO,2808.000000000,2808.000000000,5,1
cubic_2600.txt,3,2.495000124,ACO,2807.000000000,2807.000000000,5,1
cubic_2600.txt,3,3.498000145,ACO,2795.000000000,2795.000000000,5,1
cubic_2600.txt,3,4.407999992,ACO,2790.000000000,2790.000000000,5,1
cubic_2600.txt,3,5.335999966,ACO,2767.000000000,2767.000000000,5,1
cubic_2600.txt,3,5.654000044,HHO,2305.000000000,2305.000000000,5,1
cubic_2600.txt,3,6.282000065,ACO,2769.000000000,2305.000000000,5,0
cubic_2600.txt,3,7.323000193,ACO,2763.000000000,2305.000000000,5,0
cubic_2600.txt,3,8.309000015,ACO,2759.000000000,2305.000000000,5,0
cubic_2600.txt,3,10.547000170,ACO,2321.000000000,2305.000000000,5,0
cubic_2600.txt,3,11.596000195,ACO,2343.000000000,2305.000000000,5,0
cubic_2600.txt,3,11.990000010,HHO,2328.000000000,2305.000000000,5,0
cubic_2600.txt,3,12.703000069,ACO,2313.000000000,2305.000000000,5,0
cubic_2600.txt,3,13.651000023,ACO,2318.000000000,2305.000000000,5,0
cubic_2600.txt,3,14.601000071,ACO,2327.000000000,2305.000000000,5,0
cubic_2600.txt,3,17.993000031,HHO,2289.000000000,2289.000000000,5,1
cubic_2600.txt,3,26.067000151,ACO,2302.000000000,2289.000000000,5,0
cubic_2600.txt,3,28.197000027,ACO,2307.000000000,2289.000000000,5,0
cubic_2600.txt,3,32.040000200,ACO,2296.000000000,2289.000000000,5,0
cubic_2600.txt,3,35.036000013,ACO,2304.000000000,2289.000000000,5,0
cubic_2600.txt,3,35.990000010,ACO,2301.000000000,2289.000000000,5,0
cubic_2600.txt,3,36.924000025,ACO,2295.000000000,2289.000000000,5,0
cubic_2600.txt,3,48.121000051,ACO,2293.000000000,2289.000000000,5,0
cubic_2600.txt,3,49.057000160,ACO,2298.000000000,2289.000000000,5,0
cubic_2600.txt,3,52.045000076,ACO,2290.000000000,2289.000000000,5,0
cubic_2600.txt,3,54.213000059,ACO,2292.000000000,2289.000000000,5,0
cubic_2600.txt,4,0.005999804,Tabu Search,2903.000000000,2903.000000000,1,1
cubic_2600.txt,4,0.007999897,RVNS,2902.000000000,2902.000000000,2,1
cubic_2600.txt,4,0.008999825,Tabu Search,2905.000000000,2902.000000000,3,0
cubic_2600.txt,4,0.010999918,Tabu Search,2906.000000000,2902.000000000,4,0
cubic_2600.txt,4,0.011999846,RVNS,2908.000000000,2902.000000000,5,0
cubic_2600.txt,4,0.021999836,RVNS,2907.000000000,2902.000000000,5,0
cubic_2600.txt,4,0.028999805,RVNS,2901.000000000,2901.000000000,5,1
cubic_2600.txt,4,0.032999992,Tabu Search,2896.000000000,2896.000000000,5,1
cubic_2600.txt,4,0.036999941,Tabu Search,2898.000000000,2896.000000000,5,0
cubic_2600.txt,4,0.036999941,RVNS,2900.000000000,2896.000000000,5,0
cubic_2600.txt,4,0.040999889,RVNS,2899.000000000,2896.000000000,5,0
cubic_2600.txt,4,0.085999966,Tabu Search,2897.000000000,2896.000000000,5,0
cubic_2600.txt,4,0.107999802,RVNS,2894.000000000,2894.000000000,5,1
cubic_2600.txt,4,1.412999868,ACO,2809.000000000,2809.000000000,5,1
cubic_2600.txt,4,2.345999956,ACO,2800.000000000,2800.000000000,5,1
cubic_2600.txt,4,3.314999819,ACO,2797.000000000,2797.000000000,5,1
cubic_2600.txt,4,4.287999868,ACO,2776.000000000,2776.000000000,5,1
cubic_2600.txt,4,5.257999897,ACO,2774.000000000,2774.000000000,5,1
cubic_2600.txt,4,5.488999844,HHO,2303.000000000,2303.000000000,5,1
cubic_2600.txt,4,6.198999882,ACO,2770.000000000,2303.000000000,5,0
cubic_2600.txt,4,8.094999790,ACO,2320.000000000,2303.000000000,5,0
cubic_2600.txt,4,9.036000013,ACO,2319.000000000,2303.000000000,5,0
cubic_2600.txt,4,10.099999905,ACO,2300.000000000,2300.000000000,5,1
cubic_2600.txt,4,11.028999805,ACO,2302.000000000,2300.000000000,5,0
cubic_2600.txt,4,12.115999937,ACO,2308.000000000,2300.000000000,5,0
cubic_2600.txt,4,13.166999817,ACO,2291.000000000,2291.000000000,5,1
cubic_2600.txt,4,15.340999842,ACO,2306.000000000,2291.000000000,5,0
cubic_2600.txt,4,16.361999989,ACO,2298.000000000,2291.000000000,5,0
cubic_2600.txt,4,28.402999878,ACO,2295.000000000,2291.000000000,5,0
cubic_2600.txt,4,31.875000000,HHO,2301.000000000,2291.000000000,5,0
cubic_2600.txt,4,43.668999910,ACO,2296.000000000,2291.000000000,5,0
cubic_2600.txt,4,49.576999903,ACO,2292.000000000,2291.000000000,5,0
cubic_2600.txt,4,51.645999908,ACO,2290.000000000,2290.000000000,5,1
cubic_2600.txt,5,0.005000114,RVNS,2875.000000000,2875.000000000,1,1
cubic_2600.txt,5,0.006000042,Tabu Search,2889.000000000,2875.000000000,2,0
cubic_2600.txt,5,0.008000135,RVNS,2876.000000000,2875.000000000,3,0
cubic_2600.txt,5,0.009999990,Tabu Search,2879.000000000,2875.000000000,4,0
cubic_2600.txt,5,0.009999990,RVNS,2878.000000000,2875.000000000,5,0
cubic_2600.txt,5,0.013000011,RVNS,2870.000000000,2870.000000000,5,1
cubic_2600.txt,5,0.023999929,Tabu Search,2874.000000000,2870.000000000,5,0
cubic_2600.txt,5,0.043999910,Tabu Search,2877.000000000,2870.000000000,5,0
cubic_2600.txt,5,0.087000132,Tabu Search,2873.000000000,2870.000000000,5,0
cubic_2600.txt,5,0.102999926,RVNS,2871.000000000,2870.000000000,5,0
cubic_2600.txt,5,0.108000040,RVNS,2872.000000000,2870.000000000,5,0
cubic_2600.txt,5,0.140000105,Tabu Search,2869.000000000,2869.000000000,5,1
cubic_2600.txt,5,1.361000061,ACO,2821.000000000,2821.000000000,5,1
cubic_2600.txt,5,2.525000095,ACO,2794.000000000,2794.000000000,5,1
cubic_2600.txt,5,4.809999943,ACO,2755.000000000,2755.000000000,5,1
cubic_2600.txt,5,5.871000051,ACO,2757.000000000,2755.000000000,5,0
cubic_2600.txt,5,6.042000055,HHO,2313.000000000,2313.000000000,5,1
cubic_2600.txt,5,6.930000067,ACO,2756.000000000,2313.000000000,5,0
cubic_2600.txt,5,7.963999987,ACO,2308.000000000,2308.000000000,5,1
cubic_2600.txt,5,8.885999918,ACO,2300.000000000,2300.000000000,5,1
cubic_2600.txt,5,9.839999914,ACO,2306.000000000,2300.000000000,5,0
cubic_2600.txt,5,10.759999990,ACO,2298.000000000,2298.000000000,5,1
cubic_2600.txt,5,11.598999977,HHO,2297.000000000,2297.000000000,5,1
cubic_2600.txt,5,12.745000124,ACO,2305.000000000,2297.000000000,5,0
cubic_2600.txt,5,15.641999960,ACO,2303.000000000,2297.000000000,5,0
cubic_2600.txt,5,16.577000141,ACO,2288.000000000,2288.000000000,5,1
cubic_2600.txt,5,17.638999939,ACO,2289.000000000,2288.000000000,5,0
cubic_2600.txt,5,19.723999977,ACO,2299.000000000,2288.000000000,5,0
cubic_2600.txt,5,24.578000069,ACO,2283.000000000,2283.000000000,5,1
cubic_2600.txt,5,25.588999987,ACO,2292.000000000,2283.000000000,5,0
cubic_2600.txt,5,25.608999968,HHO,2293.000000000,2283.000000000,5,0
cubic_2600.txt,5,28.551000118,ACO,2287.000000000,2283.000000000,5,0
cubic_2600.txt,5,33.052000046,HHO,2284.000000000,2283.000000000,5,0
cubic_2600.txt,5,40.243999958,ACO,2282.000000000,2282.000000000,5,1
cubic_2600.txt,5,45.236999989,ACO,2280.000000000,2280.000000000,5,1
cubic_2600.txt,5,48.094000101,ACO,2281.000000000,2280.000000000,5,0
cubic_2600.txt,5,56.309000015,HHO,2279.000000000,2279.000000000,5,1
cubic_2600.txt,6,0.006999969,RVNS,2913.000000000,2913.000000000,1,1
cubic_2600.txt,6,0.006999969,Tabu Search,2891.000000000,2891.000000000,2,1
cubic_2600.txt,6,0.010999918,RVNS,2915.000000000,2891.000000000,3,0
cubic_2600.txt,6,0.010999918,Tabu Search,2880.000000000,2880.000000000,4,1
cubic_2600.txt,6,0.013999939,RVNS,2881.000000000,2880.000000000,5,0
cubic_2600.txt,6,0.015000105,Tabu Search,2886.000000000,2880.000000000,5,0
cubic_2600.txt,6,0.016999960,RVNS,2911.000000000,2880.000000000,5,0
cubic_2600.txt,6,0.023000002,RVNS,2884.000000000,2880.000000000,5,0
cubic_2600.txt,6,0.026000023,Tabu Search,2883.000000000,2880.000000000,5,0
cubic_2600.txt,6,0.029000044,Tabu Search,2882.000000000,2880.000000000,5,0
cubic_2600.txt,6,0.036000013,Tabu Search,2879.000000000,2879.000000000,5,1
cubic_2600.txt,6,0.039999962,Tabu Search,2877.000000000,2877.000000000,5,1
cubic_2600.txt,6,0.043999910,Tabu Search,2878.000000000,2877.000000000,5,0
cubic_2600.txt,6,0.101000071,RVNS,2875.000000000,2875.000000000,5,1
cubic_2600.txt,6,0.137000084,RVNS,2876.000000000,2875.000000000,5,0
cubic_2600.txt,6,0.161999941,RVNS,2874.000000000,2874.000000000,5,1
cubic_2600.txt,6,0.234999895,Tabu Search,2870.000000000,2870.000000000,5,1
cubic_2600.txt,6,1.385999918,ACO,2811.000000000,2811.000000000,5,1
cubic_2600.txt,6,2.418999910,ACO,2807.000000000,2807.000000000,5,1
cubic_2600.txt,6,4.476999998,ACO,2777.000000000,2777.000000000,5,1
cubic_2600.txt,6,5.447000027,ACO,2773.000000000,2773.000000000,5,1
cubic_2600.txt,6,5.795000076,HHO,2321.000000000,2321.000000000,5,1
cubic_2600.txt,6,6.387000084,ACO,2770.000000000,2321.000000000,5,0
cubic_2600.txt,6,7.377000093,ACO,2747.000000000,2321.000000000,5,0
cubic_2600.txt,6,8.289000034,ACO,2744.000000000,2321.000000000,5,0
cubic_2600.txt,6,10.158999920,ACO,2743.000000000,2321.000000000,5,0
cubic_2600.txt,6,11.219000101,ACO,2746.000000000,2321.000000000,5,0
cubic_2600.txt,6,13.403000116,ACO,2324.000000000,2321.000000000,5,0
cubic_2600.txt,6,14.490999937,ACO,2342.000000000,2321.000000000,5,0
cubic_2600.txt,6,15.423000097,ACO,2334.000000000,2321.000000000,5,0
cubic_2600.txt,6,16.336999893,ACO,2346.000000000,2321.000000000,5,0
cubic_2600.txt,6,17.312000036,ACO,2336.000000000,2321.000000000,5,0
cubic_2600.txt,6,18.063999891,HHO,2325.000000000,2321.000000000,5,0
cubic_2600.txt,6,18.362999916,ACO,2323.000000000,2321.000000000,5,0
cubic_2600.txt,6,19.322000027,ACO,2306.000000000,2306.000000000,5,1
cubic_2600.txt,6,28.809999943,ACO,2317.000000000,2306.000000000,5,0
cubic_2600.txt,6,29.788000107,ACO,2302.000000000,2302.000000000,5,1
cubic_2600.txt,6,30.736000061,ACO,2322.000000000,2302.000000000,5,0
cubic_2600.txt,6,33.815000057,ACO,2297.000000000,2297.000000000,5,1
cubic_2600.txt,6,36.693000078,ACO,2308.000000000,2297.000000000,5,0
cubic_2600.txt,6,43.855000019,ACO,2303.000000000,2297.000000000,5,0
cubic_2600.txt,6,50.773000002,ACO,2299.000000000,2297.000000000,5,0
cubic_2600.txt,6,56.798000097,ACO,2290.000000000,2290.000000000,5,1
cubic_2600.txt,7,0.005999804,Tabu Search,2913.000000000,2913.000000000,1,1
cubic_2600.txt,7,0.006999969,RVNS,2923.000000000,2913.000000000,2,0
cubic_2600.txt,7,0.008999825,Tabu Search,2906.000000000,2906.000000000,3,1
cubic_2600.txt,7,0.011999846,Tabu Search,2914.000000000,2906.000000000,4,0
cubic_2600.txt,7,0.011999846,RVNS,2911.000000000,2906.000000000,5,0
cubic_2600.txt,7,0.015999794,RVNS,2908.000000000,2906.000000000,5,0
cubic_2600.txt,7,0.018999815,RVNS,2909.000000000,2906.000000000,5,0
cubic_2600.txt,7,0.021999836,RVNS,2912.000000000,2906.000000000,5,0
cubic_2600.txt,7,0.024999857,RVNS,2905.000000000,2905.000000000,5,1
cubic_2600.txt,7,0.026999950,Tabu Search,2910.000000000,2905.000000000,5,0
cubic_2600.txt,7,0.037999868,RVNS,2907.000000000,2905.000000000,5,0
cubic_2600.txt,7,0.092999935,Tabu Search,2903.000000000,2903.000000000,5,1
cubic_2600.txt,7,0.208999872,Tabu Search,2902.000000000,2902.000000000,5,1
cubic_2600.txt,7,0.248999834,Tabu Search,2904.000000000,2902.000000000,5,0
cubic_2600.txt,7,1.416999817,ACO,2824.000000000,2824.000000000,5,1
cubic_2600.txt,7,2.460999966,ACO,2822.000000000,2822.000000000,5,1
cubic_2600.txt,7,3.421999931,ACO,2796.000000000,2796.000000000,5,1
cubic_2600.txt,7,4.355999947,ACO,2792.000000000,2792.000000000,5,1
cubic_2600.txt,7,5.343999863,ACO,2781.000000000,2781.000000000,5,1
cubic_2600.txt,7,5.734999895,HHO,2320.000000000,2320.000000000,5,1
cubic_2600.txt,7,6.263999939,ACO,2764.000000000,2320.000000000,5,0
cubic_2600.txt,7,7.184000015,ACO,2771.000000000,2320.000000000,5,0
cubic_2600.txt,7,8.103999853,ACO,2760.000000000,2320.000000000,5,0
cubic_2600.txt,7,9.019999981,ACO,2750.000000000,2320.000000000,5,0
cubic_2600.txt,7,9.957000017,ACO,2754.000000000,2320.000000000,5,0
cubic_2600.txt,7,10.898000002,ACO,2742.000000000,2320.000000000,5,0
cubic_2600.txt,7,11.039999962,HHO,2308.000000000,2308.000000000,5,1
cubic_2600.txt,7,11.814999819,ACO,2740.000000000,2308.000000000,5,0
cubic_2600.txt,7,12.736999989,ACO,2298.000000000,2298.000000000,5,1
cubic_2600.txt,7,15.034999847,ACO,2310.000000000,2298.000000000,5,0
cubic_2600.txt,7,16.036000013,ACO,2301.000000000,2298.000000000,5,0
cubic_2600.txt,7,16.962999821,ACO,2304.000000000,2298.000000000,5,0
cubic_2600.txt,7,17.434000015,HHO,2290.000000000,2290.000000000,5,1
cubic_2600.txt,7,19.925999880,ACO,2295.000000000,2290.000000000,5,0
cubic_2600.txt,7,20.881999969,ACO,2297.000000000,2290.000000000,5,0
cubic_2600.txt,7,22.811999798,ACO,2299.000000000,2290.000000000,5,0
cubic_2600.txt,7,34.905999899,ACO,2296.000000000,2290.000000000,5,0
cubic_2600.txt,7,39.204999924,ACO,2279.000000000,2279.000000000,5,1
cubic_2600.txt,7,41.168999910,ACO,2280.000000000,2279.000000000,5,0
cubic_2600.txt,7,43.274999857,ACO,2268.000000000,2268.000000000,5,1
cubic_2600.txt,7,48.467000008,ACO,2286.000000000,2268.000000000,5,0
cubic_2600.txt,8,0.004999876,RVNS,2849.000000000,2849.000000000,1,1
cubic_2600.txt,8,0.006999969,Tabu Search,2858.000000000,2849.000000000,2,0
cubic_2600.txt,8,0.009999990,RVNS,2856.000000000,2849.000000000,3,0
cubic_2600.txt,8,0.010999918,Tabu Search,2854.000000000,2849.000000000,4,0
cubic_2600.txt,8,0.013000011,RVNS,2847.000000000,2847.000000000,5,1
cubic_2600.txt,8,0.014999866,Tabu Search,2848.000000000,2847.000000000,5,0
cubic_2600.txt,8,0.019999981,RVNS,2853.000000000,2847.000000000,5,0
cubic_2600.txt,8,0.026999950,Tabu Search,2846.000000000,2846.000000000,5,1
cubic_2600.txt,8,0.032999992,Tabu Search,2850.000000000,2846.000000000,5,0
cubic_2600.txt,8,0.040999889,Tabu Search,2845.000000000,2845.000000000,5,1
cubic_2600.txt,8,0.078999996,RVNS,2844.000000000,2844.000000000,5,1
cubic_2600.txt,8,0.154999971,RVNS,2842.000000000,2842.000000000,5,1
cubic_2600.txt,8,0.221999884,Tabu Search,2843.000000000,2842.000000000,5,0
cubic_2600.txt,8,1.433999777,ACO,2808.000000000,2808.000000000,5,1
cubic_2600.txt,8,2.558999777,ACO,2813.000000000,2808.000000000,5,0
cubic_2600.txt,8,3.594999790,ACO,2800.000000000,2800.000000000,5,1
cubic_2600.txt,8,4.639999866,ACO,2786.000000000,2786.000000000,5,1
cubic_2600.txt,8,5.678999901,ACO,2758.000000000,2758.000000000,5,1
cubic_2600.txt,8,5.965999842,HHO,2310.000000000,2310.000000000,5,1
cubic_2600.txt,8,6.672999859,ACO,2761.000000000,2310.000000000,5,0
cubic_2600.txt,8,7.745999813,ACO,2746.000000000,2310.000000000,5,0
cubic_2600.txt,8,8.694000006,ACO,2756.000000000,2310.000000000,5,0
cubic_2600.txt,8,10.535999775,ACO,2327.000000000,2310.000000000,5,0
cubic_2600.txt,8,11.501999855,HHO,2286.000000000,2286.000000000,5,1
cubic_2600.txt,8,11.509999990,ACO,2309.000000000,2286.000000000,5,0
cubic_2600.txt,8,12.498999834,ACO,2323.000000000,2286.000000000,5,0
cubic_2600.txt,8,13.475999832,ACO,2301.000000000,2286.000000000,5,0
cubic_2600.txt,8,14.416999817,ACO,2299.000000000,2286.000000000,5,0
cubic_2600.txt,8,15.404999971,ACO,2308.000000000,2286.000000000,5,0
cubic_2600.txt,8,16.379999876,ACO,2298.000000000,2286.000000000,5,0
cubic_2600.txt,8,17.540999889,HHO,2288.000000000,2286.000000000,5,0
cubic_2600.txt,8,24.584999800,ACO,2294.000000000,2286.000000000,5,0
cubic_2600.txt,8,33.495999813,ACO,2274.000000000,2274.000000000,5,1
cubic_2600.txt,8,35.054999828,ACO,2284.000000000,2274.000000000,5,0
cubic_2600.txt,8,40.201999903,HHO,2292.000000000,2274.000000000,5,0
cubic_2600.txt,8,42.160999775,ACO,2279.000000000,2274.000000000,5,0
cubic_2600.txt,9,0.005000114,Tabu Search,2906.000000000,2906.000000000,1,1
cubic_2600.txt,9,0.006999969,RVNS,2931.000000000,2906.000000000,2,0
cubic_2600.txt,9,0.006999969,Tabu Search,2905.000000000,2905.000000000,3,1
cubic_2600.txt,9,0.009999990,Tabu Search,2910.000000000,2905.000000000,4,0
cubic_2600.txt,9,0.009999990,RVNS,2923.000000000,2905.000000000,5,0
cubic_2600.txt,9,0.012000084,Tabu Search,2911.000000000,2905.000000000,5,0
cubic_2600.txt,9,0.016000032,Tabu Search,2903.000000000,2903.000000000,5,1
cubic_2600.txt,9,0.018000126,RVNS,2909.000000000,2903.000000000,5,0
cubic_2600.txt,9,0.019999981,Tabu Search,2908.000000000,2903.000000000,5,0
cubic_2600.txt,9,0.022000074,RVNS,2904.000000000,2903.000000000,5,0
cubic_2600.txt,9,0.028000116,Tabu Search,2902.000000000,2902.000000000,5,1
cubic_2600.txt,9,0.115000010,Tabu Search,2900.000000000,2900.000000000,5,1
cubic_2600.txt,9,0.253000021,Tabu Search,2901.000000000,2900.000000000,5,0
cubic_2600.txt,9,1.322999954,ACO,2817.000000000,2817.000000000,5,1
cubic_2600.txt,9,2.401000023,ACO,2809.000000000,2809.000000000,5,1
cubic_2600.txt,9,3.338999987,ACO,2814.000000000,2809.000000000,5,0
cubic_2600.txt,9,4.279999971,ACO,2792.000000000,2792.000000000,5,1
cubic_2600.txt,9,5.232000113,ACO,2777.000000000,2777.000000000,5,1
cubic_2600.txt,9,5.536999941,HHO,2319.000000000,2319.000000000,5,1
cubic_2600.txt,9,6.187999964,ACO,2751.000000000,2319.000000000,5,0
cubic_2600.txt,9,7.138000011,ACO,2743.000000000,2319.000000000,5,0
cubic_2600.txt,9,8.410000086,ACO,2323.000000000,2319.000000000,5,0
cubic_2600.txt,9,9.538000107,ACO,2342.000000000,2319.000000000,5,0
cubic_2600.txt,9,10.480999947,ACO,2324.000000000,2319.000000000,5,0
cubic_2600.txt,9,11.416000128,ACO,2314.000000000,2314.000000000,5,1
cubic_2600.txt,9,12.388000011,ACO,2322.000000000,2314.000000000,5,0
cubic_2600.txt,9,13.361000061,ACO,2309.000000000,2309.000000000,5,1
cubic_2600.txt,9,17.690999985,HHO,2295.000000000,2295.000000000,5,1
cubic_2600.txt,9,18.325999975,ACO,2320.000000000,2295.000000000,5,0
cubic_2600.txt,9,21.400000095,ACO,2303.000000000,2295.000000000,5,0
cubic_2600.txt,9,23.421000004,ACO,2298.000000000,2295.000000000,5,0
cubic_2600.txt,9,24.653000116,HHO,2302.000000000,2295.000000000,5,0
cubic_2600.txt,9,26.490999937,ACO,2305.000000000,2295.000000000,5,0
cubic_2600.txt,9,27.424000025,ACO,2286.000000000,2286.000000000,5,1
cubic_2600.txt,9,29.315999985,ACO,2301.000000000,2286.000000000,5,0
cubic_2600.txt,9,33.131000042,ACO,2293.000000000,2286.000000000,5,0
cubic_2600.txt,9,36.252000093,ACO,2292.000000000,2286.000000000,5,0
cubic_2600.txt,9,40.421000004,ACO,2297.000000000,2286.000000000,5,0
cubic_2600.txt,9,43.351000071,ACO,2282.000000000,2282.000000000,5,1
cubic_2600.txt,9,44.289999962,ACO,2284.000000000,2282.000000000,5,0
cubic_2600.txt,9,45.238000154,ACO,2270.000000000,2270.000000000,5,1
cubic_2600.txt,9,46.242000103,ACO,2278.000000000,2270.000000000,5,0
cubic_2600.txt,9,48.187000036,ACO,2283.000000000,2270.000000000,5,0
cubic_2600.txt,9,53.131000042,ACO,2276.000000000,2270.000000000,5,0
cubic_2600.txt,10,0.006999969,Tabu Search,2883.000000000,2883.000000000,1,1
cubic_2600.txt,10,0.007999897,RVNS,2923.000000000,2883.000000000,2,0
cubic_2600.txt,10,0.011999846,Tabu Search,2879.000000000,2879.000000000,3,1
cubic_2600.txt,10,0.013000011,RVNS,2921.000000000,2879.000000000,4,0
cubic_2600.txt,10,0.017999887,Tabu Search,2877.000000000,2877.000000000,5,1
cubic_2600.txt,10,0.018999815,RVNS,2919.000000000,2877.000000000,5,0
cubic_2600.txt,10,0.023000002,Tabu Search,2875.000000000,2875.000000000,5,1
cubic_2600.txt,10,0.032999992,Tabu Search,2884.000000000,2875.000000000,5,0
cubic_2600.txt,10,0.036999941,Tabu Search,2878.000000000,2875.000000000,5,0
cubic_2600.txt,10,0.040999889,RVNS,2880.000000000,2875.000000000,5,0
cubic_2600.txt,10,0.069999933,RVNS,2876.000000000,2875.000000000,5,0
cubic_2600.txt,10,0.083999872,RVNS,2873.000000000,2873.000000000,5,1
cubic_2600.txt,10,0.181999922,Tabu Search,2874.000000000,2873.000000000,5,0
cubic_2600.txt,10,1.791999817,ACO,2814.000000000,2814.000000000,5,1
cubic_2600.txt,10,2.805999994,ACO,2809.000000000,2809.000000000,5,1
cubic_2600.txt,10,3.776999950,ACO,2772.000000000,2772.000000000,5,1
cubic_2600.txt,10,4.797999859,ACO,2763.000000000,2763.000000000,5,1
cubic_2600.txt,10,5.735999823,ACO,2762.000000000,2762.000000000,5,1
cubic_2600.txt,10,6.106999874,HHO,2331.000000000,2331.000000000,5,1
cubic_2600.txt,10,6.782999992,ACO,2769.000000000,2331.000000000,5,0
cubic_2600.txt,10,8.705999851,ACO,2752.000000000,2331.000000000,5,0
cubic_2600.txt,10,9.648999929,ACO,2754.000000000,2331.000000000,5,0
cubic_2600.txt,10,10.623999834,ACO,2749.000000000,2331.000000000,5,0
cubic_2600.txt,10,11.576999903,ACO,2744.000000000,2331.000000000,5,0
cubic_2600.txt,10,11.939999819,HHO,2300.000000000,2300.000000000,5,1
cubic_2600.txt,10,12.836999893,ACO,2317.000000000,2300.000000000,5,0
cubic_2600.txt,10,13.953999996,ACO,2310.000000000,2300.000000000,5,0
cubic_2600.txt,10,14.954999924,ACO,2309.000000000,2300.000000000,5,0
cubic_2600.txt,10,15.903999805,ACO,2324.000000000,2300.000000000,5,0
cubic_2600.txt,10,16.833999872,ACO,2311.000000000,2300.000000000,5,0
cubic_2600.txt,10,18.921999931,ACO,2299.000000000,2299.000000000,5,1
cubic_2600.txt,10,23.901999950,ACO,2286.000000000,2286.000000000,5,1
cubic_2600.txt,10,26.801999807,ACO,2293.000000000,2286.000000000,5,0
cubic_2600.txt,10,28.033999920,ACO,2306.000000000,2286.000000000,5,0
cubic_2600.txt,10,32.536999941,HHO,2297.000000000,2286.000000000,5,0
cubic_2600.txt,10,35.877999783,ACO,2289.000000000,2286.000000000,5,0
cubic_2600.txt,10,36.817999840,ACO,2295.000000000,2286.000000000,5,0
cubic_2600.txt,10,49.974999905,ACO,2278.000000000,2278.000000000,5,1
cubic_2600.txt,10,51.976999998,ACO,2283.000000000,2278.000000000,5,0
cubic_2600.txt,10,53.884999990,ACO,2282.000000000,2278.000000000,5,0
cubic_2700.txt,1,0.012999773,RVNS,3026.000000000,3026.000000000,1,1
cubic_2700.txt,1,0.012999773,Tabu Search,3005.000000000,3005.000000000,2,1
cubic_2700.txt,1,0.018999815,RVNS,3025.000000000,3005.000000000,3,0
cubic_2700.txt,1,0.018999815,Tabu Search,3014.000000000,3005.000000000,4,0
cubic_2700.txt,1,0.024999857,RVNS,3024.000000000,3005.000000000,5,0
cubic_2700.txt,1,0.024999857,Tabu Search,3012.000000000,3005.000000000,5,0
cubic_2700.txt,1,0.029999971,RVNS,3019.000000000,3005.000000000,5,0
cubic_2700.txt,1,0.034999847,Tabu Search,3017.000000000,3005.000000000,5,0
cubic_2700.txt,1,0.035999775,RVNS,3013.000000000,3005.000000000,5,0
cubic_2700.txt,1,0.038999796,Tabu Search,3015.000000000,3005.000000000,5,0
cubic_2700.txt,1,0.044999838,RVNS,3011.000000000,3005.000000000,5,0
cubic_2700.txt,1,0.047999859,Tabu Search,3010.000000000,3005.000000000,5,0
cubic_2700.txt,1,0.053999901,RVNS,3007.000000000,3005.000000000,5,0
cubic_2700.txt,1,0.071999788,Tabu Search,3009.000000000,3005.000000000,5,0
cubic_2700.txt,1,0.074999809,Tabu Search,3006.000000000,3005.000000000,5,0
cubic_2700.txt,1,0.078999996,Tabu Search,3004.000000000,3004.000000000,5,1
cubic_2700.txt,1,0.094999790,Tabu Search,3003.000000000,3003.000000000,5,1
cubic_2700.txt,1,1.748999834,ACO,2908.000000000,2908.000000000,5,1
cubic_2700.txt,1,2.790999889,ACO,2892.000000000,2892.000000000,5,1
cubic_2700.txt,1,3.769999981,ACO,2895.000000000,2892.000000000,5,0
cubic_2700.txt,1,5.690999985,ACO,2878.000000000,2878.000000000,5,1
cubic_2700.txt,1,6.217000008,HHO,2442.000000000,2442.000000000,5,1
cubic_2700.txt,1,6.783999920,ACO,2872.000000000,2442.000000000,5,0
cubic_2700.txt,1,7.712999821,ACO,2867.000000000,2442.000000000,5,0
cubic_2700.txt,1,8.641999960,ACO,2857.000000000,2442.000000000,5,0
cubic_2700.txt,1,9.572999954,ACO,2422.000000000,2422.000000000,5,1
cubic_2700.txt,1,10.551999807,ACO,2441.000000000,2422.000000000,5,0
cubic_2700.txt,1,11.488999844,ACO,2430.000000000,2422.000000000,5,0
cubic_2700.txt,1,12.092999935,HHO,2415.000000000,2415.000000000,5,1
cubic_2700.txt,1,12.437999964,ACO,2429.000000000,2415.000000000,5,0
cubic_2700.txt,1,14.480999947,ACO,2426.000000000,2415.000000000,5,0
cubic_2700.txt,1,17.467000008,ACO,2427.000000000,2415.000000000,5,0
cubic_2700.txt,1,18.569000006,ACO,2424.000000000,2415.000000000,5,0
cubic_2700.txt,1,18.678999901,HHO,2417.000000000,2415.000000000,5,0
cubic_2700.txt,1,20.648000002,ACO,2387.000000000,2387.000000000,5,1
cubic_2700.txt,1,21.628999949,ACO,2389.000000000,2387.000000000,5,0
cubic_2700.txt,1,22.625999928,ACO,2378.000000000,2378.000000000,5,1
cubic_2700.txt,1,23.627999783,ACO,2405.000000000,2378.000000000,5,0
cubic_2700.txt,1,24.692999840,ACO,2402.000000000,2378.000000000,5,0
cubic_2700.txt,1,25.673999786,ACO,2393.000000000,2378.000000000,5,0
cubic_2700.txt,1,26.622999907,ACO,2379.000000000,2378.000000000,5,0
cubic_2700.txt,1,27.613999844,ACO,2384.000000000,2378.000000000,5,0
cubic_2700.txt,1,37.463999987,ACO,2388.000000000,2378.000000000,5,0
cubic_2700.txt,1,47.809999943,ACO,2376.000000000,2376.000000000,5,1
cubic_2700.txt,1,53.570999861,ACO,2380.000000000,2376.000000000,5,0
cubic_2700.txt,1,57.527999878,ACO,2369.000000000,2369.000000000,5,1
cubic_2700.txt,1,58.416999817,ACO,2353.000000000,2353.000000000,5,1
cubic_2700.txt,2,0.005000114,Tabu Search,2998.000000000,2998.000000000,1,1
cubic_2700.txt,2,0.006999969,RVNS,3006.000000000,2998.000000000,2,0
cubic_2700.txt,2,0.009000063,Tabu Search,3003.000000000,2998.000000000,3,0
cubic_2700.txt,2,0.011000156,Tabu Search,3000.000000000,2998.000000000,4,0
cubic_2700.txt,2,0.011000156,RVNS,3002.000000000,2998.000000000,5,0
cubic_2700.txt,2,0.018000126,RVNS,3001.000000000,2998.000000000,5,0
cubic_2700.txt,2,0.025000095,Tabu Search,2992.000000000,2992.000000000,5,1
cubic_2700.txt,2,0.045000076,RVNS,2999.000000000,2992.000000000,5,0
cubic_2700.txt,2,0.062000036,Tabu Search,2993.000000000,2992.000000000,5,0
cubic_2700.txt,2,0.087000132,Tabu Search,2995.000000000,2992.000000000,5,0
cubic_2700.txt,2,0.125000000,Tabu Search,2997.000000000,2992.000000000,5,0
cubic_2700.txt,2,0.128999949,RVNS,2996.000000000,2992.000000000,5,0
cubic_2700.txt,2,0.189000130,Tabu Search,2994.000000000,2992.000000000,5,0
cubic_2700.txt,2,1.366000175,ACO,2942.000000000,2942.000000000,5,1
cubic_2700.txt,2,2.320000172,ACO,2925.000000000,2925.000000000,5,1
cubic_2700.txt,2,3.480000019,ACO,2912.000000000,2912.000000000,5,1
cubic_2700.txt,2,4.528000116,ACO,2889.000000000,2889.000000000,5,1
cubic_2700.txt,2,5.544000149,ACO,2886.000000000,2886.000000000,5,1
cubic_2700.txt,2,5.933000088,HHO,2397.000000000,2397.000000000,5,1
cubic_2700.txt,2,8.482000113,ACO,2869.000000000,2397.000000000,5,0
cubic_2700.txt,2,9.430999994,ACO,2410.000000000,2397.000000000,5,0
cubic_2700.txt,2,10.376000166,ACO,2384.000000000,2384.000000000,5,1
cubic_2700.txt,2,11.351000071,ACO,2386.000000000,2384.000000000,5,0
cubic_2700.txt,2,11.761000156,HHO,2380.000000000,2380.000000000,5,1
cubic_2700.txt,2,12.317000151,ACO,2378.000000000,2378.000000000,5,1
cubic_2700.txt,2,19.389000177,ACO,2387.000000000,2378.000000000,5,0
cubic_2700.txt,2,25.294000149,HHO,2385.000000000,2378.000000000,5,0
cubic_2700.txt,2,29.345999956,ACO,2374.000000000,2374.000000000,5,1
cubic_2700.txt,2,43.315000057,ACO,2383.000000000,2374.000000000,5,0
cubic_2700.txt,2,55.262000084,ACO,2372.000000000,2372.000000000,5,1
cubic_2700.txt,3,0.008999825,Tabu Search,3045.000000000,3045.000000000,1,1
cubic_2700.txt,3,0.009999990,RVNS,2996.000000000,2996.000000000,2,1
cubic_2700.txt,3,0.014999866,Tabu Search,2998.000000000,2996.000000000,3,0
cubic_2700.txt,3,0.020999908,Tabu Search,3004.000000000,2996.000000000,4,0
cubic_2700.txt,3,0.020999908,RVNS,3001.000000000,2996.000000000,5,0
cubic_2700.txt,3,0.027999878,Tabu Search,3005.000000000,2996.000000000,5,0
cubic_2700.txt,3,0.032999992,Tabu Search,3003.000000000,2996.000000000,5,0
cubic_2700.txt,3,0.033999920,RVNS,3002.000000000,2996.000000000,5,0
cubic_2700.txt,3,0.038999796,Tabu Search,2999.000000000,2996.000000000,5,0
cubic_2700.txt,3,0.048999786,Tabu Search,3000.000000000,2996.000000000,5,0
cubic_2700.txt,3,0.067999840,RVNS,2997.000000000,2996.000000000,5,0
cubic_2700.txt,3,0.100999832,RVNS,2993.000000000,2993.000000000,5,1
cubic_2700.txt,3,0.111999989,RVNS,2995.000000000,2993.000000000,5,0
cubic_2700.txt,3,0.315999985,RVNS,2994.000000000,2993.000000000,5,0
cubic_2700.txt,3,1.548999786,ACO,2932.000000000,2932.000000000,5,1
cubic_2700.txt,3,2.508999825,ACO,2885.000000000,2885.000000000,5,1
cubic_2700.txt,3,3.470999956,ACO,2884.000000000,2884.000000000,5,1
cubic_2700.txt,3,4.440999985,ACO,2883.000000000,2883.000000000,5,1
cubic_2700.txt,3,6.117999792,HHO,2399.000000000,2399.000000000,5,1
cubic_2700.txt,3,6.596999884,ACO,2882.000000000,2399.000000000,5,0
cubic_2700.txt,3,7.574999809,ACO,2383.000000000,2383.000000000,5,1
cubic_2700.txt,3,8.543999910,ACO,2384.000000000,2383.000000000,5,0
cubic_2700.txt,3,9.504999876,ACO,2381.000000000,2381.000000000,5,1
cubic_2700.txt,3,10.461999893,ACO,2395.000000000,2381.000000000,5,0
cubic_2700.txt,3,12.009999990,HHO,2378.000000000,2378.000000000,5,1
cubic_2700.txt,3,15.598999977,ACO,2366.000000000,2366.000000000,5,1
cubic_2700.txt,3,32.326999903,ACO,2367.000000000,2366.000000000,5,0
cubic_2700.txt,3,39.442999840,ACO,2374.000000000,2366.000000000,5,0
cubic_2700.txt,3,48.171999931,ACO,2377.000000000,2366.000000000,5,0
cubic_2700.txt,4,0.006999969,RVNS,3046.000000000,3046.000000000,1,1
cubic_2700.txt,4,0.007999897,Tabu Search,3043.000000000,3043.000000000,2,1
cubic_2700.txt,4,0.012999773,Tabu Search,3050.000000000,3043.000000000,3,0
cubic_2700.txt,4,0.013999939,RVNS,3042.000000000,3042.000000000,4,1
cubic_2700.txt,4,0.016999960,Tabu Search,3044.000000000,3042.000000000,5,0
cubic_2700.txt,4,0.024999857,Tabu Search,3041.000000000,3041.000000000,5,1
cubic_2700.txt,4,0.031999826,RVNS,3045.000000000,3041.000000000,5,0
cubic_2700.txt,4,0.032999992,Tabu Search,3040.000000000,3040.000000000,5,1
cubic_2700.txt,4,0.140999794,Tabu Search,3039.000000000,3039.000000000,5,1
cubic_2700.txt,4,0.250999928,Tabu Search,3038.000000000,3038.000000000,5,1
cubic_2700.txt,4,1.415999889,ACO,2923.000000000,2923.000000000,5,1
cubic_2700.txt,4,2.439999819,ACO,2921.000000000,2921.000000000,5,1
cubic_2700.txt,4,3.393999815,ACO,2908.000000000,2908.000000000,5,1
cubic_2700.txt,4,4.354999781,ACO,2896.000000000,2896.000000000,5,1
cubic_2700.txt,4,5.326999903,ACO,2886.000000000,2886.000000000,5,1
cubic_2700.txt,4,5.827999830,HHO,2414.000000000,2414.000000000,5,1
cubic_2700.txt,4,6.268999815,ACO,2882.000000000,2414.000000000,5,0
cubic_2700.txt,4,7.198999882,ACO,2424.000000000,2414.000000000,5,0
cubic_2700.txt,4,8.142999887,ACO,2423.000000000,2414.000000000,5,0
cubic_2700.txt,4,9.132999897,ACO,2430.000000000,2414.000000000,5,0
cubic_2700.txt,4,10.123999834,ACO,2407.000000000,2407.000000000,5,1
cubic_2700.txt,4,11.284999847,ACO,2428.000000000,2407.000000000,5,0
cubic_2700.txt,4,11.834999800,HHO,2406.000000000,2406.000000000,5,1
cubic_2700.txt,4,14.465999842,ACO,2404.000000000,2404.000000000,5,1
cubic_2700.txt,4,15.439999819,ACO,2412.000000000,2404.000000000,5,0
cubic_2700.txt,4,16.408999920,ACO,2386.000000000,2386.000000000,5,1
cubic_2700.txt,4,18.289999962,HHO,2398.000000000,2386.000000000,5,0
cubic_2700.txt,4,19.427999973,ACO,2384.000000000,2384.000000000,5,1
cubic_2700.txt,4,20.398999929,ACO,2393.000000000,2384.000000000,5,0
cubic_2700.txt,4,24.592999935,ACO,2400.000000000,2384.000000000,5,0
cubic_2700.txt,4,28.825999975,ACO,2392.000000000,2384.000000000,5,0
cubic_2700.txt,4,29.796999931,ACO,2389.000000000,2384.000000000,5,0
cubic_2700.txt,4,30.761999846,ACO,2391.000000000,2384.000000000,5,0
cubic_2700.txt,4,32.805999994,ACO,2388.000000000,2384.000000000,5,0
cubic_2700.txt,4,40.724999905,ACO,2383.000000000,2383.000000000,5,1
cubic_2700.txt,4,41.842999935,ACO,2372.000000000,2372.000000000,5,1
cubic_2700.txt,4,42.863999844,ACO,2380.000000000,2372.000000000,5,0
cubic_2700.txt,4,45.884999990,ACO,2385.000000000,2372.000000000,5,0
cubic_2700.txt,4,47.793999910,ACO,2361.000000000,2361.000000000,5,1
cubic_2700.txt,4,51.319999933,ACO,2373.000000000,2361.000000000,5,0
cubic_2700.txt,4,52.682999849,ACO,2381.000000000,2361.000000000,5,0
cubic_2700.txt,4,53.924999952,ACO,2371.000000000,2361.000000000,5,0
cubic_2700.txt,4,61.875999928,ACO,2362.000000000,2361.000000000,5,0
cubic_2700.txt,5,0.006000042,Tabu Search,3025.000000000,3025.000000000,1,1
cubic_2700.txt,5,0.009000063,RVNS,3023.000000000,3023.000000000,2,1
cubic_2700.txt,5,0.010999918,Tabu Search,3024.000000000,3023.000000000,3,0
cubic_2700.txt,5,0.016000032,Tabu Search,3022.000000000,3022.000000000,4,1
cubic_2700.txt,5,0.019000053,Tabu Search,3030.000000000,3022.000000000,5,0
cubic_2700.txt,5,0.020999908,Tabu Search,3028.000000000,3022.000000000,5,0
cubic_2700.txt,5,0.039999962,Tabu Search,3026.000000000,3022.000000000,5,0
cubic_2700.txt,5,0.048000097,RVNS,3021.000000000,3021.000000000,5,1
cubic_2700.txt,5,0.050999880,Tabu Search,3018.000000000,3018.000000000,5,1
cubic_2700.txt,5,0.089999914,RVNS,3017.000000000,3017.000000000,5,1
cubic_2700.txt,5,0.102999926,RVNS,3020.000000000,3017.000000000,5,0
cubic_2700.txt,5,0.117000103,RVNS,3016.000000000,3016.000000000,5,1
cubic_2700.txt,5,0.134999990,Tabu Search,3019.000000000,3016.000000000,5,0
cubic_2700.txt,5,0.269000053,RVNS,3015.000000000,3015.000000000,5,1
cubic_2700.txt,5,1.486000061,ACO,2921.000000000,2921.000000000,5,1
cubic_2700.txt,5,2.489000082,ACO,2918.000000000,2918.000000000,5,1
cubic_2700.txt,5,3.556999922,ACO,2909.000000000,2909.000000000,5,1
cubic_2700.txt,5,4.552999973,ACO,2901.000000000,2901.000000000,5,1
cubic_2700.txt,5,5.494999886,ACO,2883.000000000,2883.000000000,5,1
cubic_2700.txt,5,6.099999905,HHO,2394.000000000,2394.000000000,5,1
cubic_2700.txt,5,6.437999964,ACO,2847.000000000,2394.000000000,5,0
cubic_2700.txt,5,7.377000093,ACO,2406.000000000,2394.000000000,5,0
cubic_2700.txt,5,8.592000008,ACO,2408.000000000,2394.000000000,5,0
cubic_2700.txt,5,9.674999952,ACO,2391.000000000,2391.000000000,5,1
cubic_2700.txt,5,11.707000017,ACO,2415.000000000,2391.000000000,5,0
cubic_2700.txt,5,12.296999931,HHO,2407.000000000,2391.000000000,5,0
cubic_2700.txt,5,12.681999922,ACO,2398.000000000,2391.000000000,5,0
cubic_2700.txt,5,15.759999990,ACO,2404.000000000,2391.000000000,5,0
cubic_2700.txt,5,17.690000057,ACO,2399.000000000,2391.000000000,5,0
cubic_2700.txt,5,19.739000082,ACO,2377.000000000,2377.000000000,5,1
cubic_2700.txt,5,20.731999874,ACO,2392.000000000,2377.000000000,5,0
cubic_2700.txt,5,22.694000006,ACO,2372.000000000,2372.000000000,5,1
cubic_2700.txt,5,23.913000107,ACO,2385.000000000,2372.000000000,5,0
cubic_2700.txt,5,24.989000082,ACO,2389.000000000,2372.000000000,5,0
cubic_2700.txt,5,30.990999937,ACO,2387.000000000,2372.000000000,5,0
cubic_2700.txt,5,33.303999901,HHO,2383.000000000,2372.000000000,5,0
cubic_2700.txt,5,35.060999870,ACO,2384.000000000,2372.000000000,5,0
cubic_2700.txt,6,0.005000114,Tabu Search,3018.000000000,3018.000000000,1,1
cubic_2700.txt,6,0.006999969,RVNS,3004.000000000,3004.000000000,2,1
cubic_2700.txt,6,0.009000063,Tabu Search,3028.000000000,3004.000000000,3,0
cubic_2700.txt,6,0.013000011,Tabu Search,3006.000000000,3004.000000000,4,0
cubic_2700.txt,6,0.013000011,RVNS,3005.000000000,3004.000000000,5,0
cubic_2700.txt,6,0.016000032,Tabu Search,3003.000000000,3003.000000000,5,1
cubic_2700.txt,6,0.020999908,Tabu Search,3010.000000000,3003.000000000,5,0
cubic_2700.txt,6,0.025000095,Tabu Search,3009.000000000,3003.000000000,5,0
cubic_2700.txt,6,0.029000044,RVNS,3008.000000000,3003.000000000,5,0
cubic_2700.txt,6,0.029999971,Tabu Search,3002.000000000,3002.000000000,5,1
cubic_2700.txt,6,0.032000065,RVNS,2997.000000000,2997.000000000,5,1
cubic_2700.txt,6,0.045000076,Tabu Search,3001.000000000,2997.000000000,5,0
cubic_2700.txt,6,0.056999922,RVNS,3000.000000000,2997.000000000,5,0
cubic_2700.txt,6,0.137000084,Tabu Search,2999.000000000,2997.000000000,5,0
cubic_2700.txt,6,0.229000092,RVNS,2998.000000000,2997.000000000,5,0
cubic_2700.txt,6,1.335000038,ACO,2906.000000000,2906.000000000,5,1
cubic_2700.txt,6,2.406000137,ACO,2910.000000000,2906.000000000,5,0
cubic_2700.txt,6,3.345000029,ACO,2882.000000000,2882.000000000,5,1
cubic_2700.txt,6,4.325999975,ACO,2887.000000000,2882.000000000,5,0
cubic_2700.txt,6,6.068000078,HHO,2422.000000000,2422.000000000,5,1
cubic_2700.txt,6,6.312999964,ACO,2880.000000000,2422.000000000,5,0
cubic_2700.txt,6,7.362999916,ACO,2875.000000000,2422.000000000,5,0
cubic_2700.txt,6,8.325000048,ACO,2867.000000000,2422.000000000,5,0
cubic_2700.txt,6,9.253000021,ACO,2865.000000000,2422.000000000,5,0
cubic_2700.txt,6,11.112999916,ACO,2857.000000000,2422.000000000,5,0
cubic_2700.txt,6,11.967999935,HHO,2416.000000000,2416.000000000,5,1
cubic_2700.txt,6,12.476000071,ACO,2848.000000000,2416.000000000,5,0
cubic_2700.txt,6,14.572000027,ACO,2410.000000000,2410.000000000,5,1
cubic_2700.txt,6,15.522000074,ACO,2425.000000000,2410.000000000,5,0
cubic_2700.txt,6,16.447000027,ACO,2411.000000000,2410.000000000,5,0
cubic_2700.txt,6,18.582000017,ACO,2423.000000000,2410.000000000,5,0
cubic_2700.txt,6,18.793999910,HHO,2408.000000000,2408.000000000,5,1
cubic_2700.txt,6,19.536000013,ACO,2409.000000000,2408.000000000,5,0
cubic_2700.txt,6,21.477999926,ACO,2399.000000000,2399.000000000,5,1
cubic_2700.txt,6,22.551000118,ACO,2407.000000000,2399.000000000,5,0
cubic_2700.txt,6,23.598999977,ACO,2390.000000000,2390.000000000,5,1
cubic_2700.txt,6,24.572999954,ACO,2404.000000000,2390.000000000,5,0
cubic_2700.txt,6,26.601000071,ACO,2397.000000000,2390.000000000,5,0
cubic_2700.txt,6,28.963999987,ACO,2403.000000000,2390.000000000,5,0
cubic_2700.txt,6,35.832999945,ACO,2382.000000000,2382.000000000,5,1
cubic_2700.txt,6,36.973999977,ACO,2396.000000000,2382.000000000,5,0
cubic_2700.txt,6,37.929000139,ACO,2395.000000000,2382.000000000,5,0
cubic_2700.txt,6,39.960000038,ACO,2375.000000000,2375.000000000,5,1
cubic_2700.txt,6,41.986000061,ACO,2392.000000000,2375.000000000,5,0
cubic_2700.txt,6,43.167000055,ACO,2388.000000000,2375.000000000,5,0
cubic_2700.txt,6,44.408999920,ACO,2391.000000000,2375.000000000,5,0
cubic_2700.txt,6,46.347000122,ACO,2369.000000000,2369.000000000,5,1
cubic_2700.txt,6,53.199000120,ACO,2368.000000000,2368.000000000,5,1
cubic_2700.txt,6,54.137000084,ACO,2376.000000000,2368.000000000,5,0
cubic_2700.txt,7,0.007000208,RVNS,3001.000000000,3001.000000000,1,1
cubic_2700.txt,7,0.009000063,Tabu Search,3012.000000000,3001.000000000,2,0
cubic_2700.txt,7,0.009999990,RVNS,3003.000000000,3001.000000000,3,0
cubic_2700.txt,7,0.013000011,Tabu Search,3004.000000000,3001.000000000,4,0
cubic_2700.txt,7,0.021000147,RVNS,3008.000000000,3001.000000000,5,0
cubic_2700.txt,7,0.025000095,Tabu Search,2992.000000000,2992.000000000,5,1
cubic_2700.txt,7,0.030000210,Tabu Search,3000.000000000,2992.000000000,5,0
cubic_2700.txt,7,0.041000128,RVNS,2999.000000000,2992.000000000,5,0
cubic_2700.txt,7,0.046000004,RVNS,3002.000000000,2992.000000000,5,0
cubic_2700.txt,7,0.046000004,Tabu Search,2998.000000000,2992.000000000,5,0
cubic_2700.txt,7,0.049000025,Tabu Search,2997.000000000,2992.000000000,5,0
cubic_2700.txt,7,0.072000027,RVNS,2993.000000000,2992.000000000,5,0
cubic_2700.txt,7,0.075000048,Tabu Search,2996.000000000,2992.000000000,5,0
cubic_2700.txt,7,0.123000145,RVNS,2994.000000000,2992.000000000,5,0
cubic_2700.txt,7,0.133000135,Tabu Search,2995.000000000,2992.000000000,5,0
cubic_2700.txt,7,1.552000046,ACO,2927.000000000,2927.000000000,5,1
cubic_2700.txt,7,2.601999998,ACO,2913.000000000,2913.000000000,5,1
cubic_2700.txt,7,3.759999990,ACO,2911.000000000,2911.000000000,5,1
cubic_2700.txt,7,4.764000177,ACO,2886.000000000,2886.000000000,5,1
cubic_2700.txt,7,5.705000162,ACO,2885.000000000,2885.000000000,5,1
cubic_2700.txt,7,6.028000116,HHO,2408.000000000,2408.000000000,5,1
cubic_2700.txt,7,6.631000042,ACO,2888.000000000,2408.000000000,5,0
cubic_2700.txt,7,7.605000019,ACO,2409.000000000,2408.000000000,5,0
cubic_2700.txt,7,8.608000040,ACO,2406.000000000,2406.000000000,5,1
cubic_2700.txt,7,10.671000004,ACO,2403.000000000,2403.000000000,5,1
cubic_2700.txt,7,11.610000134,ACO,2394.000000000,2394.000000000,5,1
cubic_2700.txt,7,11.955000162,HHO,2398.000000000,2394.000000000,5,0
cubic_2700.txt,7,12.588999987,ACO,2397.000000000,2394.000000000,5,0
cubic_2700.txt,7,13.560000181,ACO,2372.000000000,2372.000000000,5,1
cubic_2700.txt,7,19.009999990,ACO,2400.000000000,2372.000000000,5,0
cubic_2700.txt,7,32.355000019,ACO,2384.000000000,2372.000000000,5,0
cubic_2700.txt,7,34.426000118,ACO,2376.000000000,2372.000000000,5,0
cubic_2700.txt,7,35.384000063,ACO,2370.000000000,2370.000000000,5,1
cubic_2700.txt,7,37.252000093,ACO,2371.000000000,2370.000000000,5,0
cubic_2700.txt,7,43.104000092,ACO,2374.000000000,2370.000000000,5,0
cubic_2700.txt,7,45.341000080,ACO,2361.000000000,2361.000000000,5,1
cubic_2700.txt,8,0.006999969,RVNS,2955.000000000,2955.000000000,1,1
cubic_2700.txt,8,0.006999969,Tabu Search,3035.000000000,2955.000000000,2,0
cubic_2700.txt,8,0.010999918,RVNS,2957.000000000,2955.000000000,3,0
cubic_2700.txt,8,0.013999939,Tabu Search,2959.000000000,2955.000000000,4,0
cubic_2700.txt,8,0.015000105,RVNS,2953.000000000,2953.000000000,5,1
cubic_2700.txt,8,0.018000126,RVNS,3032.000000000,2953.000000000,5,0
cubic_2700.txt,8,0.019999981,RVNS,2954.000000000,2953.000000000,5,0
cubic_2700.txt,8,0.022000074,Tabu Search,2952.000000000,2952.000000000,5,1
cubic_2700.txt,8,0.029000044,Tabu Search,2956.000000000,2952.000000000,5,0
cubic_2700.txt,8,0.049000025,Tabu Search,2951.000000000,2951.000000000,5,1
cubic_2700.txt,8,0.128000021,RVNS,2950.000000000,2950.000000000,5,1
cubic_2700.txt,8,0.184000015,RVNS,2948.000000000,2948.000000000,5,1
cubic_2700.txt,8,1.530999899,ACO,2920.000000000,2920.000000000,5,1
cubic_2700.txt,8,2.693000078,ACO,2913.000000000,2913.000000000,5,1
cubic_2700.txt,8,3.792000055,ACO,2897.000000000,2897.000000000,5,1
cubic_2700.txt,8,5.791000128,ACO,2895.000000000,2895.000000000,5,1
cubic_2700.txt,8,6.697999954,HHO,2438.000000000,2438.000000000,5,1
cubic_2700.txt,8,7.127000093,ACO,2875.000000000,2438.000000000,5,0
cubic_2700.txt,8,8.357000113,ACO,2878.000000000,2438.000000000,5,0
cubic_2700.txt,8,9.380000114,ACO,2867.000000000,2438.000000000,5,0
cubic_2700.txt,8,10.309999943,ACO,2862.000000000,2438.000000000,5,0
cubic_2700.txt,8,11.325000048,ACO,2857.000000000,2438.000000000,5,0
cubic_2700.txt,8,13.407999992,ACO,2853.000000000,2438.000000000,5,0
cubic_2700.txt,8,13.423000097,HHO,2458.000000000,2438.000000000,5,0
cubic_2700.txt,8,15.259000063,ACO,2851.000000000,2438.000000000,5,0
cubic_2700.txt,8,16.249000072,ACO,2847.000000000,2438.000000000,5,0
cubic_2700.txt,8,17.318000078,ACO,2849.000000000,2438.000000000,5,0
cubic_2700.txt,8,18.451999903,ACO,2848.000000000,2438.000000000,5,0
cubic_2700.txt,8,19.463999987,ACO,2840.000000000,2438.000000000,5,0
cubic_2700.txt,8,20.025000095,HHO,2430.000000000,2430.000000000,5,1
cubic_2700.txt,8,20.526999950,ACO,2830.000000000,2430.000000000,5,0
cubic_2700.txt,8,21.500999928,ACO,2836.000000000,2430.000000000,5,0
cubic_2700.txt,8,22.430999994,ACO,2426.000000000,2426.000000000,5,1
cubic_2700.txt,8,23.451999903,ACO,2420.000000000,2420.000000000,5,1
cubic_2700.txt,8,24.393000126,ACO,2423.000000000,2420.000000000,5,0
cubic_2700.txt,8,25.398999929,ACO,2418.000000000,2418.000000000,5,1
cubic_2700.txt,8,26.357000113,ACO,2412.000000000,2412.000000000,5,1
cubic_2700.txt,8,28.355000019,ACO,2403.000000000,2403.000000000,5,1
cubic_2700.txt,8,29.489000082,ACO,2408.000000000,2403.000000000,5,0
cubic_2700.txt,8,30.477999926,ACO,2398.000000000,2398.000000000,5,1
cubic_2700.txt,8,31.523000002,ACO,2383.000000000,2383.000000000,5,1
cubic_2700.txt,8,32.595999956,ACO,2396.000000000,2383.000000000,5,0
cubic_2700.txt,8,33.838999987,ACO,2399.000000000,2383.000000000,5,0
cubic_2700.txt,8,35.881000042,ACO,2386.000000000,2383.000000000,5,0
cubic_2700.txt,8,36.847000122,ACO,2391.000000000,2383.000000000,5,0
cubic_2700.txt,8,37.808000088,ACO,2385.000000000,2383.000000000,5,0
cubic_2700.txt,8,40.052000046,ACO,2389.000000000,2383.000000000,5,0
cubic_2700.txt,8,42.035000086,ACO,2371.000000000,2371.000000000,5,1
cubic_2700.txt,8,43.052999973,ACO,2373.000000000,2371.000000000,5,0
cubic_2700.txt,8,45.074000120,ACO,2381.000000000,2371.000000000,5,0
cubic_2700.txt,8,49.349999905,ACO,2357.000000000,2357.000000000,5,1
cubic_2700.txt,8,51.125000000,HHO,2382.000000000,2357.000000000,5,0
cubic_2700.txt,8,53.270999908,ACO,2370.000000000,2357.000000000,5,0
cubic_2700.txt,8,59.276000023,ACO,2378.000000000,2357.000000000,5,0
cubic_2700.txt,9,0.008000135,RVNS,3016.000000000,3016.000000000,1,1
cubic_2700.txt,9,0.008000135,Tabu Search,3013.000000000,3013.000000000,2,1
cubic_2700.txt,9,0.013000011,Tabu Search,3020.000000000,3013.000000000,3,0
cubic_2700.txt,9,0.014000177,RVNS,3012.000000000,3012.000000000,4,1
cubic_2700.txt,9,0.018000126,RVNS,3011.000000000,3011.000000000,5,1
cubic_2700.txt,9,0.019999981,Tabu Search,3006.000000000,3006.000000000,5,1
cubic_2700.txt,9,0.029999971,RVNS,3010.000000000,3006.000000000,5,0
cubic_2700.txt,9,0.041000128,RVNS,3009.000000000,3006.000000000,5,0
cubic_2700.txt,9,0.052999973,RVNS,3007.000000000,3006.000000000,5,0
cubic_2700.txt,9,0.058000088,RVNS,3008.000000000,3006.000000000,5,0
cubic_2700.txt,9,0.085999966,RVNS,3005.000000000,3005.000000000,5,1
cubic_2700.txt,9,0.241000175,Tabu Search,3004.000000000,3004.000000000,5,1
cubic_2700.txt,9,1.521000147,ACO,2913.000000000,2913.000000000,5,1
cubic_2700.txt,9,2.481000185,ACO,2912.000000000,2912.000000000,5,1
cubic_2700.txt,9,3.541000128,ACO,2905.000000000,2905.000000000,5,1
cubic_2700.txt,9,4.713000059,ACO,2887.000000000,2887.000000000,5,1
cubic_2700.txt,9,5.911000013,ACO,2875.000000000,2875.000000000,5,1
cubic_2700.txt,9,6.468000174,HHO,2440.000000000,2440.000000000,5,1
cubic_2700.txt,9,6.911000013,ACO,2881.000000000,2440.000000000,5,0
cubic_2700.txt,9,7.838000059,ACO,2864.000000000,2440.000000000,5,0
cubic_2700.txt,9,8.775000095,ACO,2856.000000000,2440.000000000,5,0
cubic_2700.txt,9,9.733999968,ACO,2862.000000000,2440.000000000,5,0
cubic_2700.txt,9,10.725000143,ACO,2394.000000000,2394.000000000,5,1
cubic_2700.txt,9,11.746999979,ACO,2424.000000000,2394.000000000,5,0
cubic_2700.txt,9,12.381000042,HHO,2427.000000000,2394.000000000,5,0
cubic_2700.txt,9,12.692000151,ACO,2386.000000000,2386.000000000,5,1
cubic_2700.txt,9,13.652000189,ACO,2416.000000000,2386.000000000,5,0
cubic_2700.txt,9,14.649000168,ACO,2405.000000000,2386.000000000,5,0
cubic_2700.txt,9,15.625000000,ACO,2422.000000000,2386.000000000,5,0
cubic_2700.txt,9,16.712000132,ACO,2412.000000000,2386.000000000,5,0
cubic_2700.txt,9,17.718000174,ACO,2411.000000000,2386.000000000,5,0
cubic_2700.txt,9,18.847000122,ACO,2396.000000000,2386.000000000,5,0
cubic_2700.txt,9,19.886000156,ACO,2410.000000000,2386.000000000,5,0
cubic_2700.txt,9,21.966000080,ACO,2398.000000000,2386.000000000,5,0
cubic_2700.txt,9,23.932000160,ACO,2384.000000000,2384.000000000,5,1
cubic_2700.txt,9,24.894999981,ACO,2383.000000000,2383.000000000,5,1
cubic_2700.txt,9,25.865000010,ACO,2390.000000000,2383.000000000,5,0
cubic_2700.txt,9,28.054000139,ACO,2392.000000000,2383.000000000,5,0
cubic_2700.txt,9,41.311000109,HHO,2385.000000000,2383.000000000,5,0
cubic_2700.txt,9,41.937000036,ACO,2387.000000000,2383.000000000,5,0
cubic_2700.txt,9,44.275000095,ACO,2366.000000000,2366.000000000,5,1
cubic_2700.txt,9,45.361000061,ACO,2371.000000000,2366.000000000,5,0
cubic_2700.txt,9,46.391000032,ACO,2377.000000000,2366.000000000,5,0
cubic_2700.txt,9,47.496999979,ACO,2367.000000000,2366.000000000,5,0
cubic_2700.txt,9,53.279000044,ACO,2368.000000000,2366.000000000,5,0
cubic_2700.txt,9,56.504000187,ACO,2360.000000000,2360.000000000,5,1
cubic_2700.txt,10,0.007999897,Tabu Search,3019.000000000,3019.000000000,1,1
cubic_2700.txt,10,0.009000063,RVNS,2989.000000000,2989.000000000,2,1
cubic_2700.txt,10,0.012000084,Tabu Search,3020.000000000,2989.000000000,3,0
cubic_2700.txt,10,0.013000011,RVNS,3023.000000000,2989.000000000,4,0
cubic_2700.txt,10,0.016999960,Tabu Search,2985.000000000,2985.000000000,5,1
cubic_2700.txt,10,0.020999908,RVNS,2991.000000000,2985.000000000,5,0
cubic_2700.txt,10,0.025000095,Tabu Search,2995.000000000,2985.000000000,5,0
cubic_2700.txt,10,0.026000023,RVNS,2992.000000000,2985.000000000,5,0
cubic_2700.txt,10,0.029000044,RVNS,2988.000000000,2985.000000000,5,0
cubic_2700.txt,10,0.029000044,Tabu Search,2984.000000000,2984.000000000,5,1
cubic_2700.txt,10,0.032000065,RVNS,2986.000000000,2984.000000000,5,0
cubic_2700.txt,10,0.038000107,RVNS,2982.000000000,2982.000000000,5,1
cubic_2700.txt,10,0.039999962,Tabu Search,2981.000000000,2981.000000000,5,1
cubic_2700.txt,10,0.043999910,Tabu Search,2983.000000000,2981.000000000,5,0
cubic_2700.txt,10,0.050999880,Tabu Search,2980.000000000,2980.000000000,5,1
cubic_2700.txt,10,0.095999956,RVNS,2979.000000000,2979.000000000,5,1
cubic_2700.txt,10,0.234999895,RVNS,2978.000000000,2978.000000000,5,1
cubic_2700.txt,10,1.585000038,ACO,2924.000000000,2924.000000000,5,1
cubic_2700.txt,10,2.599999905,ACO,2911.000000000,2911.000000000,5,1
cubic_2700.txt,10,3.967000008,ACO,2897.000000000,2897.000000000,5,1
cubic_2700.txt,10,5.144999981,ACO,2898.000000000,2897.000000000,5,0
cubic_2700.txt,10,6.361000061,ACO,2882.000000000,2882.000000000,5,1
cubic_2700.txt,10,6.707999945,HHO,2403.000000000,2403.000000000,5,1
cubic_2700.txt,10,7.407000065,ACO,2877.000000000,2403.000000000,5,0
cubic_2700.txt,10,8.444999933,ACO,2873.000000000,2403.000000000,5,0
cubic_2700.txt,10,9.463000059,ACO,2856.000000000,2403.000000000,5,0
cubic_2700.txt,10,10.490999937,ACO,2859.000000000,2403.000000000,5,0
cubic_2700.txt,10,12.674000025,ACO,2854.000000000,2403.000000000,5,0
cubic_2700.txt,10,13.042999983,HHO,2375.000000000,2375.000000000,5,1
cubic_2700.txt,10,13.707000017,ACO,2858.000000000,2375.000000000,5,0
cubic_2700.txt,10,15.714999914,ACO,2855.000000000,2375.000000000,5,0
cubic_2700.txt,10,16.878000021,ACO,2853.000000000,2375.000000000,5,0
cubic_2700.txt,10,17.935999870,ACO,2842.000000000,2375.000000000,5,0
cubic_2700.txt,10,19.285000086,ACO,2838.000000000,2375.000000000,5,0
cubic_2700.txt,10,20.417000055,HHO,2397.000000000,2375.000000000,5,0
cubic_2700.txt,10,20.447999954,ACO,2836.000000000,2375.000000000,5,0
cubic_2700.txt,10,21.650000095,ACO,2398.000000000,2375.000000000,5,0
cubic_2700.txt,10,22.714999914,ACO,2386.000000000,2375.000000000,5,0
cubic_2700.txt,10,23.756999969,ACO,2377.000000000,2375.000000000,5,0
cubic_2700.txt,10,24.802000046,ACO,2374.000000000,2374.000000000,5,1
cubic_2700.txt,10,25.855999947,ACO,2384.000000000,2374.000000000,5,0
cubic_2700.txt,10,27.930000067,ACO,2365.000000000,2365.000000000,5,1
cubic_2700.txt,10,34.200999975,ACO,2378.000000000,2365.000000000,5,0
cubic_2700.txt,10,36.342000008,ACO,2373.000000000,2365.000000000,5,0
cubic_2700.txt,10,39.453000069,ACO,2376.000000000,2365.000000000,5,0
cubic_2700.txt,10,41.354000092,ACO,2370.000000000,2365.000000000,5,0
cubic_2700.txt,10,42.381999969,ACO,2363.000000000,2363.000000000,5,1
cubic_2700.txt,10,46.289999962,ACO,2366.000000000,2363.000000000,5,0
cubic_2700.txt,10,47.398000002,ACO,2361.000000000,2361.000000000,5,1
cubic_2700.txt,10,52.703000069,ACO,2357.000000000,2357.000000000,5,1
cubic_2800.txt,1,0.006000042,Tabu Search,3095.000000000,3095.000000000,1,1
cubic_2800.txt,1,0.007999897,RVNS,3103.000000000,3095.000000000,2,0
cubic_2800.txt,1,0.009000063,Tabu Search,3096.000000000,3095.000000000,3,0
cubic_2800.txt,1,0.010999918,RVNS,3093.000000000,3093.000000000,4,1
cubic_2800.txt,1,0.013000011,RVNS,3091.000000000,3091.000000000,5,1
cubic_2800.txt,1,0.019000053,Tabu Search,3097.000000000,3091.000000000,5,0
cubic_2800.txt,1,0.025000095,RVNS,3090.000000000,3090.000000000,5,1
cubic_2800.txt,1,0.026000023,Tabu Search,3094.000000000,3090.000000000,5,0
cubic_2800.txt,1,0.035000086,Tabu Search,3092.000000000,3090.000000000,5,0
cubic_2800.txt,1,0.037999868,Tabu Search,3087.000000000,3087.000000000,5,1
cubic_2800.txt,1,0.042000055,Tabu Search,3089.000000000,3087.000000000,5,0
cubic_2800.txt,1,0.042000055,RVNS,3086.000000000,3086.000000000,5,1
cubic_2800.txt,1,0.066999912,RVNS,3088.000000000,3086.000000000,5,0
cubic_2800.txt,1,1.444999933,ACO,3047.000000000,3047.000000000,5,1
cubic_2800.txt,1,2.570999861,ACO,3039.000000000,3039.000000000,5,1
cubic_2800.txt,1,3.707999945,ACO,3029.000000000,3029.000000000,5,1
cubic_2800.txt,1,4.822000027,ACO,3021.000000000,3021.000000000,5,1
cubic_2800.txt,1,5.823999882,ACO,3008.000000000,3008.000000000,5,1
cubic_2800.txt,1,6.724999905,HHO,2510.000000000,2510.000000000,5,1
cubic_2800.txt,1,6.875999928,ACO,3003.000000000,2510.000000000,5,0
cubic_2800.txt,1,7.930000067,ACO,2986.000000000,2510.000000000,5,0
cubic_2800.txt,1,9.125000000,ACO,2990.000000000,2510.000000000,5,0
cubic_2800.txt,1,10.306999922,ACO,2973.000000000,2510.000000000,5,0
cubic_2800.txt,1,11.519000053,ACO,2976.000000000,2510.000000000,5,0
cubic_2800.txt,1,13.608000040,ACO,2970.000000000,2510.000000000,5,0
cubic_2800.txt,1,13.872999907,HHO,2513.000000000,2510.000000000,5,0
cubic_2800.txt,1,14.569000006,ACO,2528.000000000,2510.000000000,5,0
cubic_2800.txt,1,15.517999887,ACO,2514.000000000,2510.000000000,5,0
cubic_2800.txt,1,17.842999935,ACO,2509.000000000,2509.000000000,5,1
cubic_2800.txt,1,20.026999950,ACO,2524.000000000,2509.000000000,5,0
cubic_2800.txt,1,21.128000021,ACO,2496.000000000,2496.000000000,5,1
cubic_2800.txt,1,25.341000080,ACO,2497.000000000,2496.000000000,5,0
cubic_2800.txt,1,27.629999876,ACO,2508.000000000,2496.000000000,5,0
cubic_2800.txt,1,28.752000093,ACO,2472.000000000,2472.000000000,5,1
cubic_2800.txt,1,29.832999945,ACO,2467.000000000,2467.000000000,5,1
cubic_2800.txt,1,30.957000017,ACO,2490.000000000,2467.000000000,5,0
cubic_2800.txt,1,32.116999865,ACO,2494.000000000,2467.000000000,5,0
cubic_2800.txt,1,33.332000017,ACO,2481.000000000,2467.000000000,5,0
cubic_2800.txt,1,34.714999914,ACO,2468.000000000,2467.000000000,5,0
cubic_2800.txt,1,39.315000057,ACO,2488.000000000,2467.000000000,5,0
cubic_2800.txt,1,40.450000048,ACO,2485.000000000,2467.000000000,5,0
cubic_2800.txt,1,41.496999979,ACO,2484.000000000,2467.000000000,5,0
cubic_2800.txt,1,45.934000015,ACO,2482.000000000,2467.000000000,5,0
cubic_2800.txt,1,47.160000086,ACO,2471.000000000,2467.000000000,5,0
cubic_2800.txt,1,60.533999920,ACO,2476.000000000,2467.000000000,5,0
cubic_2800.txt,1,61.493000031,ACO,2470.000000000,2467.000000000,5,0
cubic_2800.txt,2,0.006999969,RVNS,3132.000000000,3132.000000000,1,1
cubic_2800.txt,2,0.007999897,Tabu Search,3155.000000000,3132.000000000,2,0
cubic_2800.txt,2,0.011999846,RVNS,3133.000000000,3132.000000000,3,0
cubic_2800.txt,2,0.013000011,Tabu Search,3128.000000000,3128.000000000,4,1
cubic_2800.txt,2,0.016000032,RVNS,3131.000000000,3128.000000000,5,0
cubic_2800.txt,2,0.017999887,Tabu Search,3134.000000000,3128.000000000,5,0
cubic_2800.txt,2,0.020999908,RVNS,3129.000000000,3128.000000000,5,0
cubic_2800.txt,2,0.021999836,Tabu Search,3127.000000000,3127.000000000,5,1
cubic_2800.txt,2,0.026999950,RVNS,3130.000000000,3127.000000000,5,0
cubic_2800.txt,2,0.036000013,Tabu Search,3124.000000000,3124.000000000,5,1
cubic_2800.txt,2,0.036999941,RVNS,3126.000000000,3124.000000000,5,0
cubic_2800.txt,2,0.050999880,Tabu Search,3125.000000000,3124.000000000,5,0
cubic_2800.txt,2,0.151999950,Tabu Search,3120.000000000,3120.000000000,5,1
cubic_2800.txt,2,0.276999950,Tabu Search,3123.000000000,3120.000000000,5,0
cubic_2800.txt,2,1.588999987,ACO,3024.000000000,3024.000000000,5,1
cubic_2800.txt,2,2.610999823,ACO,3011.000000000,3011.000000000,5,1
cubic_2800.txt,2,3.583999872,ACO,3026.000000000,3011.000000000,5,0
cubic_2800.txt,2,5.638000011,ACO,3015.000000000,3011.000000000,5,0
cubic_2800.txt,2,6.267999887,HHO,2488.000000000,2488.000000000,5,1
cubic_2800.txt,2,6.608000040,ACO,3001.000000000,2488.000000000,5,0
cubic_2800.txt,2,7.579999924,ACO,2502.000000000,2488.000000000,5,0
cubic_2800.txt,2,8.563999891,ACO,2500.000000000,2488.000000000,5,0
cubic_2800.txt,2,9.592999935,ACO,2501.000000000,2488.000000000,5,0
cubic_2800.txt,2,10.878000021,ACO,2471.000000000,2471.000000000,5,1
cubic_2800.txt,2,13.309000015,HHO,2494.000000000,2471.000000000,5,0
cubic_2800.txt,2,15.103999853,ACO,2468.000000000,2468.000000000,5,1
cubic_2800.txt,2,16.407999992,ACO,2498.000000000,2468.000000000,5,0
cubic_2800.txt,2,19.648999929,ACO,2491.000000000,2468.000000000,5,0
cubic_2800.txt,2,23.167999983,ACO,2493.000000000,2468.000000000,5,0
cubic_2800.txt,2,26.475999832,ACO,2463.000000000,2463.000000000,5,1
cubic_2800.txt,2,31.069000006,ACO,2472.000000000,2463.000000000,5,0
cubic_2800.txt,2,32.204999924,ACO,2476.000000000,2463.000000000,5,0
cubic_2800.txt,2,36.541999817,ACO,2470.000000000,2463.000000000,5,0
cubic_2800.txt,2,37.679999828,ACO,2461.000000000,2461.000000000,5,1
cubic_2800.txt,2,42.284999847,ACO,2450.000000000,2450.000000000,5,1
cubic_2800.txt,2,43.237999916,ACO,2464.000000000,2450.000000000,5,0
cubic_2800.txt,2,44.468999863,ACO,2467.000000000,2450.000000000,5,0
cubic_2800.txt,2,45.593999863,ACO,2465.000000000,2450.000000000,5,0
cubic_2800.txt,3,0.006000042,RVNS,3159.000000000,3159.000000000,1,1
cubic_2800.txt,3,0.008000135,Tabu Search,3092.000000000,3092.000000000,2,1
cubic_2800.txt,3,0.009999990,RVNS,3160.000000000,3092.000000000,3,0
cubic_2800.txt,3,0.013000011,Tabu Search,3088.000000000,3088.000000000,4,1
cubic_2800.txt,3,0.014000177,RVNS,3087.000000000,3087.000000000,5,1
cubic_2800.txt,3,0.017000198,Tabu Search,3086.000000000,3086.000000000,5,1
cubic_2800.txt,3,0.021000147,RVNS,3089.000000000,3086.000000000,5,0
cubic_2800.txt,3,0.032999992,Tabu Search,3084.000000000,3084.000000000,5,1
cubic_2800.txt,3,0.038000107,RVNS,3082.000000000,3082.000000000,5,1
cubic_2800.txt,3,0.066000223,Tabu Search,3083.000000000,3082.000000000,5,0
cubic_2800.txt,3,0.068000078,RVNS,3081.000000000,3081.000000000,5,1
cubic_2800.txt,3,0.107000113,Tabu Search,3085.000000000,3081.000000000,5,0
cubic_2800.txt,3,0.262000084,RVNS,3080.000000000,3080.000000000,5,1
cubic_2800.txt,3,1.624000072,ACO,3021.000000000,3021.000000000,5,1
cubic_2800.txt,3,2.844000101,ACO,3018.000000000,3018.000000000,5,1
cubic_2800.txt,3,4.318000078,ACO,3000.000000000,3000.000000000,5,1
cubic_2800.txt,3,5.402000189,ACO,2990.000000000,2990.000000000,5,1
cubic_2800.txt,3,6.649000168,ACO,2988.000000000,2988.000000000,5,1
cubic_2800.txt,3,7.842000008,HHO,2497.000000000,2497.000000000,5,1
cubic_2800.txt,3,8.095000029,ACO,2992.000000000,2497.000000000,5,0
cubic_2800.txt,3,9.331000090,ACO,2972.000000000,2497.000000000,5,0
cubic_2800.txt,3,10.563000202,ACO,2974.000000000,2497.000000000,5,0
cubic_2800.txt,3,11.650000095,ACO,2518.000000000,2497.000000000,5,0
cubic_2800.txt,3,12.896000147,ACO,2514.000000000,2497.000000000,5,0
cubic_2800.txt,3,13.981000185,ACO,2530.000000000,2497.000000000,5,0
cubic_2800.txt,3,14.982000113,HHO,2528.000000000,2497.000000000,5,0
cubic_2800.txt,3,14.995000124,ACO,2507.000000000,2497.000000000,5,0
cubic_2800.txt,3,16.012000084,ACO,2498.000000000,2497.000000000,5,0
cubic_2800.txt,3,21.812000036,ACO,2516.000000000,2497.000000000,5,0
cubic_2800.txt,3,23.543000221,ACO,2509.000000000,2497.000000000,5,0
cubic_2800.txt,3,25.197000027,ACO,2504.000000000,2497.000000000,5,0
cubic_2800.txt,3,27.631000042,ACO,2501.000000000,2497.000000000,5,0
cubic_2800.txt,3,29.188000202,ACO,2488.000000000,2488.000000000,5,1
cubic_2800.txt,3,31.689000130,ACO,2495.000000000,2488.000000000,5,0
cubic_2800.txt,3,33.945000172,ACO,2500.000000000,2488.000000000,5,0
cubic_2800.txt,3,39.450000048,ACO,2499.000000000,2488.000000000,5,0
cubic_2800.txt,3,40.434000015,ACO,2489.000000000,2488.000000000,5,0
cubic_2800.txt,3,41.404000044,ACO,2482.000000000,2482.000000000,5,1
cubic_2800.txt,3,42.412000179,ACO,2490.000000000,2482.000000000,5,0
cubic_2800.txt,3,46.494000196,ACO,2494.000000000,2482.000000000,5,0
cubic_2800.txt,3,50.794000149,ACO,2481.000000000,2481.000000000,5,1
cubic_2800.txt,3,54.863000154,ACO,2475.000000000,2475.000000000,5,1
cubic_2800.txt,3,60.951000214,ACO,2472.000000000,2472.000000000,5,1
cubic_2800.txt,3,64.344000101,ACO,2460.000000000,2460.000000000,5,1
cubic_2800.txt,3,65.284000158,ACO,2470.000000000,2460.000000000,5,0
cubic_2800.txt,4,0.004999876,RVNS,3117.000000000,3117.000000000,1,1
cubic_2800.txt,4,0.006999969,Tabu Search,3084.000000000,3084.000000000,2,1
cubic_2800.txt,4,0.009000063,RVNS,3120.000000000,3084.000000000,3,0
cubic_2800.txt,4,0.010999918,Tabu Search,3086.000000000,3084.000000000,4,0
cubic_2800.txt,4,0.013999939,RVNS,3126.000000000,3084.000000000,5,0
cubic_2800.txt,4,0.017999887,RVNS,3089.000000000,3084.000000000,5,0
cubic_2800.txt,4,0.020999908,Tabu Search,3085.000000000,3084.000000000,5,0
cubic_2800.txt,4,0.026999950,Tabu Search,3079.000000000,3079.000000000,5,1
cubic_2800.txt,4,0.036999941,Tabu Search,3088.000000000,3079.000000000,5,0
cubic_2800.txt,4,0.040999889,Tabu Search,3081.000000000,3079.000000000,5,0
cubic_2800.txt,4,0.059000015,Tabu Search,3080.000000000,3079.000000000,5,0
cubic_2800.txt,4,0.085000038,Tabu Search,3083.000000000,3079.000000000,5,0
cubic_2800.txt,4,0.111000061,Tabu Search,3082.000000000,3079.000000000,5,0
cubic_2800.txt,4,0.115999937,Tabu Search,3077.000000000,3077.000000000,5,1
cubic_2800.txt,4,0.213999987,RVNS,3078.000000000,3077.000000000,5,0
cubic_2800.txt,4,1.694000006,ACO,3044.000000000,3044.000000000,5,1
cubic_2800.txt,4,2.821000099,ACO,3026.000000000,3026.000000000,5,1
cubic_2800.txt,4,3.951999903,ACO,3007.000000000,3007.000000000,5,1
cubic_2800.txt,4,4.983999968,ACO,2976.000000000,2976.000000000,5,1
cubic_2800.txt,4,5.948999882,ACO,2983.000000000,2976.000000000,5,0
cubic_2800.txt,4,6.618999958,HHO,2491.000000000,2491.000000000,5,1
cubic_2800.txt,4,6.878000021,ACO,2985.000000000,2491.000000000,5,0
cubic_2800.txt,4,7.832000017,ACO,2984.000000000,2491.000000000,5,0
cubic_2800.txt,4,8.772000074,ACO,2498.000000000,2491.000000000,5,0
cubic_2800.txt,4,9.834000111,ACO,2478.000000000,2478.000000000,5,1
cubic_2800.txt,4,10.898000002,ACO,2474.000000000,2474.000000000,5,1
cubic_2800.txt,4,11.845000029,ACO,2468.000000000,2468.000000000,5,1
cubic_2800.txt,4,12.767999887,HHO,2465.000000000,2465.000000000,5,1
cubic_2800.txt,4,12.811000109,ACO,2482.000000000,2465.000000000,5,0
cubic_2800.txt,4,16.842999935,ACO,2480.000000000,2465.000000000,5,0
cubic_2800.txt,4,19.575000048,HHO,2477.000000000,2465.000000000,5,0
cubic_2800.txt,4,26.793999910,HHO,2476.000000000,2465.000000000,5,0
cubic_2800.txt,4,26.989000082,ACO,2470.000000000,2465.000000000,5,0
cubic_2800.txt,4,33.216000080,ACO,2472.000000000,2465.000000000,5,0
cubic_2800.txt,4,34.319999933,ACO,2464.000000000,2464.000000000,5,1
cubic_2800.txt,4,36.295000076,ACO,2463.000000000,2463.000000000,5,1
cubic_2800.txt,4,49.420000076,ACO,2467.000000000,2463.000000000,5,0
cubic_2800.txt,4,53.300999880,ACO,2446.000000000,2446.000000000,5,1
cubic_2800.txt,4,58.101000071,ACO,2466.000000000,2446.000000000,5,0
cubic_2800.txt,5,0.006000042,Tabu Search,3203.000000000,3203.000000000,1,1
cubic_2800.txt,5,0.008000135,RVNS,3082.000000000,3082.000000000,2,1
cubic_2800.txt,5,0.009000063,Tabu Search,3202.000000000,3082.000000000,3,0
cubic_2800.txt,5,0.011000156,RVNS,3089.000000000,3082.000000000,4,0
cubic_2800.txt,5,0.013000011,Tabu Search,3091.000000000,3082.000000000,5,0
cubic_2800.txt,5,0.016999960,Tabu Search,3096.000000000,3082.000000000,5,0
cubic_2800.txt,5,0.023999929,RVNS,3097.000000000,3082.000000000,5,0
cubic_2800.txt,5,0.025000095,Tabu Search,3084.000000000,3082.000000000,5,0
cubic_2800.txt,5,0.028000116,RVNS,3090.000000000,3082.000000000,5,0
cubic_2800.txt,5,0.032000065,RVNS,3087.000000000,3082.000000000,5,0
cubic_2800.txt,5,0.032999992,Tabu Search,3079.000000000,3079.000000000,5,1
cubic_2800.txt,5,0.045000076,RVNS,3083.000000000,3079.000000000,5,0
cubic_2800.txt,5,0.059999943,RVNS,3085.000000000,3079.000000000,5,0
cubic_2800.txt,5,0.082000017,Tabu Search,3081.000000000,3079.000000000,5,0
cubic_2800.txt,5,1.750999928,ACO,3055.000000000,3055.000000000,5,1
cubic_2800.txt,5,2.950999975,ACO,3010.000000000,3010.000000000,5,1
cubic_2800.txt,5,4.095999956,ACO,3011.000000000,3010.000000000,5,0
cubic_2800.txt,5,5.088000059,ACO,2993.000000000,2993.000000000,5,1
cubic_2800.txt,5,6.052000046,ACO,2999.000000000,2993.000000000,5,0
cubic_2800.txt,5,6.740000010,HHO,2520.000000000,2520.000000000,5,1
cubic_2800.txt,5,6.990000010,ACO,2979.000000000,2520.000000000,5,0
cubic_2800.txt,5,8.033999920,ACO,2975.000000000,2520.000000000,5,0
cubic_2800.txt,5,8.963999987,ACO,2977.000000000,2520.000000000,5,0
cubic_2800.txt,5,9.926000118,ACO,2978.000000000,2520.000000000,5,0
cubic_2800.txt,5,11.805999994,ACO,2957.000000000,2520.000000000,5,0
cubic_2800.txt,5,12.832000017,HHO,2522.000000000,2520.000000000,5,0
cubic_2800.txt,5,12.842999935,ACO,2964.000000000,2520.000000000,5,0
cubic_2800.txt,5,13.798000097,ACO,2516.000000000,2516.000000000,5,1
cubic_2800.txt,5,14.835000038,ACO,2515.000000000,2515.000000000,5,1
cubic_2800.txt,5,15.792000055,ACO,2511.000000000,2511.000000000,5,1
cubic_2800.txt,5,17.949000120,ACO,2512.000000000,2511.000000000,5,0
cubic_2800.txt,5,19.143000126,ACO,2508.000000000,2508.000000000,5,1
cubic_2800.txt,5,23.134000063,ACO,2468.000000000,2468.000000000,5,1
cubic_2800.txt,5,25.095999956,ACO,2480.000000000,2468.000000000,5,0
cubic_2800.txt,5,26.059000015,ACO,2502.000000000,2468.000000000,5,0
cubic_2800.txt,5,27.021000147,ACO,2509.000000000,2468.000000000,5,0
cubic_2800.txt,5,29.045000076,ACO,2505.000000000,2468.000000000,5,0
cubic_2800.txt,5,30.940999985,ACO,2483.000000000,2468.000000000,5,0
cubic_2800.txt,5,31.963000059,ACO,2503.000000000,2468.000000000,5,0
cubic_2800.txt,5,34.305999994,ACO,2498.000000000,2468.000000000,5,0
cubic_2800.txt,5,36.253999949,ACO,2495.000000000,2468.000000000,5,0
cubic_2800.txt,5,37.192000151,ACO,2497.000000000,2468.000000000,5,0
cubic_2800.txt,5,39.156000137,ACO,2466.000000000,2466.000000000,5,1
cubic_2800.txt,5,40.100000143,ACO,2473.000000000,2466.000000000,5,0
cubic_2800.txt,5,47.933000088,ACO,2482.000000000,2466.000000000,5,0
cubic_2800.txt,5,49.041000128,ACO,2464.000000000,2464.000000000,5,1
cubic_2800.txt,5,50.295000076,ACO,2479.000000000,2464.000000000,5,0
cubic_2800.txt,5,52.161000013,ACO,2454.000000000,2454.000000000,5,1
cubic_2800.txt,6,0.007999897,Tabu Search,3151.000000000,3151.000000000,1,1
cubic_2800.txt,6,0.007999897,RVNS,3111.000000000,3111.000000000,2,1
cubic_2800.txt,6,0.011999846,RVNS,3120.000000000,3111.000000000,3,0
cubic_2800.txt,6,0.012999773,Tabu Search,3112.000000000,3111.000000000,4,0
cubic_2800.txt,6,0.016999960,Tabu Search,3114.000000000,3111.000000000,5,0
cubic_2800.txt,6,0.016999960,RVNS,3113.000000000,3111.000000000,5,0
cubic_2800.txt,6,0.020999908,Tabu Search,3116.000000000,3111.000000000,5,0
cubic_2800.txt,6,0.025999784,RVNS,3115.000000000,3111.000000000,5,0
cubic_2800.txt,6,0.070999861,Tabu Search,3110.000000000,3110.000000000,5,1
cubic_2800.txt,6,0.083999872,Tabu Search,3109.000000000,3109.000000000,5,1
cubic_2800.txt,6,1.727999926,ACO,3047.000000000,3047.000000000,5,1
cubic_2800.txt,6,2.684999943,ACO,3029.000000000,3029.000000000,5,1
cubic_2800.txt,6,3.654999971,ACO,3009.000000000,3009.000000000,5,1
cubic_2800.txt,6,4.959999800,ACO,3011.000000000,3009.000000000,5,0
cubic_2800.txt,6,6.019999981,ACO,2997.000000000,2997.000000000,5,1
cubic_2800.txt,6,6.690999985,HHO,2512.000000000,2512.000000000,5,1
cubic_2800.txt,6,7.125999928,ACO,2980.000000000,2512.000000000,5,0
cubic_2800.txt,6,8.157999992,ACO,2977.000000000,2512.000000000,5,0
cubic_2800.txt,6,9.155999899,ACO,2515.000000000,2512.000000000,5,0
cubic_2800.txt,6,10.095999956,ACO,2526.000000000,2512.000000000,5,0
cubic_2800.txt,6,11.054999828,ACO,2504.000000000,2504.000000000,5,1
cubic_2800.txt,6,12.090999842,ACO,2508.000000000,2504.000000000,5,0
cubic_2800.txt,6,16.135999918,ACO,2483.000000000,2483.000000000,5,1
cubic_2800.txt,6,17.123999834,ACO,2497.000000000,2483.000000000,5,0
cubic_2800.txt,6,18.177999973,ACO,2501.000000000,2483.000000000,5,0
cubic_2800.txt,6,19.435999870,ACO,2503.000000000,2483.000000000,5,0
cubic_2800.txt,6,22.613999844,ACO,2492.000000000,2483.000000000,5,0
cubic_2800.txt,6,24.586999893,ACO,2479.000000000,2479.000000000,5,1
cubic_2800.txt,6,25.553999901,ACO,2474.000000000,2474.000000000,5,1
cubic_2800.txt,6,27.458999872,ACO,2481.000000000,2474.000000000,5,0
cubic_2800.txt,6,28.505999804,ACO,2487.000000000,2474.000000000,5,0
cubic_2800.txt,6,29.434999943,ACO,2473.000000000,2473.000000000,5,1
cubic_2800.txt,6,31.326999903,ACO,2482.000000000,2473.000000000,5,0
cubic_2800.txt,6,36.335999966,ACO,2470.000000000,2470.000000000,5,1
cubic_2800.txt,6,38.252999783,ACO,2477.000000000,2470.000000000,5,0
cubic_2800.txt,6,39.307999849,ACO,2472.000000000,2470.000000000,5,0
cubic_2800.txt,6,41.144999981,ACO,2468.000000000,2468.000000000,5,1
cubic_2800.txt,6,42.057999849,ACO,2469.000000000,2468.000000000,5,0
cubic_2800.txt,6,53.934999943,ACO,2462.000000000,2462.000000000,5,1
cubic_2800.txt,7,0.007999897,RVNS,3169.000000000,3169.000000000,1,1
cubic_2800.txt,7,0.009000063,Tabu Search,3084.000000000,3084.000000000,2,1
cubic_2800.txt,7,0.013999939,RVNS,3086.000000000,3084.000000000,3,0
cubic_2800.txt,7,0.016999960,Tabu Search,3085.000000000,3084.000000000,4,0
cubic_2800.txt,7,0.019000053,RVNS,3176.000000000,3084.000000000,5,0
cubic_2800.txt,7,0.023000002,RVNS,3172.000000000,3084.000000000,5,0
cubic_2800.txt,7,0.027999878,Tabu Search,3081.000000000,3081.000000000,5,1
cubic_2800.txt,7,0.032000065,RVNS,3083.000000000,3081.000000000,5,0
cubic_2800.txt,7,0.037999868,Tabu Search,3079.000000000,3079.000000000,5,1
cubic_2800.txt,7,0.042000055,RVNS,3082.000000000,3079.000000000,5,0
cubic_2800.txt,7,0.052999973,Tabu Search,3080.000000000,3079.000000000,5,0
cubic_2800.txt,7,0.072000027,RVNS,3078.000000000,3078.000000000,5,1
cubic_2800.txt,7,0.233000040,Tabu Search,3076.000000000,3076.000000000,5,1
cubic_2800.txt,7,0.283999920,RVNS,3075.000000000,3075.000000000,5,1
cubic_2800.txt,7,0.368000031,RVNS,3077.000000000,3075.000000000,5,0
cubic_2800.txt,7,1.986000061,ACO,3014.000000000,3014.000000000,5,1
cubic_2800.txt,7,2.955999851,ACO,3002.000000000,3002.000000000,5,1
cubic_2800.txt,7,3.891000032,ACO,3013.000000000,3002.000000000,5,0
cubic_2800.txt,7,4.822999954,ACO,3008.000000000,3002.000000000,5,0
cubic_2800.txt,7,5.829999924,ACO,2999.000000000,2999.000000000,5,1
cubic_2800.txt,7,6.424000025,HHO,2473.000000000,2473.000000000,5,1
cubic_2800.txt,7,7.003000021,ACO,2985.000000000,2473.000000000,5,0
cubic_2800.txt,7,8.118000031,ACO,2486.000000000,2473.000000000,5,0
cubic_2800.txt,7,9.069999933,ACO,2483.000000000,2473.000000000,5,0
cubic_2800.txt,7,10.092999935,ACO,2454.000000000,2454.000000000,5,1
cubic_2800.txt,7,11.058000088,ACO,2492.000000000,2454.000000000,5,0
cubic_2800.txt,7,12.007999897,ACO,2477.000000000,2454.000000000,5,0
cubic_2800.txt,7,12.697000027,HHO,2475.000000000,2454.000000000,5,0
cubic_2800.txt,7,14.990000010,ACO,2480.000000000,2454.000000000,5,0
cubic_2800.txt,7,18.029000044,ACO,2478.000000000,2454.000000000,5,0
cubic_2800.txt,7,19.016000032,ACO,2464.000000000,2454.000000000,5,0
cubic_2800.txt,7,22.264999866,ACO,2467.000000000,2454.000000000,5,0
cubic_2800.txt,7,30.149999857,ACO,2474.000000000,2454.000000000,5,0
cubic_2800.txt,7,42.213999987,ACO,2465.000000000,2454.000000000,5,0
cubic_2800.txt,7,44.398999929,ACO,2458.000000000,2454.000000000,5,0
cubic_2800.txt,7,47.234999895,ACO,2446.000000000,2446.000000000,5,1
cubic_2800.txt,7,48.162999868,ACO,2452.000000000,2446.000000000,5,0
cubic_2800.txt,7,51.473999977,ACO,2457.000000000,2446.000000000,5,0
cubic_2800.txt,7,54.649999857,ACO,2456.000000000,2446.000000000,5,0
cubic_2800.txt,8,0.006000042,RVNS,3120.000000000,3120.000000000,1,1
cubic_2800.txt,8,0.007000208,Tabu Search,3144.000000000,3120.000000000,2,0
cubic_2800.txt,8,0.008000135,RVNS,3130.000000000,3120.000000000,3,0
cubic_2800.txt,8,0.011000156,RVNS,3128.000000000,3120.000000000,4,0
cubic_2800.txt,8,0.011000156,Tabu Search,3123.000000000,3120.000000000,5,0
cubic_2800.txt,8,0.015000105,RVNS,3125.000000000,3120.000000000,5,0
cubic_2800.txt,8,0.015000105,Tabu Search,3117.000000000,3117.000000000,5,1
cubic_2800.txt,8,0.019999981,Tabu Search,3122.000000000,3117.000000000,5,0
cubic_2800.txt,8,0.028000116,RVNS,3119.000000000,3117.000000000,5,0
cubic_2800.txt,8,0.039000034,Tabu Search,3121.000000000,3117.000000000,5,0
cubic_2800.txt,8,0.080000162,Tabu Search,3118.000000000,3117.000000000,5,0
cubic_2800.txt,8,0.167000055,Tabu Search,3115.000000000,3115.000000000,5,1
cubic_2800.txt,8,0.250000000,RVNS,3116.000000000,3115.000000000,5,0
cubic_2800.txt,8,1.730000019,ACO,3055.000000000,3055.000000000,5,1
cubic_2800.txt,8,2.769999981,ACO,3037.000000000,3037.000000000,5,1
cubic_2800.txt,8,3.800000191,ACO,3022.000000000,3022.000000000,5,1
cubic_2800.txt,8,4.751000166,ACO,3010.000000000,3010.000000000,5,1
cubic_2800.txt,8,5.876000166,ACO,2991.000000000,2991.000000000,5,1
cubic_2800.txt,8,6.511000156,HHO,2493.000000000,2493.000000000,5,1
cubic_2800.txt,8,6.883000135,ACO,2996.000000000,2493.000000000,5,0
cubic_2800.txt,8,8.039000034,ACO,2987.000000000,2493.000000000,5,0
cubic_2800.txt,8,9.105000019,ACO,2972.000000000,2493.000000000,5,0
cubic_2800.txt,8,10.034000158,ACO,2985.000000000,2493.000000000,5,0
cubic_2800.txt,8,11.022000074,ACO,2968.000000000,2493.000000000,5,0
cubic_2800.txt,8,11.994000196,ACO,2495.000000000,2493.000000000,5,0
cubic_2800.txt,8,12.722000122,HHO,2469.000000000,2469.000000000,5,1
cubic_2800.txt,8,13.845000029,ACO,2512.000000000,2469.000000000,5,0
cubic_2800.txt,8,14.780000210,ACO,2489.000000000,2469.000000000,5,0
cubic_2800.txt,8,15.958000183,ACO,2485.000000000,2469.000000000,5,0
cubic_2800.txt,8,19.360000134,HHO,2491.000000000,2469.000000000,5,0
cubic_2800.txt,8,19.868000031,ACO,2474.000000000,2469.000000000,5,0
cubic_2800.txt,8,21.143000126,ACO,2484.000000000,2469.000000000,5,0
cubic_2800.txt,8,22.226999998,ACO,2480.000000000,2469.000000000,5,0
cubic_2800.txt,8,26.486999989,ACO,2473.000000000,2469.000000000,5,0
cubic_2800.txt,8,27.583000183,ACO,2479.000000000,2469.000000000,5,0
cubic_2800.txt,8,34.563000202,ACO,2478.000000000,2469.000000000,5,0
cubic_2800.txt,8,39.470000029,ACO,2455.000000000,2455.000000000,5,1
cubic_2800.txt,8,44.325000048,ACO,2477.000000000,2455.000000000,5,0
cubic_2800.txt,8,55.757000208,ACO,2476.000000000,2455.000000000,5,0
cubic_2800.txt,9,0.005000114,Tabu Search,3149.000000000,3149.000000000,1,1
cubic_2800.txt,9,0.006999969,RVNS,3128.000000000,3128.000000000,2,1
cubic_2800.txt,9,0.008000135,Tabu Search,3145.000000000,3128.000000000,3,0
cubic_2800.txt,9,0.011000156,RVNS,3142.000000000,3128.000000000,4,0
cubic_2800.txt,9,0.013000011,Tabu Search,3127.000000000,3127.000000000,5,1
cubic_2800.txt,9,0.015000105,RVNS,3143.000000000,3127.000000000,5,0
cubic_2800.txt,9,0.019000053,Tabu Search,3132.000000000,3127.000000000,5,0
cubic_2800.txt,9,0.026000023,RVNS,3126.000000000,3126.000000000,5,1
cubic_2800.txt,9,0.028000116,Tabu Search,3124.000000000,3124.000000000,5,1
cubic_2800.txt,9,0.029000044,RVNS,3131.000000000,3124.000000000,5,0
cubic_2800.txt,9,0.029999971,Tabu Search,3122.000000000,3122.000000000,5,1
cubic_2800.txt,9,0.046000004,Tabu Search,3123.000000000,3122.000000000,5,0
cubic_2800.txt,9,0.047000170,RVNS,3125.000000000,3122.000000000,5,0
cubic_2800.txt,9,0.065000057,Tabu Search,3120.000000000,3120.000000000,5,1
cubic_2800.txt,9,0.114000082,Tabu Search,3121.000000000,3120.000000000,5,0
cubic_2800.txt,9,0.180000067,Tabu Search,3118.000000000,3118.000000000,5,1
cubic_2800.txt,9,1.900000095,ACO,3029.000000000,3029.000000000,5,1
cubic_2800.txt,9,2.867000103,ACO,3008.000000000,3008.000000000,5,1
cubic_2800.txt,9,3.825999975,ACO,2992.000000000,2992.000000000,5,1
cubic_2800.txt,9,4.828999996,ACO,2986.000000000,2986.000000000,5,1
cubic_2800.txt,9,5.969000101,ACO,2983.000000000,2983.000000000,5,1
cubic_2800.txt,9,6.707000017,HHO,2478.000000000,2478.000000000,5,1
cubic_2800.txt,9,7.082999945,ACO,2984.000000000,2478.000000000,5,0
cubic_2800.txt,9,8.207999945,ACO,2974.000000000,2478.000000000,5,0
cubic_2800.txt,9,9.200000048,ACO,2961.000000000,2478.000000000,5,0
cubic_2800.txt,9,10.147000074,ACO,2967.000000000,2478.000000000,5,0
cubic_2800.txt,9,11.059999943,ACO,2962.000000000,2478.000000000,5,0
cubic_2800.txt,9,11.986999989,ACO,2946.000000000,2478.000000000,5,0
cubic_2800.txt,9,13.012000084,HHO,2500.000000000,2478.000000000,5,0
cubic_2800.txt,9,13.061000109,ACO,2958.000000000,2478.000000000,5,0
cubic_2800.txt,9,13.960000038,ACO,2952.000000000,2478.000000000,5,0
cubic_2800.txt,9,14.861999989,ACO,2513.000000000,2478.000000000,5,0
cubic_2800.txt,9,15.759999990,ACO,2512.000000000,2478.000000000,5,0
cubic_2800.txt,9,16.707999945,ACO,2511.000000000,2478.000000000,5,0
cubic_2800.txt,9,17.753000021,ACO,2506.000000000,2478.000000000,5,0
cubic_2800.txt,9,18.772000074,ACO,2501.000000000,2478.000000000,5,0
cubic_2800.txt,9,20.743999958,ACO,2499.000000000,2478.000000000,5,0
cubic_2800.txt,9,21.881999969,ACO,2492.000000000,2478.000000000,5,0
cubic_2800.txt,9,23.057000160,ACO,2494.000000000,2478.000000000,5,0
cubic_2800.txt,9,25.071000099,ACO,2473.000000000,2473.000000000,5,1
cubic_2800.txt,9,27.022000074,ACO,2497.000000000,2473.000000000,5,0
cubic_2800.txt,9,31.886000156,ACO,2488.000000000,2473.000000000,5,0
cubic_2800.txt,9,33.960000038,ACO,2490.000000000,2473.000000000,5,0
cubic_2800.txt,9,34.940999985,ACO,2477.000000000,2473.000000000,5,0
cubic_2800.txt,9,39.117000103,ACO,2486.000000000,2473.000000000,5,0
cubic_2800.txt,9,40.075999975,ACO,2476.000000000,2473.000000000,5,0
cubic_2800.txt,9,41.016000032,ACO,2464.000000000,2464.000000000,5,1
cubic_2800.txt,9,41.959000111,ACO,2465.000000000,2464.000000000,5,0
cubic_2800.txt,9,47.054000139,ACO,2475.000000000,2464.000000000,5,0
cubic_2800.txt,9,52.371000051,ACO,2460.000000000,2460.000000000,5,1
cubic_2800.txt,9,53.413000107,ACO,2472.000000000,2460.000000000,5,0
cubic_2800.txt,9,54.511000156,ACO,2463.000000000,2460.000000000,5,0
cubic_2800.txt,9,56.463000059,ACO,2471.000000000,2460.000000000,5,0
cubic_2800.txt,10,0.007999897,Tabu Search,3161.000000000,3161.000000000,1,1
cubic_2800.txt,10,0.008999825,RVNS,3134.000000000,3134.000000000,2,1
cubic_2800.txt,10,0.010999918,Tabu Search,3160.000000000,3134.000000000,3,0
cubic_2800.txt,10,0.013000011,RVNS,3155.000000000,3134.000000000,4,0
cubic_2800.txt,10,0.013999939,Tabu Search,3131.000000000,3131.000000000,5,1
cubic_2800.txt,10,0.016999960,RVNS,3159.000000000,3131.000000000,5,0
cubic_2800.txt,10,0.018999815,Tabu Search,3128.000000000,3128.000000000,5,1
cubic_2800.txt,10,0.020999908,RVNS,3138.000000000,3128.000000000,5,0
cubic_2800.txt,10,0.025999784,RVNS,3133.000000000,3128.000000000,5,0
cubic_2800.txt,10,0.027999878,Tabu Search,3135.000000000,3128.000000000,5,0
cubic_2800.txt,10,0.030999899,Tabu Search,3130.000000000,3128.000000000,5,0
cubic_2800.txt,10,0.033999920,Tabu Search,3132.000000000,3128.000000000,5,0
cubic_2800.txt,10,0.047999859,Tabu Search,3129.000000000,3128.000000000,5,0
cubic_2800.txt,10,0.055999994,Tabu Search,3127.000000000,3127.000000000,5,1
cubic_2800.txt,10,0.125999928,Tabu Search,3126.000000000,3126.000000000,5,1
cubic_2800.txt,10,0.199999809,Tabu Search,3125.000000000,3125.000000000,5,1
cubic_2800.txt,10,2.164999962,ACO,3048.000000000,3048.000000000,5,1
cubic_2800.txt,10,3.346999884,ACO,3035.000000000,3035.000000000,5,1
cubic_2800.txt,10,4.344999790,ACO,3020.000000000,3020.000000000,5,1
cubic_2800.txt,10,5.278999805,ACO,3001.000000000,3001.000000000,5,1
cubic_2800.txt,10,6.213999987,ACO,2982.000000000,2982.000000000,5,1
cubic_2800.txt,10,7.008999825,HHO,2487.000000000,2487.000000000,5,1
cubic_2800.txt,10,7.388999939,ACO,2975.000000000,2487.000000000,5,0
cubic_2800.txt,10,9.454999924,ACO,2977.000000000,2487.000000000,5,0
cubic_2800.txt,10,10.432999849,ACO,2509.000000000,2487.000000000,5,0
cubic_2800.txt,10,11.418999910,ACO,2502.000000000,2487.000000000,5,0
cubic_2800.txt,10,12.524999857,ACO,2510.000000000,2487.000000000,5,0
cubic_2800.txt,10,13.548999786,ACO,2489.000000000,2487.000000000,5,0
cubic_2800.txt,10,14.487999916,ACO,2505.000000000,2487.000000000,5,0
cubic_2800.txt,10,15.458999872,ACO,2495.000000000,2487.000000000,5,0
cubic_2800.txt,10,18.413999796,ACO,2492.000000000,2487.000000000,5,0
cubic_2800.txt,10,22.653999805,ACO,2482.000000000,2482.000000000,5,1
cubic_2800.txt,10,23.833999872,ACO,2493.000000000,2482.000000000,5,0
cubic_2800.txt,10,24.852999926,ACO,2468.000000000,2468.000000000,5,1
cubic_2800.txt,10,25.844999790,ACO,2458.000000000,2458.000000000,5,1
cubic_2800.txt,10,26.786999941,ACO,2484.000000000,2458.000000000,5,0
cubic_2800.txt,10,27.784999847,ACO,2472.000000000,2458.000000000,5,0
cubic_2800.txt,10,28.921999931,ACO,2475.000000000,2458.000000000,5,0
cubic_2800.txt,10,29.865000010,ACO,2473.000000000,2458.000000000,5,0
cubic_2800.txt,10,33.736999989,ACO,2464.000000000,2458.000000000,5,0
cubic_2800.txt,10,34.702999830,ACO,2467.000000000,2458.000000000,5,0
cubic_2800.txt,10,35.666999817,ACO,2459.000000000,2458.000000000,5,0
cubic_2800.txt,10,36.684999943,ACO,2448.000000000,2448.000000000,5,1
cubic_2800.txt,10,47.562999964,ACO,2454.000000000,2448.000000000,5,0
cubic_2800.txt,10,49.537999868,ACO,2445.000000000,2445.000000000,5,1
cubic_2900.txt,1,0.004999876,Tabu Search,3275.000000000,3275.000000000,1,1
cubic_2900.txt,1,0.006999969,RVNS,3241.000000000,3241.000000000,2,1
cubic_2900.txt,1,0.009000063,Tabu Search,3271.000000000,3241.000000000,3,0
cubic_2900.txt,1,0.012000084,RVNS,3243.000000000,3241.000000000,4,0
cubic_2900.txt,1,0.016000032,RVNS,3237.000000000,3237.000000000,5,1
cubic_2900.txt,1,0.019000053,Tabu Search,3238.000000000,3237.000000000,5,0
cubic_2900.txt,1,0.026999950,RVNS,3240.000000000,3237.000000000,5,0
cubic_2900.txt,1,0.029999971,Tabu Search,3236.000000000,3236.000000000,5,1
cubic_2900.txt,1,0.036999941,Tabu Search,3239.000000000,3236.000000000,5,0
cubic_2900.txt,1,0.039000034,RVNS,3235.000000000,3235.000000000,5,1
cubic_2900.txt,1,0.167000055,RVNS,3232.000000000,3232.000000000,5,1
cubic_2900.txt,1,0.256000042,RVNS,3234.000000000,3232.000000000,5,0
cubic_2900.txt,1,0.302000046,RVNS,3229.000000000,3229.000000000,5,1
cubic_2900.txt,1,1.822999954,ACO,3146.000000000,3146.000000000,5,1
cubic_2900.txt,1,2.809999943,ACO,3121.000000000,3121.000000000,5,1
cubic_2900.txt,1,3.797999859,ACO,3120.000000000,3120.000000000,5,1
cubic_2900.txt,1,4.802000046,ACO,3108.000000000,3108.000000000,5,1
cubic_2900.txt,1,6.112999916,ACO,3099.000000000,3099.000000000,5,1
cubic_2900.txt,1,8.625000000,HHO,2595.000000000,2595.000000000,5,1
cubic_2900.txt,1,9.243000031,ACO,3088.000000000,2595.000000000,5,0
cubic_2900.txt,1,12.628000021,ACO,3090.000000000,2595.000000000,5,0
cubic_2900.txt,1,16.320999861,ACO,3079.000000000,2595.000000000,5,0
cubic_2900.txt,1,18.437999964,ACO,3081.000000000,2595.000000000,5,0
cubic_2900.txt,1,20.187000036,ACO,3071.000000000,2595.000000000,5,0
cubic_2900.txt,1,21.759000063,ACO,3066.000000000,2595.000000000,5,0
cubic_2900.txt,1,23.306999922,ACO,3057.000000000,2595.000000000,5,0
cubic_2900.txt,1,23.384000063,HHO,2560.000000000,2560.000000000,5,1
cubic_2900.txt,1,24.605999947,ACO,3048.000000000,2560.000000000,5,0
cubic_2900.txt,1,26.014999866,ACO,3051.000000000,2560.000000000,5,0
cubic_2900.txt,1,27.231999874,ACO,2583.000000000,2560.000000000,5,0
cubic_2900.txt,1,28.387000084,ACO,2590.000000000,2560.000000000,5,0
cubic_2900.txt,1,29.569999933,ACO,2575.000000000,2560.000000000,5,0
cubic_2900.txt,1,30.921999931,ACO,2567.000000000,2560.000000000,5,0
cubic_2900.txt,1,31.835999966,HHO,2587.000000000,2560.000000000,5,0
cubic_2900.txt,1,32.188999891,ACO,2577.000000000,2560.000000000,5,0
cubic_2900.txt,1,37.214999914,ACO,2563.000000000,2560.000000000,5,0
cubic_2900.txt,1,39.187999964,ACO,2574.000000000,2560.000000000,5,0
cubic_2900.txt,1,43.431999922,ACO,2559.000000000,2559.000000000,5,1
cubic_2900.txt,1,44.802000046,ACO,2543.000000000,2543.000000000,5,1
cubic_2900.txt,1,46.185999870,ACO,2556.000000000,2543.000000000,5,0
cubic_2900.txt,1,47.588999987,ACO,2562.000000000,2543.000000000,5,0
cubic_2900.txt,1,49.233999968,ACO,2540.000000000,2540.000000000,5,1
cubic_2900.txt,1,56.907999992,ACO,2554.000000000,2540.000000000,5,0
cubic_2900.txt,1,79.512000084,ACO,2548.000000000,2540.000000000,5,0
cubic_2900.txt,2,0.013999939,RVNS,3222.000000000,3222.000000000,1,1
cubic_2900.txt,2,0.016000032,Tabu Search,3242.000000000,3222.000000000,2,0
cubic_2900.txt,2,0.023999929,RVNS,3218.000000000,3218.000000000,3,1
cubic_2900.txt,2,0.032000065,RVNS,3217.000000000,3217.000000000,4,1
cubic_2900.txt,2,0.039000034,Tabu Search,3223.000000000,3217.000000000,5,0
cubic_2900.txt,2,0.043999910,Tabu Search,3225.000000000,3217.000000000,5,0
cubic_2900.txt,2,0.043999910,RVNS,3221.000000000,3217.000000000,5,0
cubic_2900.txt,2,0.052000046,RVNS,3216.000000000,3216.000000000,5,1
cubic_2900.txt,2,0.059999943,RVNS,3220.000000000,3216.000000000,5,0
cubic_2900.txt,2,0.066999912,RVNS,3219.000000000,3216.000000000,5,0
cubic_2900.txt,2,0.161999941,RVNS,3213.000000000,3213.000000000,5,1
cubic_2900.txt,2,0.220000029,Tabu Search,3214.000000000,3213.000000000,5,0
cubic_2900.txt,2,1.453000069,ACO,3134.000000000,3134.000000000,5,1
cubic_2900.txt,2,2.480000019,ACO,3139.000000000,3134.000000000,5,0
cubic_2900.txt,2,3.766000032,ACO,3116.000000000,3116.000000000,5,1
cubic_2900.txt,2,5.043999910,ACO,3112.000000000,3112.000000000,5,1
cubic_2900.txt,2,6.309000015,ACO,3098.000000000,3098.000000000,5,1
cubic_2900.txt,2,7.375000000,HHO,2558.000000000,2558.000000000,5,1
cubic_2900.txt,2,7.529999971,ACO,3097.000000000,2558.000000000,5,0
cubic_2900.txt,2,8.795000076,ACO,3092.000000000,2558.000000000,5,0
cubic_2900.txt,2,9.986000061,ACO,3083.000000000,2558.000000000,5,0
cubic_2900.txt,2,11.412999868,ACO,2567.000000000,2558.000000000,5,0
cubic_2900.txt,2,12.828000069,ACO,2609.000000000,2558.000000000,5,0
cubic_2900.txt,2,14.049999952,ACO,2570.000000000,2558.000000000,5,0
cubic_2900.txt,2,15.260999918,ACO,2589.000000000,2558.000000000,5,0
cubic_2900.txt,2,15.292000055,HHO,2600.000000000,2558.000000000,5,0
cubic_2900.txt,2,17.743000031,ACO,2577.000000000,2558.000000000,5,0
cubic_2900.txt,2,19.285000086,ACO,2588.000000000,2558.000000000,5,0
cubic_2900.txt,2,20.717999935,ACO,2582.000000000,2558.000000000,5,0
cubic_2900.txt,2,22.088000059,ACO,2576.000000000,2558.000000000,5,0
cubic_2900.txt,2,24.033999920,HHO,2574.000000000,2558.000000000,5,0
cubic_2900.txt,2,24.579999924,ACO,2539.000000000,2539.000000000,5,1
cubic_2900.txt,2,27.575999975,ACO,2565.000000000,2539.000000000,5,0
cubic_2900.txt,2,33.611000061,ACO,2569.000000000,2539.000000000,5,0
cubic_2900.txt,2,35.022000074,ACO,2559.000000000,2539.000000000,5,0
cubic_2900.txt,2,45.365000010,ACO,2564.000000000,2539.000000000,5,0
cubic_2900.txt,2,52.925999880,ACO,2561.000000000,2539.000000000,5,0
cubic_2900.txt,2,54.105000019,ACO,2553.000000000,2539.000000000,5,0
cubic_2900.txt,2,55.414000034,ACO,2548.000000000,2539.000000000,5,0
cubic_2900.txt,2,57.144999981,ACO,2529.000000000,2529.000000000,5,1
cubic_2900.txt,2,58.548000097,ACO,2543.000000000,2529.000000000,5,0
cubic_2900.txt,2,59.858999968,ACO,2537.000000000,2529.000000000,5,0
cubic_2900.txt,2,61.141000032,ACO,2536.000000000,2529.000000000,5,0
cubic_2900.txt,2,63.572999954,ACO,2538.000000000,2529.000000000,5,0
cubic_2900.txt,2,66.098000050,ACO,2531.000000000,2529.000000000,5,0
cubic_2900.txt,2,69.733000040,ACO,2519.000000000,2519.000000000,5,1
cubic_2900.txt,2,71.276000023,ACO,2530.000000000,2519.000000000,5,0
cubic_2900.txt,2,74.216000080,ACO,2524.000000000,2519.000000000,5,0
cubic_2900.txt,3,0.010999918,Tabu Search,3286.000000000,3286.000000000,1,1
cubic_2900.txt,3,0.011999846,RVNS,3238.000000000,3238.000000000,2,1
cubic_2900.txt,3,0.014999866,Tabu Search,3289.000000000,3238.000000000,3,0
cubic_2900.txt,3,0.016999960,RVNS,3239.000000000,3238.000000000,4,0
cubic_2900.txt,3,0.016999960,Tabu Search,3237.000000000,3237.000000000,5,1
cubic_2900.txt,3,0.019999981,Tabu Search,3243.000000000,3237.000000000,5,0
cubic_2900.txt,3,0.024999857,Tabu Search,3235.000000000,3235.000000000,5,1
cubic_2900.txt,3,0.032999992,Tabu Search,3234.000000000,3234.000000000,5,1
cubic_2900.txt,3,0.037999868,Tabu Search,3231.000000000,3231.000000000,5,1
cubic_2900.txt,3,0.040999889,RVNS,3232.000000000,3231.000000000,5,0
cubic_2900.txt,3,0.047999859,RVNS,3229.000000000,3229.000000000,5,1
cubic_2900.txt,3,0.072999954,Tabu Search,3233.000000000,3229.000000000,5,0
cubic_2900.txt,3,0.105999947,Tabu Search,3226.000000000,3226.000000000,5,1
cubic_2900.txt,3,0.195999861,Tabu Search,3230.000000000,3226.000000000,5,0
cubic_2900.txt,3,1.560999870,ACO,3145.000000000,3145.000000000,5,1
cubic_2900.txt,3,2.587999821,ACO,3129.000000000,3129.000000000,5,1
cubic_2900.txt,3,4.259999990,ACO,3130.000000000,3129.000000000,5,0
cubic_2900.txt,3,5.528999805,ACO,3115.000000000,3115.000000000,5,1
cubic_2900.txt,3,6.717000008,ACO,3112.000000000,3112.000000000,5,1
cubic_2900.txt,3,7.408999920,HHO,2589.000000000,2589.000000000,5,1
cubic_2900.txt,3,7.859999895,ACO,3100.000000000,2589.000000000,5,0
cubic_2900.txt,3,9.434000015,ACO,3075.000000000,2589.000000000,5,0
cubic_2900.txt,3,10.869999886,ACO,3078.000000000,2589.000000000,5,0
cubic_2900.txt,3,12.044999838,ACO,2575.000000000,2575.000000000,5,1
cubic_2900.txt,3,13.211999893,ACO,2587.000000000,2575.000000000,5,0
cubic_2900.txt,3,14.493999958,ACO,2595.000000000,2575.000000000,5,0
cubic_2900.txt,3,15.480000019,HHO,2591.000000000,2575.000000000,5,0
cubic_2900.txt,3,16.833999872,ACO,2585.000000000,2575.000000000,5,0
cubic_2900.txt,3,18.041999817,ACO,2569.000000000,2569.000000000,5,1
cubic_2900.txt,3,21.691999912,ACO,2582.000000000,2569.000000000,5,0
cubic_2900.txt,3,22.888999939,ACO,2560.000000000,2560.000000000,5,1
cubic_2900.txt,3,24.574999809,ACO,2576.000000000,2560.000000000,5,0
cubic_2900.txt,3,27.210999966,ACO,2549.000000000,2549.000000000,5,1
cubic_2900.txt,3,30.849999905,ACO,2556.000000000,2549.000000000,5,0
cubic_2900.txt,3,32.786000013,HHO,2568.000000000,2549.000000000,5,0
cubic_2900.txt,3,34.441999912,ACO,2567.000000000,2549.000000000,5,0
cubic_2900.txt,3,36.903999805,ACO,2565.000000000,2549.000000000,5,0
cubic_2900.txt,3,39.617999792,ACO,2555.000000000,2549.000000000,5,0
cubic_2900.txt,3,41.188999891,ACO,2552.000000000,2549.000000000,5,0
cubic_2900.txt,3,42.390999794,ACO,2547.000000000,2547.000000000,5,1
cubic_2900.txt,3,44.788999796,ACO,2545.000000000,2545.000000000,5,1
cubic_2900.txt,3,65.917999983,ACO,2551.000000000,2545.000000000,5,0
cubic_2900.txt,3,69.812999964,ACO,2529.000000000,2529.000000000,5,1
cubic_2900.txt,4,0.009999990,Tabu Search,3269.000000000,3269.000000000,1,1
cubic_2900.txt,4,0.009999990,RVNS,3290.000000000,3269.000000000,2,0
cubic_2900.txt,4,0.015999794,Tabu Search,3262.000000000,3262.000000000,3,1
cubic_2900.txt,4,0.015999794,RVNS,3288.000000000,3262.000000000,4,0
cubic_2900.txt,4,0.023000002,Tabu Search,3261.000000000,3261.000000000,5,1
cubic_2900.txt,4,0.024999857,RVNS,3265.000000000,3261.000000000,5,0
cubic_2900.txt,4,0.026000023,Tabu Search,3263.000000000,3261.000000000,5,0
cubic_2900.txt,4,0.027999878,Tabu Search,3264.000000000,3261.000000000,5,0
cubic_2900.txt,4,0.036000013,RVNS,3259.000000000,3259.000000000,5,1
cubic_2900.txt,4,0.085999966,Tabu Search,3260.000000000,3259.000000000,5,0
cubic_2900.txt,4,0.117999792,Tabu Search,3256.000000000,3256.000000000,5,1
cubic_2900.txt,4,0.122999907,RVNS,3255.000000000,3255.000000000,5,1
cubic_2900.txt,4,0.151999950,RVNS,3257.000000000,3255.000000000,5,0
cubic_2900.txt,4,0.158999920,Tabu Search,3258.000000000,3255.000000000,5,0
cubic_2900.txt,4,1.369999886,ACO,3140.000000000,3140.000000000,5,1
cubic_2900.txt,4,2.319000006,ACO,3136.000000000,3136.000000000,5,1
cubic_2900.txt,4,3.339999914,ACO,3141.000000000,3136.000000000,5,0
cubic_2900.txt,4,4.490999937,ACO,3119.000000000,3119.000000000,5,1
cubic_2900.txt,4,5.698999882,ACO,3102.000000000,3102.000000000,5,1
cubic_2900.txt,4,6.548999786,HHO,2574.000000000,2574.000000000,5,1
cubic_2900.txt,4,6.902999878,ACO,3093.000000000,2574.000000000,5,0
cubic_2900.txt,4,8.086999893,ACO,3095.000000000,2574.000000000,5,0
cubic_2900.txt,4,9.245999813,ACO,3096.000000000,2574.000000000,5,0
cubic_2900.txt,4,10.450999975,ACO,3060.000000000,2574.000000000,5,0
cubic_2900.txt,4,11.743999958,ACO,3061.000000000,2574.000000000,5,0
cubic_2900.txt,4,13.010999918,ACO,3064.000000000,2574.000000000,5,0
cubic_2900.txt,4,14.051999807,HHO,2563.000000000,2563.000000000,5,1
cubic_2900.txt,4,15.686999798,ACO,2575.000000000,2563.000000000,5,0
cubic_2900.txt,4,16.957000017,ACO,2587.000000000,2563.000000000,5,0
cubic_2900.txt,4,18.187999964,ACO,2573.000000000,2563.000000000,5,0
cubic_2900.txt,4,19.438999891,ACO,2577.000000000,2563.000000000,5,0
cubic_2900.txt,4,24.498999834,ACO,2568.000000000,2563.000000000,5,0
cubic_2900.txt,4,33.687999964,ACO,2567.000000000,2563.000000000,5,0
cubic_2900.txt,4,37.438999891,ACO,2569.000000000,2563.000000000,5,0
cubic_2900.txt,4,39.929999828,ACO,2557.000000000,2557.000000000,5,1
cubic_2900.txt,4,41.383999825,ACO,2565.000000000,2557.000000000,5,0
cubic_2900.txt,4,41.500000000,HHO,2556.000000000,2556.000000000,5,1
cubic_2900.txt,4,42.959999800,ACO,2548.000000000,2548.000000000,5,1
cubic_2900.txt,4,45.447999954,ACO,2546.000000000,2546.000000000,5,1
cubic_2900.txt,4,46.730000019,ACO,2535.000000000,2535.000000000,5,1
cubic_2900.txt,4,55.753999949,ACO,2542.000000000,2535.000000000,5,0
cubic_2900.txt,4,59.915999889,ACO,2545.000000000,2535.000000000,5,0
cubic_2900.txt,4,71.738999844,ACO,2537.000000000,2535.000000000,5,0
cubic_2900.txt,5,0.006999969,Tabu Search,3225.000000000,3225.000000000,1,1
cubic_2900.txt,5,0.009999990,RVNS,3264.000000000,3225.000000000,2,0
cubic_2900.txt,5,0.012000084,Tabu Search,3229.000000000,3225.000000000,3,0
cubic_2900.txt,5,0.014000177,RVNS,3259.000000000,3225.000000000,4,0
cubic_2900.txt,5,0.016000032,Tabu Search,3216.000000000,3216.000000000,5,1
cubic_2900.txt,5,0.019999981,RVNS,3261.000000000,3216.000000000,5,0
cubic_2900.txt,5,0.021000147,Tabu Search,3233.000000000,3216.000000000,5,0
cubic_2900.txt,5,0.027000189,Tabu Search,3220.000000000,3216.000000000,5,0
cubic_2900.txt,5,0.031000137,Tabu Search,3232.000000000,3216.000000000,5,0
cubic_2900.txt,5,0.032999992,RVNS,3228.000000000,3216.000000000,5,0
cubic_2900.txt,5,0.037000179,RVNS,3223.000000000,3216.000000000,5,0
cubic_2900.txt,5,0.039000034,Tabu Search,3226.000000000,3216.000000000,5,0
cubic_2900.txt,5,0.060000181,Tabu Search,3224.000000000,3216.000000000,5,0
cubic_2900.txt,5,0.064000130,RVNS,3221.000000000,3216.000000000,5,0
cubic_2900.txt,5,0.075000048,RVNS,3217.000000000,3216.000000000,5,0
cubic_2900.txt,5,0.077000141,Tabu Search,3218.000000000,3216.000000000,5,0
cubic_2900.txt,5,0.081000090,Tabu Search,3219.000000000,3216.000000000,5,0
cubic_2900.txt,5,1.308000088,ACO,3124.000000000,3124.000000000,5,1
cubic_2900.txt,5,2.259000063,ACO,3092.000000000,3092.000000000,5,1
cubic_2900.txt,5,3.282999992,ACO,3096.000000000,3092.000000000,5,0
cubic_2900.txt,5,4.615000010,ACO,3089.000000000,3089.000000000,5,1
cubic_2900.txt,5,5.761000156,ACO,3074.000000000,3074.000000000,5,1
cubic_2900.txt,5,6.506999969,HHO,2580.000000000,2580.000000000,5,1
cubic_2900.txt,5,6.921000004,ACO,3077.000000000,2580.000000000,5,0
cubic_2900.txt,5,8.088999987,ACO,3081.000000000,2580.000000000,5,0
cubic_2900.txt,5,9.373000145,ACO,3083.000000000,2580.000000000,5,0
cubic_2900.txt,5,11.693000078,ACO,2600.000000000,2580.000000000,5,0
cubic_2900.txt,5,12.992000103,ACO,2568.000000000,2568.000000000,5,1
cubic_2900.txt,5,14.539999962,HHO,2590.000000000,2568.000000000,5,0
cubic_2900.txt,5,14.637000084,ACO,2578.000000000,2568.000000000,5,0
cubic_2900.txt,5,17.381999969,ACO,2572.000000000,2568.000000000,5,0
cubic_2900.txt,5,19.986000061,ACO,2565.000000000,2565.000000000,5,1
cubic_2900.txt,5,21.162000179,ACO,2569.000000000,2565.000000000,5,0
cubic_2900.txt,5,22.950999975,HHO,2573.000000000,2565.000000000,5,0
cubic_2900.txt,5,23.703000069,ACO,2559.000000000,2559.000000000,5,1
cubic_2900.txt,5,26.393000126,ACO,2570.000000000,2559.000000000,5,0
cubic_2900.txt,5,29.522000074,ACO,2547.000000000,2547.000000000,5,1
cubic_2900.txt,5,35.519999981,ACO,2562.000000000,2547.000000000,5,0
cubic_2900.txt,5,47.136000156,ACO,2563.000000000,2547.000000000,5,0
cubic_2900.txt,5,48.294000149,ACO,2554.000000000,2547.000000000,5,0
cubic_2900.txt,5,50.792000055,ACO,2541.000000000,2541.000000000,5,1
cubic_2900.txt,5,51.940999985,ACO,2553.000000000,2541.000000000,5,0
cubic_2900.txt,5,53.088000059,ACO,2540.000000000,2540.000000000,5,1
cubic_2900.txt,5,56.641000032,ACO,2534.000000000,2534.000000000,5,1
cubic_2900.txt,5,63.225000143,ACO,2525.000000000,2525.000000000,5,1
cubic_2900.txt,5,69.305999994,ACO,2546.000000000,2525.000000000,5,0
cubic_2900.txt,5,71.782000065,ACO,2542.000000000,2525.000000000,5,0
cubic_2900.txt,6,0.008000135,Tabu Search,3246.000000000,3246.000000000,1,1
cubic_2900.txt,6,0.009000063,RVNS,3231.000000000,3231.000000000,2,1
cubic_2900.txt,6,0.013000011,Tabu Search,3233.000000000,3231.000000000,3,0
cubic_2900.txt,6,0.013000011,RVNS,3227.000000000,3227.000000000,4,1
cubic_2900.txt,6,0.018000126,RVNS,3235.000000000,3227.000000000,5,0
cubic_2900.txt,6,0.019000053,Tabu Search,3234.000000000,3227.000000000,5,0
cubic_2900.txt,6,0.022000074,RVNS,3229.000000000,3227.000000000,5,0
cubic_2900.txt,6,0.039000034,Tabu Search,3228.000000000,3227.000000000,5,0
cubic_2900.txt,6,0.042000055,RVNS,3223.000000000,3223.000000000,5,1
cubic_2900.txt,6,0.047000170,Tabu Search,3230.000000000,3223.000000000,5,0
cubic_2900.txt,6,0.097000122,Tabu Search,3226.000000000,3223.000000000,5,0
cubic_2900.txt,6,0.114000082,RVNS,3224.000000000,3223.000000000,5,0
cubic_2900.txt,6,0.254000187,RVNS,3225.000000000,3223.000000000,5,0
cubic_2900.txt,6,1.469000101,ACO,3127.000000000,3127.000000000,5,1
cubic_2900.txt,6,2.456000090,ACO,3122.000000000,3122.000000000,5,1
cubic_2900.txt,6,3.534000158,ACO,3116.000000000,3116.000000000,5,1
cubic_2900.txt,6,4.718000174,ACO,3118.000000000,3116.000000000,5,0
cubic_2900.txt,6,5.873000145,ACO,3096.000000000,3096.000000000,5,1
cubic_2900.txt,6,6.606000185,HHO,2573.000000000,2573.000000000,5,1
cubic_2900.txt,6,7.094000101,ACO,3106.000000000,2573.000000000,5,0
cubic_2900.txt,6,8.354000092,ACO,3079.000000000,2573.000000000,5,0
cubic_2900.txt,6,9.567000151,ACO,3077.000000000,2573.000000000,5,0
cubic_2900.txt,6,10.734000206,ACO,2601.000000000,2573.000000000,5,0
cubic_2900.txt,6,12.040000200,ACO,2578.000000000,2573.000000000,5,0
cubic_2900.txt,6,13.349000216,ACO,2579.000000000,2573.000000000,5,0
cubic_2900.txt,6,14.866000175,ACO,2603.000000000,2573.000000000,5,0
cubic_2900.txt,6,16.241000175,ACO,2559.000000000,2559.000000000,5,1
cubic_2900.txt,6,17.673000097,ACO,2557.000000000,2557.000000000,5,1
cubic_2900.txt,6,21.326000214,ACO,2575.000000000,2557.000000000,5,0
cubic_2900.txt,6,22.665000200,ACO,2568.000000000,2557.000000000,5,0
cubic_2900.txt,6,22.684000015,HHO,2561.000000000,2557.000000000,5,0
cubic_2900.txt,6,24.003000021,ACO,2562.000000000,2557.000000000,5,0
cubic_2900.txt,6,25.282000065,ACO,2555.000000000,2555.000000000,5,1
cubic_2900.txt,6,40.772000074,ACO,2550.000000000,2550.000000000,5,1
cubic_2900.txt,6,42.000000000,ACO,2560.000000000,2550.000000000,5,0
cubic_2900.txt,6,64.617000103,ACO,2556.000000000,2550.000000000,5,0
cubic_2900.txt,6,68.404000044,ACO,2552.000000000,2550.000000000,5,0
cubic_2900.txt,6,70.738000154,ACO,2553.000000000,2550.000000000,5,0
cubic_2900.txt,7,0.006999969,RVNS,3206.000000000,3206.000000000,1,1
cubic_2900.txt,7,0.006999969,Tabu Search,3242.000000000,3206.000000000,2,0
cubic_2900.txt,7,0.009999990,Tabu Search,3211.000000000,3206.000000000,3,0
cubic_2900.txt,7,0.010999918,RVNS,3240.000000000,3206.000000000,4,0
cubic_2900.txt,7,0.012999773,Tabu Search,3217.000000000,3206.000000000,5,0
cubic_2900.txt,7,0.014999866,RVNS,3237.000000000,3206.000000000,5,0
cubic_2900.txt,7,0.020999908,Tabu Search,3214.000000000,3206.000000000,5,0
cubic_2900.txt,7,0.031999826,RVNS,3209.000000000,3206.000000000,5,0
cubic_2900.txt,7,0.038999796,RVNS,3210.000000000,3206.000000000,5,0
cubic_2900.txt,7,0.041999817,Tabu Search,3208.000000000,3206.000000000,5,0
cubic_2900.txt,7,0.069999933,Tabu Search,3205.000000000,3205.000000000,5,1
cubic_2900.txt,7,0.071999788,RVNS,3207.000000000,3205.000000000,5,0
cubic_2900.txt,7,0.084999800,RVNS,3202.000000000,3202.000000000,5,1
cubic_2900.txt,7,0.091999769,RVNS,3203.000000000,3202.000000000,5,0
cubic_2900.txt,7,0.167999983,RVNS,3204.000000000,3202.000000000,5,0
cubic_2900.txt,7,0.239999771,Tabu Search,3201.000000000,3201.000000000,5,1
cubic_2900.txt,7,1.406999826,ACO,3151.000000000,3151.000000000,5,1
cubic_2900.txt,7,2.311999798,ACO,3149.000000000,3149.000000000,5,1
cubic_2900.txt,7,3.333999872,ACO,3114.000000000,3114.000000000,5,1
cubic_2900.txt,7,4.584999800,ACO,3109.000000000,3109.000000000,5,1
cubic_2900.txt,7,5.942999840,ACO,3110.000000000,3109.000000000,5,0
cubic_2900.txt,7,6.955999851,HHO,2584.000000000,2584.000000000,5,1
cubic_2900.txt,7,8.019999981,ACO,3111.000000000,2584.000000000,5,0
cubic_2900.txt,7,10.067999840,ACO,3096.000000000,2584.000000000,5,0
cubic_2900.txt,7,11.849999905,ACO,3088.000000000,2584.000000000,5,0
cubic_2900.txt,7,13.530999899,ACO,2613.000000000,2584.000000000,5,0
cubic_2900.txt,7,15.153999805,ACO,2561.000000000,2561.000000000,5,1
cubic_2900.txt,7,16.497999907,ACO,2592.000000000,2561.000000000,5,0
cubic_2900.txt,7,17.450999975,HHO,2572.000000000,2561.000000000,5,0
cubic_2900.txt,7,17.829999924,ACO,2566.000000000,2561.000000000,5,0
cubic_2900.txt,7,20.639999866,ACO,2570.000000000,2561.000000000,5,0
cubic_2900.txt,7,23.390999794,ACO,2580.000000000,2561.000000000,5,0
cubic_2900.txt,7,25.133999825,ACO,2574.000000000,2561.000000000,5,0
cubic_2900.txt,7,30.715999842,ACO,2547.000000000,2547.000000000,5,1
cubic_2900.txt,7,32.111999989,ACO,2565.000000000,2547.000000000,5,0
cubic_2900.txt,7,33.367999792,ACO,2562.000000000,2547.000000000,5,0
cubic_2900.txt,7,34.559999943,ACO,2553.000000000,2547.000000000,5,0
cubic_2900.txt,7,42.489999771,ACO,2554.000000000,2547.000000000,5,0
cubic_2900.txt,7,47.342999935,ACO,2557.000000000,2547.000000000,5,0
cubic_2900.txt,7,50.864999771,ACO,2558.000000000,2547.000000000,5,0
cubic_2900.txt,7,61.922999859,ACO,2542.000000000,2542.000000000,5,1
cubic_2900.txt,8,0.009000063,RVNS,3266.000000000,3266.000000000,1,1
cubic_2900.txt,8,0.009999990,Tabu Search,3252.000000000,3252.000000000,2,1
cubic_2900.txt,8,0.017000198,RVNS,3263.000000000,3252.000000000,3,0
cubic_2900.txt,8,0.018000126,Tabu Search,3235.000000000,3235.000000000,4,1
cubic_2900.txt,8,0.024000168,RVNS,3261.000000000,3235.000000000,5,0
cubic_2900.txt,8,0.024000168,Tabu Search,3240.000000000,3235.000000000,5,0
cubic_2900.txt,8,0.029000044,Tabu Search,3245.000000000,3235.000000000,5,0
cubic_2900.txt,8,0.030000210,RVNS,3246.000000000,3235.000000000,5,0
cubic_2900.txt,8,0.032000065,Tabu Search,3248.000000000,3235.000000000,5,0
cubic_2900.txt,8,0.034000158,RVNS,3244.000000000,3235.000000000,5,0
cubic_2900.txt,8,0.040000200,Tabu Search,3241.000000000,3235.000000000,5,0
cubic_2900.txt,8,0.042000055,Tabu Search,3242.000000000,3235.000000000,5,0
cubic_2900.txt,8,0.049000025,Tabu Search,3238.000000000,3235.000000000,5,0
cubic_2900.txt,8,0.057000160,Tabu Search,3234.000000000,3234.000000000,5,1
cubic_2900.txt,8,0.060000181,RVNS,3237.000000000,3234.000000000,5,0
cubic_2900.txt,8,0.075000048,Tabu Search,3239.000000000,3234.000000000,5,0
cubic_2900.txt,8,0.086000204,RVNS,3236.000000000,3234.000000000,5,0
cubic_2900.txt,8,0.088999987,RVNS,3230.000000000,3230.000000000,5,1
cubic_2900.txt,8,0.125000000,Tabu Search,3233.000000000,3230.000000000,5,0
cubic_2900.txt,8,0.157000065,Tabu Search,3231.000000000,3230.000000000,5,0
cubic_2900.txt,8,0.180999994,Tabu Search,3228.000000000,3228.000000000,5,1
cubic_2900.txt,8,0.267000198,Tabu Search,3232.000000000,3228.000000000,5,0
cubic_2900.txt,8,1.341000080,ACO,3157.000000000,3157.000000000,5,1
cubic_2900.txt,8,2.434000015,ACO,3132.000000000,3132.000000000,5,1
cubic_2900.txt,8,3.568000078,ACO,3119.000000000,3119.000000000,5,1
cubic_2900.txt,8,4.735000134,ACO,3122.000000000,3119.000000000,5,0
cubic_2900.txt,8,5.889000177,ACO,3096.000000000,3096.000000000,5,1
cubic_2900.txt,8,6.592000008,HHO,2572.000000000,2572.000000000,5,1
cubic_2900.txt,8,7.100000143,ACO,3092.000000000,2572.000000000,5,0
cubic_2900.txt,8,8.291000128,ACO,3088.000000000,2572.000000000,5,0
cubic_2900.txt,8,9.434000015,ACO,3089.000000000,2572.000000000,5,0
cubic_2900.txt,8,10.819000006,ACO,3091.000000000,2572.000000000,5,0
cubic_2900.txt,8,12.224000216,ACO,3073.000000000,2572.000000000,5,0
cubic_2900.txt,8,13.474000216,ACO,3067.000000000,2572.000000000,5,0
cubic_2900.txt,8,14.625000000,HHO,2610.000000000,2572.000000000,5,0
cubic_2900.txt,8,14.749000072,ACO,3072.000000000,2572.000000000,5,0
cubic_2900.txt,8,15.939000130,ACO,2612.000000000,2572.000000000,5,0
cubic_2900.txt,8,17.095000029,ACO,2602.000000000,2572.000000000,5,0
cubic_2900.txt,8,18.328999996,ACO,2568.000000000,2568.000000000,5,1
cubic_2900.txt,8,19.513000011,ACO,2585.000000000,2568.000000000,5,0
cubic_2900.txt,8,20.720000029,ACO,2561.000000000,2561.000000000,5,1
cubic_2900.txt,8,21.935000181,ACO,2578.000000000,2561.000000000,5,0
cubic_2900.txt,8,24.417999983,ACO,2575.000000000,2561.000000000,5,0
cubic_2900.txt,8,27.024000168,ACO,2564.000000000,2561.000000000,5,0
cubic_2900.txt,8,33.305999994,ACO,2569.000000000,2561.000000000,5,0
cubic_2900.txt,8,38.145000219,ACO,2562.000000000,2561.000000000,5,0
cubic_2900.txt,8,41.948000193,ACO,2560.000000000,2560.000000000,5,1
cubic_2900.txt,8,43.298000097,ACO,2547.000000000,2547.000000000,5,1
cubic_2900.txt,8,48.103000164,ACO,2559.000000000,2547.000000000,5,0
cubic_2900.txt,8,49.423000097,ACO,2557.000000000,2547.000000000,5,0
cubic_2900.txt,8,62.792000055,ACO,2551.000000000,2547.000000000,5,0
cubic_2900.txt,8,65.218000174,ACO,2548.000000000,2547.000000000,5,0
cubic_2900.txt,8,67.540000200,ACO,2555.000000000,2547.000000000,5,0
cubic_2900.txt,9,0.006000042,RVNS,3264.000000000,3264.000000000,1,1
cubic_2900.txt,9,0.006000042,Tabu Search,3282.000000000,3264.000000000,2,0
cubic_2900.txt,9,0.013000011,Tabu Search,3263.000000000,3263.000000000,3,1
cubic_2900.txt,9,0.013000011,RVNS,3287.000000000,3263.000000000,4,0
cubic_2900.txt,9,0.019000053,RVNS,3256.000000000,3256.000000000,5,1
cubic_2900.txt,9,0.019999981,Tabu Search,3270.000000000,3256.000000000,5,0
cubic_2900.txt,9,0.025000095,Tabu Search,3261.000000000,3256.000000000,5,0
cubic_2900.txt,9,0.032000065,Tabu Search,3267.000000000,3256.000000000,5,0
cubic_2900.txt,9,0.038000107,Tabu Search,3262.000000000,3256.000000000,5,0
cubic_2900.txt,9,0.046999931,RVNS,3260.000000000,3256.000000000,5,0
cubic_2900.txt,9,0.091000080,RVNS,3259.000000000,3256.000000000,5,0
cubic_2900.txt,9,1.485000134,ACO,3130.000000000,3130.000000000,5,1
cubic_2900.txt,9,2.582999945,ACO,3134.000000000,3130.000000000,5,0
cubic_2900.txt,9,3.749000072,ACO,3121.000000000,3121.000000000,5,1
cubic_2900.txt,9,4.972000122,ACO,3120.000000000,3120.000000000,5,1
cubic_2900.txt,9,6.135999918,ACO,3107.000000000,3107.000000000,5,1
cubic_2900.txt,9,6.808000088,HHO,2572.000000000,2572.000000000,5,1
cubic_2900.txt,9,7.305000067,ACO,3115.000000000,2572.000000000,5,0
cubic_2900.txt,9,8.446000099,ACO,3101.000000000,2572.000000000,5,0
cubic_2900.txt,9,9.575000048,ACO,3085.000000000,2572.000000000,5,0
cubic_2900.txt,9,10.819999933,ACO,3079.000000000,2572.000000000,5,0
cubic_2900.txt,9,11.957000017,ACO,3077.000000000,2572.000000000,5,0
cubic_2900.txt,9,13.133000135,ACO,3078.000000000,2572.000000000,5,0
cubic_2900.txt,9,13.893000126,HHO,2574.000000000,2572.000000000,5,0
cubic_2900.txt,9,14.263999939,ACO,3055.000000000,2572.000000000,5,0
cubic_2900.txt,9,15.525000095,ACO,2576.000000000,2572.000000000,5,0
cubic_2900.txt,9,16.881999969,ACO,2546.000000000,2546.000000000,5,1
cubic_2900.txt,9,18.233999968,ACO,2602.000000000,2546.000000000,5,0
cubic_2900.txt,9,19.417999983,ACO,2560.000000000,2546.000000000,5,0
cubic_2900.txt,9,43.717000008,ACO,2559.000000000,2546.000000000,5,0
cubic_2900.txt,9,48.295000076,ACO,2552.000000000,2546.000000000,5,0
cubic_2900.txt,9,49.555000067,ACO,2564.000000000,2546.000000000,5,0
cubic_2900.txt,9,52.154000044,ACO,2561.000000000,2546.000000000,5,0
cubic_2900.txt,9,54.801000118,ACO,2535.000000000,2535.000000000,5,1
cubic_2900.txt,9,57.316999912,ACO,2555.000000000,2535.000000000,5,0
cubic_2900.txt,9,63.450000048,ACO,2557.000000000,2535.000000000,5,0
cubic_2900.txt,10,0.008999825,RVNS,3207.000000000,3207.000000000,1,1
cubic_2900.txt,10,0.008999825,Tabu Search,3251.000000000,3207.000000000,2,0
cubic_2900.txt,10,0.013000011,RVNS,3250.000000000,3207.000000000,3,0
cubic_2900.txt,10,0.014999866,Tabu Search,3212.000000000,3207.000000000,4,0
cubic_2900.txt,10,0.014999866,RVNS,3257.000000000,3207.000000000,5,0
cubic_2900.txt,10,0.019999981,Tabu Search,3215.000000000,3207.000000000,5,0
cubic_2900.txt,10,0.033999920,Tabu Search,3210.000000000,3207.000000000,5,0
cubic_2900.txt,10,0.034999847,RVNS,3214.000000000,3207.000000000,5,0
cubic_2900.txt,10,0.041999817,Tabu Search,3209.000000000,3207.000000000,5,0
cubic_2900.txt,10,0.046000004,RVNS,3208.000000000,3207.000000000,5,0
cubic_2900.txt,10,0.057999849,RVNS,3211.000000000,3207.000000000,5,0
cubic_2900.txt,10,0.154999971,RVNS,3206.000000000,3206.000000000,5,1
cubic_2900.txt,10,1.353999853,ACO,3152.000000000,3152.000000000,5,1
cubic_2900.txt,10,2.724999905,ACO,3130.000000000,3130.000000000,5,1
cubic_2900.txt,10,5.438999891,ACO,3116.000000000,3116.000000000,5,1
cubic_2900.txt,10,6.608999968,ACO,3093.000000000,3093.000000000,5,1
cubic_2900.txt,10,7.579999924,HHO,2575.000000000,2575.000000000,5,1
cubic_2900.txt,10,7.963999987,ACO,3087.000000000,2575.000000000,5,0
cubic_2900.txt,10,9.213999987,ACO,3081.000000000,2575.000000000,5,0
cubic_2900.txt,10,10.396999836,ACO,3074.000000000,2575.000000000,5,0
cubic_2900.txt,10,11.588999987,ACO,2589.000000000,2575.000000000,5,0
cubic_2900.txt,10,12.944999933,ACO,2570.000000000,2570.000000000,5,1
cubic_2900.txt,10,14.139999866,ACO,2565.000000000,2565.000000000,5,1
cubic_2900.txt,10,14.978999853,HHO,2585.000000000,2565.000000000,5,0
cubic_2900.txt,10,15.518999815,ACO,2569.000000000,2565.000000000,5,0
cubic_2900.txt,10,16.718999863,ACO,2579.000000000,2565.000000000,5,0
cubic_2900.txt,10,19.799999952,ACO,2572.000000000,2565.000000000,5,0
cubic_2900.txt,10,23.615999937,ACO,2567.000000000,2565.000000000,5,0
cubic_2900.txt,10,23.741999865,HHO,2568.000000000,2565.000000000,5,0
cubic_2900.txt,10,38.947999954,ACO,2562.000000000,2562.000000000,5,1
cubic_2900.txt,10,42.685999870,ACO,2550.000000000,2550.000000000,5,1
cubic_2900.txt,10,46.508999825,ACO,2563.000000000,2550.000000000,5,0
cubic_2900.txt,10,49.681999922,ACO,2553.000000000,2550.000000000,5,0
cubic_2900.txt,10,51.108999968,ACO,2560.000000000,2550.000000000,5,0
cubic_2900.txt,10,53.554999828,ACO,2557.000000000,2550.000000000,5,0
cubic_2900.txt,10,54.754999876,ACO,2556.000000000,2550.000000000,5,0
cubic_2900.txt,10,58.550999880,ACO,2544.000000000,2544.000000000,5,1
cubic_2900.txt,10,62.436999798,ACO,2552.000000000,2544.000000000,5,0
cubic_2900.txt,10,63.867999792,ACO,2549.000000000,2544.000000000,5,0
cubic_2900.txt,10,65.241999865,ACO,2520.000000000,2520.000000000,5,1
cubic_2900.txt,10,66.575999975,ACO,2543.000000000,2520.000000000,5,0
cubic_2900.txt,10,67.763999939,ACO,2538.000000000,2520.000000000,5,0
cubic_2900.txt,10,72.812999964,ACO,2545.000000000,2520.000000000,5,0
cubic_2900.txt,10,73.913999796,ACO,2535.000000000,2520.000000000,5,0
cubic_300.txt,1,0.001999855,Tabu Search,317.000000000,317.000000000,1,1
cubic_300.txt,1,0.003000021,RVNS,328.000000000,317.000000000,2,0
cubic_300.txt,1,0.003000021,Tabu Search,315.000000000,315.000000000,3,1
cubic_300.txt,1,0.003000021,RVNS,326.000000000,315.000000000,4,0
cubic_300.txt,1,0.003999949,Tabu Search,314.000000000,314.000000000,5,1
cubic_300.txt,1,0.003999949,RVNS,327.000000000,314.000000000,5,0
cubic_300.txt,1,0.004999876,Tabu Search,316.000000000,314.000000000,5,0
cubic_300.txt,1,0.009999990,RVNS,325.000000000,314.000000000,5,0
cubic_300.txt,1,0.029999971,Tabu Search,313.000000000,313.000000000,5,1
cubic_300.txt,1,0.661999941,ACO,306.000000000,306.000000000,5,1
cubic_300.txt,1,0.720000029,HHO,272.000000000,272.000000000,5,1
cubic_300.txt,1,1.337999821,ACO,309.000000000,272.000000000,5,0
cubic_300.txt,1,1.578999996,HHO,270.000000000,270.000000000,5,1
cubic_300.txt,1,1.990999937,ACO,267.000000000,267.000000000,5,1
cubic_300.txt,1,2.699999809,ACO,273.000000000,267.000000000,5,0
cubic_300.txt,1,3.731999874,ACO,264.000000000,264.000000000,5,1
cubic_300.txt,1,4.064999819,HHO,263.000000000,263.000000000,5,1
cubic_300.txt,1,4.817999840,ACO,271.000000000,263.000000000,5,0
cubic_300.txt,1,5.725999832,HHO,269.000000000,263.000000000,5,0
cubic_300.txt,1,8.573999882,ACO,259.000000000,259.000000000,5,1
cubic_300.txt,1,8.662999868,HHO,262.000000000,259.000000000,5,0
cubic_300.txt,2,0.003000021,RVNS,334.000000000,334.000000000,1,1
cubic_300.txt,2,0.003000021,Tabu Search,339.000000000,334.000000000,2,0
cubic_300.txt,2,0.004999876,RVNS,333.000000000,333.000000000,3,1
cubic_300.txt,2,0.004999876,Tabu Search,335.000000000,333.000000000,4,0
cubic_300.txt,2,0.006999969,Tabu Search,336.000000000,333.000000000,5,0
cubic_300.txt,2,0.008999825,RVNS,338.000000000,333.000000000,5,0
cubic_300.txt,2,0.017999887,Tabu Search,337.000000000,333.000000000,5,0
cubic_300.txt,2,0.671999931,ACO,305.000000000,305.000000000,5,1
cubic_300.txt,2,0.786000013,HHO,264.000000000,264.000000000,5,1
cubic_300.txt,2,1.641000032,HHO,263.000000000,263.000000000,5,1
cubic_300.txt,2,1.959999800,ACO,306.000000000,263.000000000,5,0
cubic_300.txt,2,2.648000002,HHO,261.000000000,261.000000000,5,1
cubic_300.txt,2,2.745999813,ACO,269.000000000,261.000000000,5,0
cubic_300.txt,2,3.653999805,ACO,270.000000000,261.000000000,5,0
cubic_300.txt,2,6.228999853,ACO,257.000000000,257.000000000,5,1
cubic_300.txt,2,8.276000023,HHO,265.000000000,257.000000000,5,0
cubic_300.txt,2,10.228999853,ACO,258.000000000,257.000000000,5,0
cubic_300.txt,3,0.001999855,Tabu Search,332.000000000,332.000000000,1,1
cubic_300.txt,3,0.001999855,RVNS,325.000000000,325.000000000,2,1
cubic_300.txt,3,0.003999949,Tabu Search,326.000000000,325.000000000,3,0
cubic_300.txt,3,0.006000042,RVNS,334.000000000,325.000000000,4,0
cubic_300.txt,3,0.006000042,Tabu Search,327.000000000,325.000000000,5,0
cubic_300.txt,3,0.006999969,Tabu Search,324.000000000,324.000000000,5,1
cubic_300.txt,3,0.013000011,RVNS,328.000000000,324.000000000,5,0
cubic_300.txt,3,0.822999954,ACO,313.000000000,313.000000000,5,1
cubic_300.txt,3,0.902999878,HHO,263.000000000,263.000000000,5,1
cubic_300.txt,3,1.478999853,ACO,303.000000000,263.000000000,5,0
cubic_300.txt,3,1.753999949,HHO,261.000000000,261.000000000,5,1
cubic_300.txt,3,2.168999910,ACO,304.000000000,261.000000000,5,0
cubic_300.txt,3,2.661000013,HHO,262.000000000,261.000000000,5,0
cubic_300.txt,3,2.838999987,ACO,299.000000000,261.000000000,5,0
cubic_300.txt,3,3.766000032,ACO,300.000000000,261.000000000,5,0
cubic_300.txt,3,4.013000011,HHO,258.000000000,258.000000000,5,1
cubic_300.txt,3,4.601000071,ACO,298.000000000,258.000000000,5,0
cubic_300.txt,3,5.414999962,ACO,259.000000000,258.000000000,5,0
cubic_300.txt,3,5.425999880,HHO,255.000000000,255.000000000,5,1
cubic_300.txt,3,6.257999897,ACO,260.000000000,255.000000000,5,0
cubic_300.txt,3,8.920000076,ACO,256.000000000,255.000000000,5,0
cubic_300.txt,3,9.925999880,HHO,257.000000000,255.000000000,5,0
cubic_300.txt,4,0.001999855,Tabu Search,327.000000000,327.000000000,1,1
cubic_300.txt,4,0.001999855,RVNS,337.000000000,327.000000000,2,0
cubic_300.txt,4,0.003999949,RVNS,328.000000000,327.000000000,3,0
cubic_300.txt,4,0.004999876,RVNS,330.000000000,327.000000000,4,0
cubic_300.txt,4,0.005999804,RVNS,339.000000000,327.000000000,5,0
cubic_300.txt,4,0.005999804,Tabu Search,326.000000000,326.000000000,5,1
cubic_300.txt,4,0.009999990,Tabu Search,329.000000000,326.000000000,5,0
cubic_300.txt,4,0.784999847,ACO,310.000000000,310.000000000,5,1
cubic_300.txt,4,0.826999903,HHO,254.000000000,254.000000000,5,1
cubic_300.txt,4,1.638000011,ACO,311.000000000,254.000000000,5,0
cubic_300.txt,4,2.024999857,HHO,259.000000000,254.000000000,5,0
cubic_300.txt,4,2.711999893,ACO,309.000000000,254.000000000,5,0
cubic_300.txt,4,3.557999849,HHO,255.000000000,254.000000000,5,0
cubic_300.txt,4,3.901999950,ACO,301.000000000,254.000000000,5,0
cubic_300.txt,4,4.973999977,ACO,256.000000000,254.000000000,5,0
cubic_300.txt,4,5.061999798,HHO,260.000000000,254.000000000,5,0
cubic_300.txt,4,6.523000002,HHO,251.000000000,251.000000000,5,1
cubic_300.txt,4,7.659999847,ACO,257.000000000,251.000000000,5,0
cubic_300.txt,5,0.002000093,RVNS,331.000000000,331.000000000,1,1
cubic_300.txt,5,0.002000093,Tabu Search,332.000000000,331.000000000,2,0
cubic_300.txt,5,0.003000021,RVNS,329.000000000,329.000000000,3,1
cubic_300.txt,5,0.004000187,RVNS,334.000000000,329.000000000,4,0
cubic_300.txt,5,0.005000114,RVNS,330.000000000,329.000000000,5,0
cubic_300.txt,5,0.006000042,Tabu Search,333.000000000,329.000000000,5,0
cubic_300.txt,5,0.009000063,RVNS,328.000000000,328.000000000,5,1
cubic_300.txt,5,0.690999985,ACO,312.000000000,312.000000000,5,1
cubic_300.txt,5,0.766000032,HHO,263.000000000,263.000000000,5,1
cubic_300.txt,5,1.369000196,ACO,308.000000000,263.000000000,5,0
cubic_300.txt,5,1.673000097,HHO,265.000000000,263.000000000,5,0
cubic_300.txt,5,2.111999989,ACO,301.000000000,263.000000000,5,0
cubic_300.txt,5,2.593000174,HHO,270.000000000,263.000000000,5,0
cubic_300.txt,5,2.750000000,ACO,298.000000000,263.000000000,5,0
cubic_300.txt,5,3.581000090,ACO,264.000000000,263.000000000,5,0
cubic_300.txt,5,3.779000044,HHO,267.000000000,263.000000000,5,0
cubic_300.txt,5,4.525000095,ACO,269.000000000,263.000000000,5,0
cubic_300.txt,5,8.119000196,ACO,262.000000000,262.000000000,5,1
cubic_300.txt,6,0.003000021,Tabu Search,339.000000000,339.000000000,1,1
cubic_300.txt,6,0.003000021,RVNS,332.000000000,332.000000000,2,1
cubic_300.txt,6,0.005999804,RVNS,338.000000000,332.000000000,3,0
cubic_300.txt,6,0.005999804,Tabu Search,334.000000000,332.000000000,4,0
cubic_300.txt,6,0.008999825,RVNS,333.000000000,332.000000000,5,0
cubic_300.txt,6,0.011999846,Tabu Search,331.000000000,331.000000000,5,1
cubic_300.txt,6,0.013999939,RVNS,335.000000000,331.000000000,5,0
cubic_300.txt,6,0.697000027,ACO,312.000000000,312.000000000,5,1
cubic_300.txt,6,0.783999920,HHO,263.000000000,263.000000000,5,1
cubic_300.txt,6,1.384999990,ACO,311.000000000,263.000000000,5,0
cubic_300.txt,6,1.720999956,HHO,269.000000000,263.000000000,5,0
cubic_300.txt,6,2.102999926,ACO,299.000000000,263.000000000,5,0
cubic_300.txt,6,2.672999859,HHO,266.000000000,263.000000000,5,0
cubic_300.txt,6,2.748999834,ACO,267.000000000,263.000000000,5,0
cubic_300.txt,6,3.651000023,ACO,265.000000000,263.000000000,5,0
cubic_300.txt,6,7.131999969,HHO,258.000000000,258.000000000,5,1
cubic_300.txt,6,7.435999870,ACO,262.000000000,258.000000000,5,0
cubic_300.txt,6,8.570999861,HHO,261.000000000,258.000000000,5,0
cubic_300.txt,6,10.070999861,ACO,264.000000000,258.000000000,5,0
cubic_300.txt,7,0.002000093,Tabu Search,338.000000000,338.000000000,1,1
cubic_300.txt,7,0.003000021,RVNS,328.000000000,328.000000000,2,1
cubic_300.txt,7,0.004000187,RVNS,326.000000000,326.000000000,3,1
cubic_300.txt,7,0.005000114,RVNS,339.000000000,326.000000000,4,0
cubic_300.txt,7,0.006000042,Tabu Search,327.000000000,326.000000000,5,0
cubic_300.txt,7,0.006999969,Tabu Search,329.000000000,326.000000000,5,0
cubic_300.txt,7,0.012000084,Tabu Search,330.000000000,326.000000000,5,0
cubic_300.txt,7,0.016000032,RVNS,325.000000000,325.000000000,5,1
cubic_300.txt,7,1.006999969,ACO,315.000000000,315.000000000,5,1
cubic_300.txt,7,1.108000040,HHO,271.000000000,271.000000000,5,1
cubic_300.txt,7,2.045000076,ACO,303.000000000,271.000000000,5,0
cubic_300.txt,7,2.981000185,ACO,304.000000000,271.000000000,5,0
cubic_300.txt,7,3.870000124,HHO,267.000000000,267.000000000,5,1
cubic_300.txt,7,4.097000122,ACO,300.000000000,267.000000000,5,0
cubic_300.txt,7,5.097000122,ACO,302.000000000,267.000000000,5,0
cubic_300.txt,7,5.305000067,HHO,270.000000000,267.000000000,5,0
cubic_300.txt,7,6.086000204,ACO,298.000000000,267.000000000,5,0
cubic_300.txt,7,6.950999975,HHO,263.000000000,263.000000000,5,1
cubic_300.txt,7,9.417999983,HHO,269.000000000,263.000000000,5,0
cubic_300.txt,7,11.733000040,HHO,264.000000000,263.000000000,5,0
cubic_300.txt,7,12.552000046,ACO,268.000000000,263.000000000,5,0
cubic_300.txt,7,13.159000158,HHO,260.000000000,260.000000000,5,1
cubic_300.txt,8,0.003000021,Tabu Search,333.000000000,333.000000000,1,1
cubic_300.txt,8,0.003000021,RVNS,332.000000000,332.000000000,2,1
cubic_300.txt,8,0.006000042,RVNS,331.000000000,331.000000000,3,1
cubic_300.txt,8,0.009000063,RVNS,335.000000000,331.000000000,4,0
cubic_300.txt,8,0.011000156,RVNS,334.000000000,331.000000000,5,0
cubic_300.txt,8,0.887000084,ACO,314.000000000,314.000000000,5,1
cubic_300.txt,8,0.960000038,HHO,264.000000000,264.000000000,5,1
cubic_300.txt,8,1.715000153,ACO,306.000000000,264.000000000,5,0
cubic_300.txt,8,2.088000059,HHO,271.000000000,264.000000000,5,0
cubic_300.txt,8,2.528000116,ACO,269.000000000,264.000000000,5,0
cubic_300.txt,8,3.275000095,HHO,270.000000000,264.000000000,5,0
cubic_300.txt,8,3.410000086,ACO,276.000000000,264.000000000,5,0
cubic_300.txt,8,4.278000116,ACO,275.000000000,264.000000000,5,0
cubic_300.txt,8,4.573000193,HHO,266.000000000,264.000000000,5,0
cubic_300.txt,8,5.111000061,ACO,265.000000000,264.000000000,5,0
cubic_300.txt,8,6.038000107,HHO,268.000000000,264.000000000,5,0
cubic_300.txt,8,6.048000097,ACO,267.000000000,264.000000000,5,0
cubic_300.txt,8,8.569000006,ACO,255.000000000,255.000000000,5,1
cubic_300.txt,8,9.394000053,ACO,259.000000000,255.000000000,5,0
cubic_300.txt,8,10.032999992,HHO,261.000000000,255.000000000,5,0
cubic_300.txt,9,0.001999855,RVNS,340.000000000,340.000000000,1,1
cubic_300.txt,9,0.002999783,Tabu Search,334.000000000,334.000000000,2,1
cubic_300.txt,9,0.002999783,RVNS,338.000000000,334.000000000,3,0
cubic_300.txt,9,0.003999949,Tabu Search,333.000000000,333.000000000,4,1
cubic_300.txt,9,0.003999949,RVNS,339.000000000,333.000000000,5,0
cubic_300.txt,9,0.004999876,Tabu Search,335.000000000,333.000000000,5,0
cubic_300.txt,9,0.005999804,Tabu Search,336.000000000,333.000000000,5,0
cubic_300.txt,9,0.007999897,Tabu Search,332.000000000,332.000000000,5,1
cubic_300.txt,9,0.821999788,ACO,314.000000000,314.000000000,5,1
cubic_300.txt,9,0.891999960,HHO,266.000000000,266.000000000,5,1
cubic_300.txt,9,1.507999897,ACO,312.000000000,266.000000000,5,0
cubic_300.txt,9,2.521999836,ACO,271.000000000,266.000000000,5,0
cubic_300.txt,9,3.621999979,HHO,277.000000000,266.000000000,5,0
cubic_300.txt,9,4.034999847,ACO,263.000000000,263.000000000,5,1
cubic_300.txt,9,5.526999950,ACO,270.000000000,263.000000000,5,0
cubic_300.txt,9,7.044999838,ACO,272.000000000,263.000000000,5,0
cubic_300.txt,9,8.092000008,HHO,267.000000000,263.000000000,5,0
cubic_300.txt,9,8.212999821,ACO,265.000000000,263.000000000,5,0
cubic_300.txt,9,9.336999893,ACO,264.000000000,263.000000000,5,0
cubic_300.txt,10,0.003000021,RVNS,351.000000000,351.000000000,1,1
cubic_300.txt,10,0.003000021,Tabu Search,346.000000000,346.000000000,2,1
cubic_300.txt,10,0.005000114,Tabu Search,345.000000000,345.000000000,3,1
cubic_300.txt,10,0.005000114,RVNS,350.000000000,345.000000000,4,0
cubic_300.txt,10,0.006999969,Tabu Search,344.000000000,344.000000000,5,1
cubic_300.txt,10,0.008000135,RVNS,347.000000000,344.000000000,5,0
cubic_300.txt,10,0.013000011,RVNS,348.000000000,344.000000000,5,0
cubic_300.txt,10,0.036999941,Tabu Search,343.000000000,343.000000000,5,1
cubic_300.txt,10,0.851999998,ACO,309.000000000,309.000000000,5,1
cubic_300.txt,10,0.907000065,HHO,271.000000000,271.000000000,5,1
cubic_300.txt,10,1.584000111,ACO,307.000000000,271.000000000,5,0
cubic_300.txt,10,1.839999914,HHO,270.000000000,270.000000000,5,1
cubic_300.txt,10,2.331000090,ACO,305.000000000,270.000000000,5,0
cubic_300.txt,10,2.881999969,HHO,263.000000000,263.000000000,5,1
cubic_300.txt,10,3.181999922,ACO,268.000000000,263.000000000,5,0
cubic_300.txt,10,4.194999933,ACO,275.000000000,263.000000000,5,0
cubic_300.txt,10,6.825999975,ACO,267.000000000,263.000000000,5,0
cubic_300.txt,10,12.759000063,ACO,262.000000000,262.000000000,5,1
cubic_300.txt,10,14.963000059,HHO,256.000000000,256.000000000,5,1
cubic_3000.txt,1,0.016000032,Tabu Search,3333.000000000,3333.000000000,1,1
cubic_3000.txt,1,0.016000032,RVNS,3370.000000000,3333.000000000,2,0
cubic_3000.txt,1,0.026000023,Tabu Search,3331.000000000,3331.000000000,3,1
cubic_3000.txt,1,0.027000189,RVNS,3334.000000000,3331.000000000,4,0
cubic_3000.txt,1,0.041000128,RVNS,3336.000000000,3331.000000000,5,0
cubic_3000.txt,1,0.041000128,Tabu Search,3329.000000000,3329.000000000,5,1
cubic_3000.txt,1,0.062000036,Tabu Search,3335.000000000,3329.000000000,5,0
cubic_3000.txt,1,0.077000141,Tabu Search,3332.000000000,3329.000000000,5,0
cubic_3000.txt,1,0.078000069,RVNS,3327.000000000,3327.000000000,5,1
cubic_3000.txt,1,0.091000080,RVNS,3330.000000000,3327.000000000,5,0
cubic_3000.txt,1,0.239000082,Tabu Search,3325.000000000,3325.000000000,5,1
cubic_3000.txt,1,0.254000187,RVNS,3328.000000000,3325.000000000,5,0
cubic_3000.txt,1,0.322000027,Tabu Search,3326.000000000,3325.000000000,5,0
cubic_3000.txt,1,0.594000101,Tabu Search,3324.000000000,3324.000000000,5,1
cubic_3000.txt,1,2.536000013,ACO,3240.000000000,3240.000000000,5,1
cubic_3000.txt,1,4.086000204,ACO,3246.000000000,3240.000000000,5,0
cubic_3000.txt,1,5.560000181,ACO,3228.000000000,3228.000000000,5,1
cubic_3000.txt,1,7.558000088,ACO,3232.000000000,3228.000000000,5,0
cubic_3000.txt,1,9.623000145,ACO,3198.000000000,3198.000000000,5,1
cubic_3000.txt,1,11.561000109,HHO,2664.000000000,2664.000000000,5,1
cubic_3000.txt,1,11.888000011,ACO,3204.000000000,2664.000000000,5,0
cubic_3000.txt,1,14.022000074,ACO,3199.000000000,2664.000000000,5,0
cubic_3000.txt,1,15.492000103,ACO,3190.000000000,2664.000000000,5,0
cubic_3000.txt,1,16.613000154,ACO,3179.000000000,2664.000000000,5,0
cubic_3000.txt,1,17.868000031,ACO,3181.000000000,2664.000000000,5,0
cubic_3000.txt,1,19.337000132,ACO,3174.000000000,2664.000000000,5,0
cubic_3000.txt,1,21.287000179,ACO,3166.000000000,2664.000000000,5,0
cubic_3000.txt,1,22.133000135,HHO,2649.000000000,2649.000000000,5,1
cubic_3000.txt,1,23.475000143,ACO,3167.000000000,2649.000000000,5,0
cubic_3000.txt,1,25.203999996,ACO,2678.000000000,2649.000000000,5,0
cubic_3000.txt,1,26.861999989,ACO,2653.000000000,2649.000000000,5,0
cubic_3000.txt,1,28.537000179,ACO,2670.000000000,2649.000000000,5,0
cubic_3000.txt,1,30.073000193,ACO,2667.000000000,2649.000000000,5,0
cubic_3000.txt,1,33.442000151,ACO,2660.000000000,2649.000000000,5,0
cubic_3000.txt,1,33.460000038,HHO,2662.000000000,2649.000000000,5,0
cubic_3000.txt,1,35.118000031,ACO,2663.000000000,2649.000000000,5,0
cubic_3000.txt,1,50.618000031,ACO,2648.000000000,2648.000000000,5,1
cubic_3000.txt,1,56.884999990,ACO,2657.000000000,2648.000000000,5,0
cubic_3000.txt,1,59.368000031,ACO,2655.000000000,2648.000000000,5,0
cubic_3000.txt,1,62.350000143,ACO,2640.000000000,2640.000000000,5,1
cubic_3000.txt,1,70.390000105,ACO,2636.000000000,2636.000000000,5,1
cubic_3000.txt,1,72.379000187,ACO,2639.000000000,2636.000000000,5,0
cubic_3000.txt,1,84.190999985,ACO,2643.000000000,2636.000000000,5,0
cubic_3000.txt,1,108.403000116,ACO,2632.000000000,2632.000000000,5,1
cubic_3000.txt,2,0.006000042,RVNS,3296.000000000,3296.000000000,1,1
cubic_3000.txt,2,0.007000208,Tabu Search,3357.000000000,3296.000000000,2,0
cubic_3000.txt,2,0.009000063,RVNS,3297.000000000,3296.000000000,3,0
cubic_3000.txt,2,0.012000084,Tabu Search,3293.000000000,3293.000000000,4,1
cubic_3000.txt,2,0.012000084,RVNS,3295.000000000,3293.000000000,5,0
cubic_3000.txt,2,0.017000198,Tabu Search,3299.000000000,3293.000000000,5,0
cubic_3000.txt,2,0.034000158,Tabu Search,3291.000000000,3291.000000000,5,1
cubic_3000.txt,2,0.042999983,RVNS,3292.000000000,3291.000000000,5,0
cubic_3000.txt,2,0.054000139,Tabu Search,3290.000000000,3290.000000000,5,1
cubic_3000.txt,2,0.071000099,RVNS,3294.000000000,3290.000000000,5,0
cubic_3000.txt,2,0.282000065,RVNS,3289.000000000,3289.000000000,5,1
cubic_3000.txt,2,2.050000191,ACO,3257.000000000,3257.000000000,5,1
cubic_3000.txt,2,4.889000177,ACO,3241.000000000,3241.000000000,5,1
cubic_3000.txt,2,6.310000181,ACO,3222.000000000,3222.000000000,5,1
cubic_3000.txt,2,7.711000204,ACO,3227.000000000,3222.000000000,5,0
cubic_3000.txt,2,9.124000072,HHO,2645.000000000,2645.000000000,5,1
cubic_3000.txt,2,9.308000088,ACO,3219.000000000,2645.000000000,5,0
cubic_3000.txt,2,10.768000126,ACO,3215.000000000,2645.000000000,5,0
cubic_3000.txt,2,12.258000135,ACO,3190.000000000,2645.000000000,5,0
cubic_3000.txt,2,13.679000139,ACO,3183.000000000,2645.000000000,5,0
cubic_3000.txt,2,15.340000153,ACO,3187.000000000,2645.000000000,5,0
cubic_3000.txt,2,16.925000191,ACO,3186.000000000,2645.000000000,5,0
cubic_3000.txt,2,18.302999973,HHO,2641.000000000,2641.000000000,5,1
cubic_3000.txt,2,18.357000113,ACO,3175.000000000,2641.000000000,5,0
cubic_3000.txt,2,19.797000170,ACO,3180.000000000,2641.000000000,5,0
cubic_3000.txt,2,22.685000181,ACO,2665.000000000,2641.000000000,5,0
cubic_3000.txt,2,24.150000095,ACO,2658.000000000,2641.000000000,5,0
cubic_3000.txt,2,25.717000008,ACO,2656.000000000,2641.000000000,5,0
cubic_3000.txt,2,27.308000088,ACO,2646.000000000,2641.000000000,5,0
cubic_3000.txt,2,27.851999998,HHO,2649.000000000,2641.000000000,5,0
cubic_3000.txt,2,28.601999998,ACO,2651.000000000,2641.000000000,5,0
cubic_3000.txt,2,31.907000065,ACO,2636.000000000,2636.000000000,5,1
cubic_3000.txt,2,48.815000057,HHO,2644.000000000,2636.000000000,5,0
cubic_3000.txt,2,54.055999994,ACO,2640.000000000,2636.000000000,5,0
cubic_3000.txt,2,56.516000032,ACO,2643.000000000,2636.000000000,5,0
cubic_3000.txt,2,57.733000040,ACO,2634.000000000,2634.000000000,5,1
cubic_3000.txt,2,58.715000153,HHO,2642.000000000,2634.000000000,5,0
cubic_3000.txt,2,60.032000065,ACO,2619.000000000,2619.000000000,5,1
cubic_3000.txt,2,61.680000067,ACO,2637.000000000,2619.000000000,5,0
cubic_3000.txt,2,67.822000027,ACO,2622.000000000,2619.000000000,5,0
cubic_3000.txt,2,78.156000137,ACO,2618.000000000,2618.000000000,5,1
cubic_3000.txt,3,0.005000114,Tabu Search,3333.000000000,3333.000000000,1,1
cubic_3000.txt,3,0.008000135,RVNS,3305.000000000,3305.000000000,2,1
cubic_3000.txt,3,0.009999990,Tabu Search,3336.000000000,3305.000000000,3,0
cubic_3000.txt,3,0.012000084,RVNS,3334.000000000,3305.000000000,4,0
cubic_3000.txt,3,0.016000032,Tabu Search,3306.000000000,3305.000000000,5,0
cubic_3000.txt,3,0.019999981,Tabu Search,3301.000000000,3301.000000000,5,1
cubic_3000.txt,3,0.025000095,Tabu Search,3309.000000000,3301.000000000,5,0
cubic_3000.txt,3,0.026000023,RVNS,3328.000000000,3301.000000000,5,0
cubic_3000.txt,3,0.029000044,Tabu Search,3304.000000000,3301.000000000,5,0
cubic_3000.txt,3,0.032000065,RVNS,3303.000000000,3301.000000000,5,0
cubic_3000.txt,3,0.039999962,RVNS,3300.000000000,3300.000000000,5,1
cubic_3000.txt,3,0.049000025,Tabu Search,3302.000000000,3300.000000000,5,0
cubic_3000.txt,3,0.054000139,Tabu Search,3295.000000000,3295.000000000,5,1
cubic_3000.txt,3,0.062000036,Tabu Search,3299.000000000,3295.000000000,5,0
cubic_3000.txt,3,0.123000145,Tabu Search,3297.000000000,3295.000000000,5,0
cubic_3000.txt,3,0.128999949,RVNS,3298.000000000,3295.000000000,5,0
cubic_3000.txt,3,0.256999969,Tabu Search,3296.000000000,3295.000000000,5,0
cubic_3000.txt,3,1.490000010,ACO,3252.000000000,3252.000000000,5,1
cubic_3000.txt,3,2.454999924,ACO,3250.000000000,3250.000000000,5,1
cubic_3000.txt,3,3.579999924,ACO,3232.000000000,3232.000000000,5,1
cubic_3000.txt,3,4.860000134,ACO,3231.000000000,3231.000000000,5,1
cubic_3000.txt,3,6.079999924,ACO,3229.000000000,3229.000000000,5,1
cubic_3000.txt,3,7.008000135,HHO,2680.000000000,2680.000000000,5,1
cubic_3000.txt,3,7.338000059,ACO,3220.000000000,2680.000000000,5,0
cubic_3000.txt,3,8.485000134,ACO,2660.000000000,2660.000000000,5,1
cubic_3000.txt,3,9.815000057,ACO,2663.000000000,2660.000000000,5,0
cubic_3000.txt,3,11.114000082,ACO,2677.000000000,2660.000000000,5,0
cubic_3000.txt,3,12.328999996,ACO,2649.000000000,2649.000000000,5,1
cubic_3000.txt,3,13.466000080,ACO,2675.000000000,2649.000000000,5,0
cubic_3000.txt,3,14.706000090,ACO,2653.000000000,2649.000000000,5,0
cubic_3000.txt,3,18.296999931,ACO,2671.000000000,2649.000000000,5,0
cubic_3000.txt,3,19.572999954,ACO,2641.000000000,2641.000000000,5,1
cubic_3000.txt,3,21.351999998,ACO,2651.000000000,2641.000000000,5,0
cubic_3000.txt,3,23.970999956,ACO,2648.000000000,2641.000000000,5,0
cubic_3000.txt,3,25.532000065,ACO,2646.000000000,2641.000000000,5,0
cubic_3000.txt,3,32.957000017,ACO,2634.000000000,2634.000000000,5,1
cubic_3000.txt,3,43.345999956,ACO,2637.000000000,2634.000000000,5,0
cubic_3000.txt,4,0.009000063,Tabu Search,3368.000000000,3368.000000000,1,1
cubic_3000.txt,4,0.009000063,RVNS,3401.000000000,3368.000000000,2,0
cubic_3000.txt,4,0.015000105,RVNS,3365.000000000,3365.000000000,3,1
cubic_3000.txt,4,0.015000105,Tabu Search,3373.000000000,3365.000000000,4,0
cubic_3000.txt,4,0.026000023,Tabu Search,3372.000000000,3365.000000000,5,0
cubic_3000.txt,4,0.026000023,RVNS,3366.000000000,3365.000000000,5,0
cubic_3000.txt,4,0.032999992,Tabu Search,3367.000000000,3365.000000000,5,0
cubic_3000.txt,4,0.032999992,RVNS,3359.000000000,3359.000000000,5,1
cubic_3000.txt,4,0.055000067,RVNS,3363.000000000,3359.000000000,5,0
cubic_3000.txt,4,0.081000090,RVNS,3362.000000000,3359.000000000,5,0
cubic_3000.txt,4,0.117000103,RVNS,3364.000000000,3359.000000000,5,0
cubic_3000.txt,4,0.203999996,Tabu Search,3358.000000000,3358.000000000,5,1
cubic_3000.txt,4,1.879000187,ACO,3240.000000000,3240.000000000,5,1
cubic_3000.txt,4,2.940000057,ACO,3242.000000000,3240.000000000,5,0
cubic_3000.txt,4,4.284000158,ACO,3230.000000000,3230.000000000,5,1
cubic_3000.txt,4,6.712000132,ACO,3210.000000000,3210.000000000,5,1
cubic_3000.txt,4,7.863000154,HHO,2636.000000000,2636.000000000,5,1
cubic_3000.txt,4,8.022000074,ACO,3217.000000000,2636.000000000,5,0
cubic_3000.txt,4,9.338999987,ACO,3198.000000000,2636.000000000,5,0
cubic_3000.txt,4,10.574000120,ACO,3186.000000000,2636.000000000,5,0
cubic_3000.txt,4,11.777000189,ACO,3190.000000000,2636.000000000,5,0
cubic_3000.txt,4,13.176000118,ACO,3187.000000000,2636.000000000,5,0
cubic_3000.txt,4,14.662000179,ACO,3162.000000000,2636.000000000,5,0
cubic_3000.txt,4,16.541000128,ACO,2635.000000000,2635.000000000,5,1
cubic_3000.txt,4,16.769000053,HHO,2650.000000000,2635.000000000,5,0
cubic_3000.txt,4,20.449000120,ACO,2638.000000000,2635.000000000,5,0
cubic_3000.txt,4,22.698000193,ACO,2659.000000000,2635.000000000,5,0
cubic_3000.txt,4,29.203999996,ACO,2642.000000000,2635.000000000,5,0
cubic_3000.txt,4,32.094000101,ACO,2649.000000000,2635.000000000,5,0
cubic_3000.txt,4,35.266000032,HHO,2644.000000000,2635.000000000,5,0
cubic_3000.txt,4,42.501000166,ACO,2637.000000000,2635.000000000,5,0
cubic_3000.txt,4,67.279999971,ACO,2641.000000000,2635.000000000,5,0
cubic_3000.txt,4,83.437999964,ACO,2640.000000000,2635.000000000,5,0
cubic_3000.txt,5,0.005999804,RVNS,3345.000000000,3345.000000000,1,1
cubic_3000.txt,5,0.005999804,Tabu Search,3306.000000000,3306.000000000,2,1
cubic_3000.txt,5,0.009999990,Tabu Search,3312.000000000,3306.000000000,3,0
cubic_3000.txt,5,0.009999990,RVNS,3342.000000000,3306.000000000,4,0
cubic_3000.txt,5,0.014999866,Tabu Search,3308.000000000,3306.000000000,5,0
cubic_3000.txt,5,0.016000032,RVNS,3317.000000000,3306.000000000,5,0
cubic_3000.txt,5,0.016999960,Tabu Search,3309.000000000,3306.000000000,5,0
cubic_3000.txt,5,0.019999981,Tabu Search,3307.000000000,3306.000000000,5,0
cubic_3000.txt,5,0.024999857,RVNS,3305.000000000,3305.000000000,5,1
cubic_3000.txt,5,0.056999922,RVNS,3304.000000000,3304.000000000,5,1
cubic_3000.txt,5,0.079999924,RVNS,3303.000000000,3303.000000000,5,1
cubic_3000.txt,5,0.119999886,RVNS,3298.000000000,3298.000000000,5,1
cubic_3000.txt,5,0.122999907,RVNS,3299.000000000,3298.000000000,5,0
cubic_3000.txt,5,0.227999926,RVNS,3302.000000000,3298.000000000,5,0
cubic_3000.txt,5,1.358999968,ACO,3262.000000000,3262.000000000,5,1
cubic_3000.txt,5,2.642999887,ACO,3241.000000000,3241.000000000,5,1
cubic_3000.txt,5,4.532999992,ACO,3226.000000000,3226.000000000,5,1
cubic_3000.txt,5,6.282999992,ACO,3210.000000000,3210.000000000,5,1
cubic_3000.txt,5,9.211999893,ACO,3212.000000000,3210.000000000,5,0
cubic_3000.txt,5,10.642999887,ACO,3194.000000000,3194.000000000,5,1
cubic_3000.txt,5,10.720000029,HHO,2704.000000000,2704.000000000,5,1
cubic_3000.txt,5,12.077999830,ACO,3192.000000000,2704.000000000,5,0
cubic_3000.txt,5,13.507999897,ACO,2680.000000000,2680.000000000,5,1
cubic_3000.txt,5,14.589999914,ACO,2669.000000000,2669.000000000,5,1
cubic_3000.txt,5,15.898000002,ACO,2705.000000000,2669.000000000,5,0
cubic_3000.txt,5,17.822999954,ACO,2667.000000000,2667.000000000,5,1
cubic_3000.txt,5,19.299999952,ACO,2688.000000000,2667.000000000,5,0
cubic_3000.txt,5,20.070999861,HHO,2694.000000000,2667.000000000,5,0
cubic_3000.txt,5,23.426999807,ACO,2670.000000000,2667.000000000,5,0
cubic_3000.txt,5,24.786000013,ACO,2671.000000000,2667.000000000,5,0
cubic_3000.txt,5,25.876999855,ACO,2663.000000000,2663.000000000,5,1
cubic_3000.txt,5,32.657999992,ACO,2662.000000000,2662.000000000,5,1
cubic_3000.txt,5,41.703999996,ACO,2668.000000000,2662.000000000,5,0
cubic_3000.txt,5,42.747999907,ACO,2648.000000000,2648.000000000,5,1
cubic_3000.txt,5,66.078999996,ACO,2666.000000000,2648.000000000,5,0
cubic_3000.txt,5,75.822000027,HHO,2637.000000000,2637.000000000,5,1
cubic_3000.txt,6,0.010999918,Tabu Search,3345.000000000,3345.000000000,1,1
cubic_3000.txt,6,0.012000084,RVNS,3310.000000000,3310.000000000,2,1
cubic_3000.txt,6,0.018000126,Tabu Search,3350.000000000,3310.000000000,3,0
cubic_3000.txt,6,0.019000053,RVNS,3309.000000000,3309.000000000,4,1
cubic_3000.txt,6,0.023000002,RVNS,3311.000000000,3309.000000000,5,0
cubic_3000.txt,6,0.028000116,Tabu Search,3318.000000000,3309.000000000,5,0
cubic_3000.txt,6,0.035000086,Tabu Search,3315.000000000,3309.000000000,5,0
cubic_3000.txt,6,0.039999962,RVNS,3307.000000000,3307.000000000,5,1
cubic_3000.txt,6,0.046000004,RVNS,3308.000000000,3307.000000000,5,0
cubic_3000.txt,6,0.069999933,RVNS,3305.000000000,3305.000000000,5,1
cubic_3000.txt,6,1.305000067,ACO,3234.000000000,3234.000000000,5,1
cubic_3000.txt,6,2.194999933,ACO,3235.000000000,3234.000000000,5,0
cubic_3000.txt,6,3.147000074,ACO,3227.000000000,3227.000000000,5,1
cubic_3000.txt,6,4.226999998,ACO,3231.000000000,3227.000000000,5,0
cubic_3000.txt,6,5.454999924,ACO,3219.000000000,3219.000000000,5,1
cubic_3000.txt,6,7.016999960,HHO,2657.000000000,2657.000000000,5,1
cubic_3000.txt,6,7.137000084,ACO,3210.000000000,2657.000000000,5,0
cubic_3000.txt,6,8.381999969,ACO,3179.000000000,2657.000000000,5,0
cubic_3000.txt,6,9.620000124,ACO,3181.000000000,2657.000000000,5,0
cubic_3000.txt,6,10.815999985,ACO,3182.000000000,2657.000000000,5,0
cubic_3000.txt,6,11.900000095,ACO,3176.000000000,2657.000000000,5,0
cubic_3000.txt,6,14.065999985,ACO,3174.000000000,2657.000000000,5,0
cubic_3000.txt,6,14.569999933,HHO,2693.000000000,2657.000000000,5,0
cubic_3000.txt,6,15.187000036,ACO,3172.000000000,2657.000000000,5,0
cubic_3000.txt,6,16.209000111,ACO,3161.000000000,2657.000000000,5,0
cubic_3000.txt,6,17.351999998,ACO,3166.000000000,2657.000000000,5,0
cubic_3000.txt,6,18.621999979,ACO,2683.000000000,2657.000000000,5,0
cubic_3000.txt,6,19.819000006,ACO,2708.000000000,2657.000000000,5,0
cubic_3000.txt,6,21.430999994,ACO,2691.000000000,2657.000000000,5,0
cubic_3000.txt,6,23.134999990,HHO,2669.000000000,2657.000000000,5,0
cubic_3000.txt,6,27.018000126,ACO,2656.000000000,2656.000000000,5,1
cubic_3000.txt,6,28.233999968,ACO,2688.000000000,2656.000000000,5,0
cubic_3000.txt,6,29.329999924,ACO,2662.000000000,2656.000000000,5,0
cubic_3000.txt,6,36.763000011,ACO,2672.000000000,2656.000000000,5,0
cubic_3000.txt,6,41.407000065,ACO,2663.000000000,2656.000000000,5,0
cubic_3000.txt,6,47.809999943,ACO,2659.000000000,2656.000000000,5,0
cubic_3000.txt,6,51.651999950,ACO,2633.000000000,2633.000000000,5,1
cubic_3000.txt,6,57.141000032,ACO,2661.000000000,2633.000000000,5,0
cubic_3000.txt,6,59.443000078,ACO,2642.000000000,2633.000000000,5,0
cubic_3000.txt,6,64.173000097,ACO,2651.000000000,2633.000000000,5,0
cubic_3000.txt,6,70.342999935,ACO,2654.000000000,2633.000000000,5,0
cubic_3000.txt,7,0.005999804,Tabu Search,3350.000000000,3350.000000000,1,1
cubic_3000.txt,7,0.006999969,RVNS,3316.000000000,3316.000000000,2,1
cubic_3000.txt,7,0.010999918,Tabu Search,3319.000000000,3316.000000000,3,0
cubic_3000.txt,7,0.016000032,Tabu Search,3313.000000000,3313.000000000,4,1
cubic_3000.txt,7,0.017999887,RVNS,3318.000000000,3313.000000000,5,0
cubic_3000.txt,7,0.018999815,Tabu Search,3320.000000000,3313.000000000,5,0
cubic_3000.txt,7,0.023000002,Tabu Search,3312.000000000,3312.000000000,5,1
cubic_3000.txt,7,0.031999826,RVNS,3314.000000000,3312.000000000,5,0
cubic_3000.txt,7,0.036000013,RVNS,3317.000000000,3312.000000000,5,0
cubic_3000.txt,7,0.043999910,RVNS,3310.000000000,3310.000000000,5,1
cubic_3000.txt,7,0.049000025,RVNS,3315.000000000,3310.000000000,5,0
cubic_3000.txt,7,0.072000027,RVNS,3311.000000000,3310.000000000,5,0
cubic_3000.txt,7,0.093999863,RVNS,3309.000000000,3309.000000000,5,1
cubic_3000.txt,7,1.171999931,ACO,3254.000000000,3254.000000000,5,1
cubic_3000.txt,7,2.017999887,ACO,3237.000000000,3237.000000000,5,1
cubic_3000.txt,7,2.957999945,ACO,3235.000000000,3235.000000000,5,1
cubic_3000.txt,7,4.178999901,ACO,3215.000000000,3215.000000000,5,1
cubic_3000.txt,7,5.270999908,ACO,3216.000000000,3215.000000000,5,0
cubic_3000.txt,7,6.314999819,HHO,2684.000000000,2684.000000000,5,1
cubic_3000.txt,7,6.529999971,ACO,3207.000000000,2684.000000000,5,0
cubic_3000.txt,7,8.074999809,ACO,3205.000000000,2684.000000000,5,0
cubic_3000.txt,7,9.649999857,ACO,3199.000000000,2684.000000000,5,0
cubic_3000.txt,7,11.365999937,ACO,2671.000000000,2671.000000000,5,1
cubic_3000.txt,7,12.922999859,ACO,2676.000000000,2671.000000000,5,0
cubic_3000.txt,7,14.596999884,ACO,2686.000000000,2671.000000000,5,0
cubic_3000.txt,7,16.187999964,ACO,2659.000000000,2659.000000000,5,1
cubic_3000.txt,7,16.858999968,HHO,2660.000000000,2659.000000000,5,0
cubic_3000.txt,7,17.707999945,ACO,2669.000000000,2659.000000000,5,0
cubic_3000.txt,7,19.799000025,ACO,2658.000000000,2658.000000000,5,1
cubic_3000.txt,7,29.633999825,HHO,2639.000000000,2639.000000000,5,1
cubic_3000.txt,7,33.911000013,ACO,2668.000000000,2639.000000000,5,0
cubic_3000.txt,7,45.788999796,ACO,2665.000000000,2639.000000000,5,0
cubic_3000.txt,7,50.744999886,ACO,2653.000000000,2639.000000000,5,0
cubic_3000.txt,7,54.225999832,ACO,2652.000000000,2639.000000000,5,0
cubic_3000.txt,7,55.807999849,ACO,2650.000000000,2639.000000000,5,0
cubic_3000.txt,7,71.634999990,HHO,2643.000000000,2639.000000000,5,0
cubic_3000.txt,8,0.008999825,Tabu Search,3373.000000000,3373.000000000,1,1
cubic_3000.txt,8,0.008999825,RVNS,3431.000000000,3373.000000000,2,0
cubic_3000.txt,8,0.013999939,Tabu Search,3375.000000000,3373.000000000,3,0
cubic_3000.txt,8,0.013999939,RVNS,3374.000000000,3373.000000000,4,0
cubic_3000.txt,8,0.023000002,RVNS,3371.000000000,3371.000000000,5,1
cubic_3000.txt,8,0.031999826,Tabu Search,3370.000000000,3370.000000000,5,1
cubic_3000.txt,8,0.047999859,Tabu Search,3372.000000000,3370.000000000,5,0
cubic_3000.txt,8,0.062999964,Tabu Search,3369.000000000,3369.000000000,5,1
cubic_3000.txt,8,1.529999971,ACO,3259.000000000,3259.000000000,5,1
cubic_3000.txt,8,2.600999832,ACO,3242.000000000,3242.000000000,5,1
cubic_3000.txt,8,4.391999960,ACO,3235.000000000,3235.000000000,5,1
cubic_3000.txt,8,5.937999964,ACO,3222.000000000,3222.000000000,5,1
cubic_3000.txt,8,8.337999821,HHO,2686.000000000,2686.000000000,5,1
cubic_3000.txt,8,8.592999935,ACO,3209.000000000,2686.000000000,5,0
cubic_3000.txt,8,9.830999851,ACO,2678.000000000,2678.000000000,5,1
cubic_3000.txt,8,10.981999874,ACO,2675.000000000,2675.000000000,5,1
cubic_3000.txt,8,12.261999846,ACO,2696.000000000,2675.000000000,5,0
cubic_3000.txt,8,13.523999929,ACO,2672.000000000,2672.000000000,5,1
cubic_3000.txt,8,14.795999765,ACO,2684.000000000,2672.000000000,5,0
cubic_3000.txt,8,16.079999924,HHO,2677.000000000,2672.000000000,5,0
cubic_3000.txt,8,16.081999779,ACO,2673.000000000,2672.000000000,5,0
cubic_3000.txt,8,20.494999886,ACO,2655.000000000,2655.000000000,5,1
cubic_3000.txt,8,21.766999960,ACO,2642.000000000,2642.000000000,5,1
cubic_3000.txt,8,24.175999880,ACO,2652.000000000,2642.000000000,5,0
cubic_3000.txt,8,24.841999769,HHO,2671.000000000,2642.000000000,5,0
cubic_3000.txt,8,26.502999783,ACO,2654.000000000,2642.000000000,5,0
cubic_3000.txt,8,27.775999784,ACO,2648.000000000,2642.000000000,5,0
cubic_3000.txt,8,29.061999798,ACO,2644.000000000,2642.000000000,5,0
cubic_3000.txt,8,55.135999918,ACO,2641.000000000,2641.000000000,5,1
cubic_3000.txt,8,61.046999931,ACO,2635.000000000,2635.000000000,5,1
cubic_3000.txt,9,0.005999804,RVNS,3373.000000000,3373.000000000,1,1
cubic_3000.txt,9,0.007999897,Tabu Search,3310.000000000,3310.000000000,2,1
cubic_3000.txt,9,0.010999918,RVNS,3372.000000000,3310.000000000,3,0
cubic_3000.txt,9,0.014999866,RVNS,3363.000000000,3310.000000000,4,0
cubic_3000.txt,9,0.014999866,Tabu Search,3311.000000000,3310.000000000,5,0
cubic_3000.txt,9,0.019999981,RVNS,3313.000000000,3310.000000000,5,0
cubic_3000.txt,9,0.021999836,Tabu Search,3314.000000000,3310.000000000,5,0
cubic_3000.txt,9,0.031999826,Tabu Search,3306.000000000,3306.000000000,5,1
cubic_3000.txt,9,0.041999817,Tabu Search,3312.000000000,3306.000000000,5,0
cubic_3000.txt,9,0.046000004,RVNS,3309.000000000,3306.000000000,5,0
cubic_3000.txt,9,0.046999931,Tabu Search,3305.000000000,3305.000000000,5,1
cubic_3000.txt,9,0.053999901,Tabu Search,3304.000000000,3304.000000000,5,1
cubic_3000.txt,9,0.080999851,RVNS,3308.000000000,3304.000000000,5,0
cubic_3000.txt,9,0.132999897,Tabu Search,3307.000000000,3304.000000000,5,0
cubic_3000.txt,9,0.205999851,Tabu Search,3300.000000000,3300.000000000,5,1
cubic_3000.txt,9,1.462999821,ACO,3269.000000000,3269.000000000,5,1
cubic_3000.txt,9,3.033999920,ACO,3239.000000000,3239.000000000,5,1
cubic_3000.txt,9,4.468999863,ACO,3236.000000000,3236.000000000,5,1
cubic_3000.txt,9,5.637999773,ACO,3221.000000000,3221.000000000,5,1
cubic_3000.txt,9,6.739999771,ACO,3217.000000000,3217.000000000,5,1
cubic_3000.txt,9,7.392999887,HHO,2688.000000000,2688.000000000,5,1
cubic_3000.txt,9,9.051999807,ACO,3206.000000000,2688.000000000,5,0
cubic_3000.txt,9,10.185999870,ACO,3203.000000000,2688.000000000,5,0
cubic_3000.txt,9,11.367999792,ACO,3196.000000000,2688.000000000,5,0
cubic_3000.txt,9,12.792999983,ACO,3186.000000000,2688.000000000,5,0
cubic_3000.txt,9,14.162999868,ACO,2668.000000000,2668.000000000,5,1
cubic_3000.txt,9,15.088999987,HHO,2702.000000000,2668.000000000,5,0
cubic_3000.txt,9,15.278999805,ACO,2659.000000000,2659.000000000,5,1
cubic_3000.txt,9,16.370999813,ACO,2684.000000000,2659.000000000,5,0
cubic_3000.txt,9,18.102999926,ACO,2686.000000000,2659.000000000,5,0
cubic_3000.txt,9,19.504999876,ACO,2674.000000000,2659.000000000,5,0
cubic_3000.txt,9,20.888999939,ACO,2662.000000000,2659.000000000,5,0
cubic_3000.txt,9,22.110999823,ACO,2683.000000000,2659.000000000,5,0
cubic_3000.txt,9,24.220999956,HHO,2660.000000000,2659.000000000,5,0
cubic_3000.txt,9,27.353999853,ACO,2671.000000000,2659.000000000,5,0
cubic_3000.txt,9,30.048999786,ACO,2653.000000000,2653.000000000,5,1
cubic_3000.txt,9,31.215999842,ACO,2666.000000000,2653.000000000,5,0
cubic_3000.txt,9,32.387999773,ACO,2651.000000000,2651.000000000,5,1
cubic_3000.txt,9,40.592999935,ACO,2657.000000000,2651.000000000,5,0
cubic_3000.txt,9,52.998999834,HHO,2658.000000000,2651.000000000,5,0
cubic_3000.txt,9,68.737999916,ACO,2656.000000000,2651.000000000,5,0
cubic_3000.txt,10,0.009000063,Tabu Search,3353.000000000,3353.000000000,1,1
cubic_3000.txt,10,0.012000084,RVNS,3363.000000000,3353.000000000,2,0
cubic_3000.txt,10,0.013000011,Tabu Search,3350.000000000,3350.000000000,3,1
cubic_3000.txt,10,0.019000053,Tabu Search,3355.000000000,3350.000000000,4,0
cubic_3000.txt,10,0.022000074,RVNS,3356.000000000,3350.000000000,5,0
cubic_3000.txt,10,0.023999929,Tabu Search,3361.000000000,3350.000000000,5,0
cubic_3000.txt,10,0.026999950,RVNS,3351.000000000,3350.000000000,5,0
cubic_3000.txt,10,0.036999941,RVNS,3354.000000000,3350.000000000,5,0
cubic_3000.txt,10,0.059000015,Tabu Search,3348.000000000,3348.000000000,5,1
cubic_3000.txt,10,0.082999945,Tabu Search,3352.000000000,3348.000000000,5,0
cubic_3000.txt,10,0.157000065,RVNS,3346.000000000,3346.000000000,5,1
cubic_3000.txt,10,0.178999901,RVNS,3347.000000000,3346.000000000,5,0
cubic_3000.txt,10,0.204999924,RVNS,3345.000000000,3345.000000000,5,1
cubic_3000.txt,10,1.377000093,ACO,3259.000000000,3259.000000000,5,1
cubic_3000.txt,10,2.410000086,ACO,3238.000000000,3238.000000000,5,1
cubic_3000.txt,10,3.470000029,ACO,3244.000000000,3238.000000000,5,0
cubic_3000.txt,10,4.997999907,ACO,3231.000000000,3231.000000000,5,1
cubic_3000.txt,10,6.243000031,ACO,3221.000000000,3221.000000000,5,1
cubic_3000.txt,10,7.180999994,HHO,2676.000000000,2676.000000000,5,1
cubic_3000.txt,10,7.441999912,ACO,3218.000000000,2676.000000000,5,0
cubic_3000.txt,10,8.551000118,ACO,3188.000000000,2676.000000000,5,0
cubic_3000.txt,10,9.756999969,ACO,3185.000000000,2676.000000000,5,0
cubic_3000.txt,10,10.842999935,ACO,3183.000000000,2676.000000000,5,0
cubic_3000.txt,10,12.161999941,ACO,2687.000000000,2676.000000000,5,0
cubic_3000.txt,10,13.385999918,ACO,2680.000000000,2676.000000000,5,0
cubic_3000.txt,10,14.756000042,ACO,2690.000000000,2676.000000000,5,0
cubic_3000.txt,10,14.852999926,HHO,2678.000000000,2676.000000000,5,0
cubic_3000.txt,10,16.144999981,ACO,2669.000000000,2669.000000000,5,1
cubic_3000.txt,10,17.286000013,ACO,2681.000000000,2669.000000000,5,0
cubic_3000.txt,10,18.602999926,ACO,2661.000000000,2661.000000000,5,1
cubic_3000.txt,10,27.722000122,ACO,2662.000000000,2661.000000000,5,0
cubic_3000.txt,10,32.592999935,ACO,2659.000000000,2659.000000000,5,1
cubic_3000.txt,10,32.949000120,HHO,2675.000000000,2659.000000000,5,0
cubic_3000.txt,10,33.936000109,ACO,2658.000000000,2658.000000000,5,1
cubic_3000.txt,10,35.446000099,ACO,2647.000000000,2647.000000000,5,1
cubic_3000.txt,10,40.532000065,ACO,2652.000000000,2647.000000000,5,0
cubic_3000.txt,10,42.992000103,ACO,2656.000000000,2647.000000000,5,0
cubic_3000.txt,10,52.255000114,ACO,2653.000000000,2647.000000000,5,0
cubic_3000.txt,10,59.743000031,ACO,2648.000000000,2647.000000000,5,0
cubic_3000.txt,10,66.030999899,ACO,2645.000000000,2645.000000000,5,1
cubic_3000.txt,10,72.378999949,ACO,2651.000000000,2645.000000000,5,0
cubic_3000.txt,10,74.762000084,ACO,2649.000000000,2645.000000000,5,0
cubic_400.txt,1,0.003000021,Tabu Search,447.000000000,447.000000000,1,1
cubic_400.txt,1,0.003000021,RVNS,449.000000000,447.000000000,2,0
cubic_400.txt,1,0.003999949,Tabu Search,448.000000000,447.000000000,3,0
cubic_400.txt,1,0.006000042,RVNS,451.000000000,447.000000000,4,0
cubic_400.txt,1,0.007999897,Tabu Search,450.000000000,447.000000000,5,0
cubic_400.txt,1,0.017999887,RVNS,446.000000000,446.000000000,5,1
cubic_400.txt,1,0.036000013,RVNS,445.000000000,445.000000000,5,1
cubic_400.txt,1,0.779999971,ACO,420.000000000,420.000000000,5,1
cubic_400.txt,1,0.993000031,HHO,360.000000000,360.000000000,5,1
cubic_400.txt,1,1.422999859,ACO,417.000000000,360.000000000,5,0
cubic_400.txt,1,1.961999893,HHO,369.000000000,360.000000000,5,0
cubic_400.txt,1,2.041999817,ACO,414.000000000,360.000000000,5,0
cubic_400.txt,1,2.685999870,ACO,411.000000000,360.000000000,5,0
cubic_400.txt,1,3.155999899,HHO,358.000000000,358.000000000,5,1
cubic_400.txt,1,3.692999840,ACO,406.000000000,358.000000000,5,0
cubic_400.txt,1,4.829999924,ACO,365.000000000,358.000000000,5,0
cubic_400.txt,1,5.251999855,HHO,346.000000000,346.000000000,5,1
cubic_400.txt,1,6.872999907,ACO,368.000000000,346.000000000,5,0
cubic_400.txt,1,7.072000027,HHO,352.000000000,346.000000000,5,0
cubic_400.txt,1,8.506999969,ACO,356.000000000,346.000000000,5,0
cubic_400.txt,1,10.099999905,ACO,351.000000000,346.000000000,5,0
cubic_400.txt,1,10.248999834,HHO,355.000000000,346.000000000,5,0
cubic_400.txt,1,12.099999905,HHO,353.000000000,346.000000000,5,0
cubic_400.txt,2,0.001999855,RVNS,455.000000000,455.000000000,1,1
cubic_400.txt,2,0.003000021,Tabu Search,446.000000000,446.000000000,2,1
cubic_400.txt,2,0.003999949,RVNS,445.000000000,445.000000000,3,1
cubic_400.txt,2,0.003999949,Tabu Search,442.000000000,442.000000000,4,1
cubic_400.txt,2,0.003999949,RVNS,456.000000000,442.000000000,5,0
cubic_400.txt,2,0.004999876,Tabu Search,447.000000000,442.000000000,5,0
cubic_400.txt,2,0.004999876,RVNS,443.000000000,442.000000000,5,0
cubic_400.txt,2,0.006999969,RVNS,444.000000000,442.000000000,5,0
cubic_400.txt,2,0.827999830,ACO,417.000000000,417.000000000,5,1
cubic_400.txt,2,1.070999861,HHO,358.000000000,358.000000000,5,1
cubic_400.txt,2,1.618000031,ACO,415.000000000,358.000000000,5,0
cubic_400.txt,2,2.235999823,HHO,355.000000000,355.000000000,5,1
cubic_400.txt,2,2.368000031,ACO,409.000000000,355.000000000,5,0
cubic_400.txt,2,3.220000029,ACO,407.000000000,355.000000000,5,0
cubic_400.txt,2,3.711999893,HHO,354.000000000,354.000000000,5,1
cubic_400.txt,2,4.289999962,ACO,403.000000000,354.000000000,5,0
cubic_400.txt,2,5.217000008,ACO,359.000000000,354.000000000,5,0
cubic_400.txt,2,6.217999935,ACO,365.000000000,354.000000000,5,0
cubic_400.txt,2,7.542999983,HHO,362.000000000,354.000000000,5,0
cubic_400.txt,2,8.672999859,ACO,361.000000000,354.000000000,5,0
cubic_400.txt,2,9.533999920,ACO,353.000000000,353.000000000,5,1
cubic_400.txt,2,10.337999821,ACO,357.000000000,353.000000000,5,0
cubic_400.txt,2,11.076999903,HHO,356.000000000,353.000000000,5,0
cubic_400.txt,2,12.792999983,ACO,350.000000000,350.000000000,5,1
cubic_400.txt,3,0.002000093,Tabu Search,444.000000000,444.000000000,1,1
cubic_400.txt,3,0.002000093,RVNS,449.000000000,444.000000000,2,0
cubic_400.txt,3,0.003000021,Tabu Search,443.000000000,443.000000000,3,1
cubic_400.txt,3,0.003999949,Tabu Search,445.000000000,443.000000000,4,0
cubic_400.txt,3,0.003999949,RVNS,446.000000000,443.000000000,5,0
cubic_400.txt,3,0.006000042,RVNS,447.000000000,443.000000000,5,0
cubic_400.txt,3,0.671999931,ACO,414.000000000,414.000000000,5,1
cubic_400.txt,3,0.994999886,HHO,358.000000000,358.000000000,5,1
cubic_400.txt,3,1.394000053,ACO,406.000000000,358.000000000,5,0
cubic_400.txt,3,2.046999931,ACO,408.000000000,358.000000000,5,0
cubic_400.txt,3,2.079999924,HHO,346.000000000,346.000000000,5,1
cubic_400.txt,3,3.339999914,HHO,343.000000000,343.000000000,5,1
cubic_400.txt,3,3.556999922,ACO,407.000000000,343.000000000,5,0
cubic_400.txt,3,4.921000004,HHO,355.000000000,343.000000000,5,0
cubic_400.txt,3,5.257999897,ACO,403.000000000,343.000000000,5,0
cubic_400.txt,3,6.148000002,ACO,400.000000000,343.000000000,5,0
cubic_400.txt,3,6.637000084,HHO,360.000000000,343.000000000,5,0
cubic_400.txt,3,7.006999969,ACO,359.000000000,343.000000000,5,0
cubic_400.txt,3,7.812999964,ACO,349.000000000,343.000000000,5,0
cubic_400.txt,3,8.642999887,ACO,353.000000000,343.000000000,5,0
cubic_400.txt,3,9.859999895,HHO,350.000000000,343.000000000,5,0
cubic_400.txt,4,0.003000021,Tabu Search,453.000000000,453.000000000,1,1
cubic_400.txt,4,0.003000021,RVNS,452.000000000,452.000000000,2,1
cubic_400.txt,4,0.006000042,RVNS,449.000000000,449.000000000,3,1
cubic_400.txt,4,0.006999969,Tabu Search,451.000000000,449.000000000,4,0
cubic_400.txt,4,0.009000063,Tabu Search,446.000000000,446.000000000,5,1
cubic_400.txt,4,0.010999918,Tabu Search,450.000000000,446.000000000,5,0
cubic_400.txt,4,0.016000032,RVNS,448.000000000,446.000000000,5,0
cubic_400.txt,4,0.039000034,Tabu Search,447.000000000,446.000000000,5,0
cubic_400.txt,4,0.875000000,ACO,415.000000000,415.000000000,5,1
cubic_400.txt,4,1.128000021,HHO,357.000000000,357.000000000,5,1
cubic_400.txt,4,1.549000025,ACO,417.000000000,357.000000000,5,0
cubic_400.txt,4,2.128999949,HHO,359.000000000,357.000000000,5,0
cubic_400.txt,4,2.185999870,ACO,409.000000000,357.000000000,5,0
cubic_400.txt,4,2.859999895,ACO,355.000000000,355.000000000,5,1
cubic_400.txt,4,4.588999987,ACO,354.000000000,354.000000000,5,1
cubic_400.txt,4,4.921999931,HHO,362.000000000,354.000000000,5,0
cubic_400.txt,4,5.440999985,ACO,358.000000000,354.000000000,5,0
cubic_400.txt,4,6.535000086,HHO,352.000000000,352.000000000,5,1
cubic_400.txt,4,7.065999985,ACO,353.000000000,352.000000000,5,0
cubic_400.txt,4,8.697999954,ACO,349.000000000,349.000000000,5,1
cubic_400.txt,4,10.957999945,ACO,350.000000000,349.000000000,5,0
cubic_400.txt,5,0.003000021,RVNS,436.000000000,436.000000000,1,1
cubic_400.txt,5,0.003000021,Tabu Search,444.000000000,436.000000000,2,0
cubic_400.txt,5,0.005000114,RVNS,446.000000000,436.000000000,3,0
cubic_400.txt,5,0.006000042,Tabu Search,437.000000000,436.000000000,4,0
cubic_400.txt,5,0.006999969,RVNS,443.000000000,436.000000000,5,0
cubic_400.txt,5,0.006999969,Tabu Search,434.000000000,434.000000000,5,1
cubic_400.txt,5,0.010999918,RVNS,435.000000000,434.000000000,5,0
cubic_400.txt,5,0.015000105,RVNS,433.000000000,433.000000000,5,1
cubic_400.txt,5,0.712000132,ACO,414.000000000,414.000000000,5,1
cubic_400.txt,5,1.016000032,HHO,353.000000000,353.000000000,5,1
cubic_400.txt,5,1.493000031,ACO,411.000000000,353.000000000,5,0
cubic_400.txt,5,2.164999962,ACO,363.000000000,353.000000000,5,0
cubic_400.txt,5,3.447000027,HHO,360.000000000,353.000000000,5,0
cubic_400.txt,5,3.674999952,ACO,352.000000000,352.000000000,5,1
cubic_400.txt,5,4.923000097,HHO,354.000000000,352.000000000,5,0
cubic_400.txt,5,5.805000067,ACO,355.000000000,352.000000000,5,0
cubic_400.txt,5,6.335000038,HHO,358.000000000,352.000000000,5,0
cubic_400.txt,5,6.466000080,ACO,357.000000000,352.000000000,5,0
cubic_400.txt,5,9.895999908,ACO,356.000000000,352.000000000,5,0
cubic_400.txt,6,0.052000046,RVNS,455.000000000,455.000000000,1,1
cubic_400.txt,6,0.052000046,Tabu Search,456.000000000,455.000000000,2,0
cubic_400.txt,6,0.055000067,RVNS,454.000000000,454.000000000,3,1
cubic_400.txt,6,0.056999922,Tabu Search,452.000000000,452.000000000,4,1
cubic_400.txt,6,0.056999922,RVNS,453.000000000,452.000000000,5,0
cubic_400.txt,6,2.050999880,ACO,420.000000000,420.000000000,5,1
cubic_400.txt,6,2.638000011,HHO,349.000000000,349.000000000,5,1
cubic_400.txt,6,3.874000072,ACO,418.000000000,349.000000000,5,0
cubic_400.txt,6,4.832000017,HHO,346.000000000,346.000000000,5,1
cubic_400.txt,6,4.996999979,ACO,404.000000000,346.000000000,5,0
cubic_400.txt,6,6.059000015,ACO,356.000000000,346.000000000,5,0
cubic_400.txt,6,6.522000074,HHO,348.000000000,346.000000000,5,0
cubic_400.txt,6,6.898000002,ACO,355.000000000,346.000000000,5,0
cubic_400.txt,6,7.680999994,ACO,352.000000000,346.000000000,5,0
cubic_400.txt,6,8.009999990,HHO,351.000000000,346.000000000,5,0
cubic_400.txt,6,8.415999889,ACO,347.000000000,346.000000000,5,0
cubic_400.txt,6,9.645999908,HHO,350.000000000,346.000000000,5,0
cubic_400.txt,6,12.944000006,ACO,344.000000000,344.000000000,5,1
cubic_400.txt,7,0.001999855,Tabu Search,447.000000000,447.000000000,1,1
cubic_400.txt,7,0.001999855,RVNS,454.000000000,447.000000000,2,0
cubic_400.txt,7,0.003000021,Tabu Search,450.000000000,447.000000000,3,0
cubic_400.txt,7,0.003000021,RVNS,448.000000000,447.000000000,4,0
cubic_400.txt,7,0.004999876,RVNS,455.000000000,447.000000000,5,0
cubic_400.txt,7,0.004999876,Tabu Search,449.000000000,447.000000000,5,0
cubic_400.txt,7,0.006000042,RVNS,451.000000000,447.000000000,5,0
cubic_400.txt,7,0.006000042,RVNS,446.000000000,446.000000000,5,1
cubic_400.txt,7,0.819000006,ACO,413.000000000,413.000000000,5,1
cubic_400.txt,7,1.099999905,HHO,366.000000000,366.000000000,5,1
cubic_400.txt,7,2.828000069,ACO,406.000000000,366.000000000,5,0
cubic_400.txt,7,2.848000050,HHO,358.000000000,358.000000000,5,1
cubic_400.txt,7,3.960000038,ACO,407.000000000,358.000000000,5,0
cubic_400.txt,7,4.608000040,HHO,360.000000000,358.000000000,5,0
cubic_400.txt,7,5.799000025,ACO,357.000000000,357.000000000,5,1
cubic_400.txt,7,6.326999903,HHO,369.000000000,357.000000000,5,0
cubic_400.txt,7,6.601000071,ACO,352.000000000,352.000000000,5,1
cubic_400.txt,7,7.996000051,HHO,355.000000000,352.000000000,5,0
cubic_400.txt,7,8.171999931,ACO,349.000000000,349.000000000,5,1
cubic_400.txt,7,11.172999859,HHO,347.000000000,347.000000000,5,1
cubic_400.txt,7,17.078000069,ACO,351.000000000,347.000000000,5,0
cubic_400.txt,7,18.694999933,HHO,353.000000000,347.000000000,5,0
cubic_400.txt,7,18.805000067,ACO,346.000000000,346.000000000,5,1
cubic_400.txt,8,0.009999990,Tabu Search,444.000000000,444.000000000,1,1
cubic_400.txt,8,0.010999918,RVNS,423.000000000,423.000000000,2,1
cubic_400.txt,8,0.013000011,RVNS,424.000000000,423.000000000,3,0
cubic_400.txt,8,0.013000011,Tabu Search,426.000000000,423.000000000,4,0
cubic_400.txt,8,0.015000105,RVNS,425.000000000,423.000000000,5,0
cubic_400.txt,8,0.016999960,RVNS,442.000000000,423.000000000,5,0
cubic_400.txt,8,1.427000046,ACO,416.000000000,416.000000000,5,1
cubic_400.txt,8,1.752000093,HHO,356.000000000,356.000000000,5,1
cubic_400.txt,8,2.200000048,ACO,409.000000000,356.000000000,5,0
cubic_400.txt,8,3.062000036,ACO,407.000000000,356.000000000,5,0
cubic_400.txt,8,4.936000109,HHO,348.000000000,348.000000000,5,1
cubic_400.txt,8,5.339999914,ACO,408.000000000,348.000000000,5,0
cubic_400.txt,8,7.463000059,ACO,360.000000000,348.000000000,5,0
cubic_400.txt,8,9.446000099,ACO,365.000000000,348.000000000,5,0
cubic_400.txt,8,11.174000025,ACO,351.000000000,348.000000000,5,0
cubic_400.txt,8,12.061000109,HHO,355.000000000,348.000000000,5,0
cubic_400.txt,8,12.875000000,ACO,350.000000000,348.000000000,5,0
cubic_400.txt,8,14.474999905,ACO,343.000000000,343.000000000,5,1
cubic_400.txt,8,15.960999966,ACO,353.000000000,343.000000000,5,0
cubic_400.txt,8,18.768000126,ACO,347.000000000,343.000000000,5,0
cubic_400.txt,9,0.005000114,Tabu Search,434.000000000,434.000000000,1,1
cubic_400.txt,9,0.005000114,RVNS,444.000000000,434.000000000,2,0
cubic_400.txt,9,0.007000208,Tabu Search,431.000000000,431.000000000,3,1
cubic_400.txt,9,0.007000208,RVNS,429.000000000,429.000000000,4,1
cubic_400.txt,9,0.009999990,Tabu Search,428.000000000,428.000000000,5,1
cubic_400.txt,9,0.012000084,Tabu Search,432.000000000,428.000000000,5,0
cubic_400.txt,9,0.013000011,RVNS,430.000000000,428.000000000,5,0
cubic_400.txt,9,0.028000116,RVNS,426.000000000,426.000000000,5,1
cubic_400.txt,9,0.028000116,Tabu Search,427.000000000,426.000000000,5,0
cubic_400.txt,9,0.749000072,ACO,417.000000000,417.000000000,5,1
cubic_400.txt,9,0.972000122,HHO,364.000000000,364.000000000,5,1
cubic_400.txt,9,1.389000177,ACO,413.000000000,364.000000000,5,0
cubic_400.txt,9,2.016000032,HHO,361.000000000,361.000000000,5,1
cubic_400.txt,9,2.052000046,ACO,365.000000000,361.000000000,5,0
cubic_400.txt,9,2.823000193,ACO,360.000000000,360.000000000,5,1
cubic_400.txt,9,3.446000099,HHO,338.000000000,338.000000000,5,1
cubic_400.txt,9,3.726000071,ACO,359.000000000,338.000000000,5,0
cubic_400.txt,9,4.632000208,ACO,354.000000000,338.000000000,5,0
cubic_400.txt,9,5.064000130,HHO,353.000000000,338.000000000,5,0
cubic_400.txt,9,5.453000069,ACO,351.000000000,338.000000000,5,0
cubic_400.txt,9,8.618000031,ACO,348.000000000,338.000000000,5,0
cubic_400.txt,9,9.584000111,ACO,349.000000000,338.000000000,5,0
cubic_400.txt,9,13.482000113,ACO,347.000000000,338.000000000,5,0
cubic_400.txt,10,0.004000187,RVNS,433.000000000,433.000000000,1,1
cubic_400.txt,10,0.005000114,Tabu Search,443.000000000,433.000000000,2,0
cubic_400.txt,10,0.006000042,RVNS,442.000000000,433.000000000,3,0
cubic_400.txt,10,0.006000042,Tabu Search,434.000000000,433.000000000,4,0
cubic_400.txt,10,0.009000063,RVNS,444.000000000,433.000000000,5,0
cubic_400.txt,10,0.012000084,Tabu Search,432.000000000,432.000000000,5,1
cubic_400.txt,10,0.018000126,RVNS,435.000000000,432.000000000,5,0
cubic_400.txt,10,0.019999981,Tabu Search,431.000000000,431.000000000,5,1
cubic_400.txt,10,0.866000175,ACO,415.000000000,415.000000000,5,1
cubic_400.txt,10,1.171000004,HHO,358.000000000,358.000000000,5,1
cubic_400.txt,10,1.657999992,ACO,413.000000000,358.000000000,5,0
cubic_400.txt,10,2.328000069,ACO,409.000000000,358.000000000,5,0
cubic_400.txt,10,3.009000063,ACO,356.000000000,356.000000000,5,1
cubic_400.txt,10,3.654000044,HHO,359.000000000,356.000000000,5,0
cubic_400.txt,10,3.980000019,ACO,354.000000000,354.000000000,5,1
cubic_400.txt,10,4.943000078,ACO,355.000000000,354.000000000,5,0
cubic_400.txt,10,8.815000057,ACO,353.000000000,353.000000000,5,1
cubic_400.txt,10,10.701000214,ACO,346.000000000,346.000000000,5,1
cubic_400.txt,10,11.584000111,ACO,348.000000000,346.000000000,5,0
cubic_500.txt,1,0.001999855,RVNS,547.000000000,547.000000000,1,1
cubic_500.txt,1,0.003000021,Tabu Search,549.000000000,547.000000000,2,0
cubic_500.txt,1,0.003000021,RVNS,550.000000000,547.000000000,3,0
cubic_500.txt,1,0.003999949,Tabu Search,548.000000000,547.000000000,4,0
cubic_500.txt,1,0.004999876,RVNS,545.000000000,545.000000000,5,1
cubic_500.txt,1,0.006000042,Tabu Search,546.000000000,545.000000000,5,0
cubic_500.txt,1,0.782999992,ACO,521.000000000,521.000000000,5,1
cubic_500.txt,1,1.207000017,HHO,444.000000000,444.000000000,5,1
cubic_500.txt,1,1.450999975,ACO,528.000000000,444.000000000,5,0
cubic_500.txt,1,2.105999947,ACO,516.000000000,444.000000000,5,0
cubic_500.txt,1,2.414000034,HHO,450.000000000,444.000000000,5,0
cubic_500.txt,1,2.747999907,ACO,513.000000000,444.000000000,5,0
cubic_500.txt,1,3.559999943,ACO,447.000000000,444.000000000,5,0
cubic_500.txt,1,3.921000004,HHO,443.000000000,443.000000000,5,1
cubic_500.txt,1,5.263000011,ACO,454.000000000,443.000000000,5,0
cubic_500.txt,1,6.167999983,ACO,446.000000000,443.000000000,5,0
cubic_500.txt,1,8.731999874,ACO,441.000000000,441.000000000,5,1
cubic_500.txt,1,11.828999996,ACO,440.000000000,440.000000000,5,1
cubic_500.txt,1,13.678999901,ACO,436.000000000,436.000000000,5,1
cubic_500.txt,2,0.004000187,Tabu Search,555.000000000,555.000000000,1,1
cubic_500.txt,2,0.005000114,RVNS,554.000000000,554.000000000,2,1
cubic_500.txt,2,0.007000208,RVNS,553.000000000,553.000000000,3,1
cubic_500.txt,2,0.009000063,Tabu Search,556.000000000,553.000000000,4,0
cubic_500.txt,2,0.012000084,RVNS,551.000000000,551.000000000,5,1
cubic_500.txt,2,0.012000084,Tabu Search,552.000000000,551.000000000,5,0
cubic_500.txt,2,0.718000174,ACO,525.000000000,525.000000000,5,1
cubic_500.txt,2,1.138000011,HHO,446.000000000,446.000000000,5,1
cubic_500.txt,2,1.453999996,ACO,517.000000000,446.000000000,5,0
cubic_500.txt,2,2.150000095,ACO,516.000000000,446.000000000,5,0
cubic_500.txt,2,2.409000158,HHO,447.000000000,446.000000000,5,0
cubic_500.txt,2,2.808000088,ACO,440.000000000,440.000000000,5,1
cubic_500.txt,2,3.641000032,ACO,449.000000000,440.000000000,5,0
cubic_500.txt,2,4.430999994,ACO,452.000000000,440.000000000,5,0
cubic_500.txt,2,5.624000072,HHO,448.000000000,440.000000000,5,0
cubic_500.txt,2,6.078000069,ACO,441.000000000,440.000000000,5,0
cubic_500.txt,2,7.870000124,ACO,443.000000000,440.000000000,5,0
cubic_500.txt,2,8.683000088,ACO,438.000000000,438.000000000,5,1
cubic_500.txt,2,10.430000067,ACO,436.000000000,436.000000000,5,1
cubic_500.txt,2,11.561000109,ACO,433.000000000,433.000000000,5,1
cubic_500.txt,2,13.452000141,ACO,430.000000000,430.000000000,5,1
cubic_500.txt,3,0.001999855,RVNS,560.000000000,560.000000000,1,1
cubic_500.txt,3,0.001999855,Tabu Search,565.000000000,560.000000000,2,0
cubic_500.txt,3,0.004999876,RVNS,561.000000000,560.000000000,3,0
cubic_500.txt,3,0.006999969,Tabu Search,559.000000000,559.000000000,4,1
cubic_500.txt,3,0.010999918,Tabu Search,562.000000000,559.000000000,5,0
cubic_500.txt,3,0.013999939,Tabu Search,558.000000000,558.000000000,5,1
cubic_500.txt,3,0.039999962,Tabu Search,557.000000000,557.000000000,5,1
cubic_500.txt,3,0.737999916,ACO,529.000000000,529.000000000,5,1
cubic_500.txt,3,1.222999811,HHO,443.000000000,443.000000000,5,1
cubic_500.txt,3,1.521999836,ACO,515.000000000,443.000000000,5,0
cubic_500.txt,3,2.187999964,ACO,444.000000000,443.000000000,5,0
cubic_500.txt,3,2.483000040,HHO,450.000000000,443.000000000,5,0
cubic_500.txt,3,2.980000019,ACO,447.000000000,443.000000000,5,0
cubic_500.txt,3,3.881000042,ACO,449.000000000,443.000000000,5,0
cubic_500.txt,3,4.154000044,HHO,441.000000000,441.000000000,5,1
cubic_500.txt,3,8.095000029,ACO,439.000000000,439.000000000,5,1
cubic_500.txt,3,9.810999870,ACO,446.000000000,439.000000000,5,0
cubic_500.txt,3,11.776999950,ACO,445.000000000,439.000000000,5,0
cubic_500.txt,3,13.794999838,ACO,440.000000000,439.000000000,5,0
cubic_500.txt,3,14.246999979,HHO,437.000000000,437.000000000,5,1
cubic_500.txt,3,14.595000029,ACO,429.000000000,429.000000000,5,1
cubic_500.txt,4,0.003999949,Tabu Search,563.000000000,563.000000000,1,1
cubic_500.txt,4,0.003999949,RVNS,584.000000000,563.000000000,2,0
cubic_500.txt,4,0.006000042,RVNS,585.000000000,563.000000000,3,0
cubic_500.txt,4,0.006999969,Tabu Search,564.000000000,563.000000000,4,0
cubic_500.txt,4,0.008999825,Tabu Search,562.000000000,562.000000000,5,1
cubic_500.txt,4,0.013999939,RVNS,561.000000000,561.000000000,5,1
cubic_500.txt,4,0.014999866,Tabu Search,560.000000000,560.000000000,5,1
cubic_500.txt,4,0.062999964,Tabu Search,559.000000000,559.000000000,5,1
cubic_500.txt,4,0.736999989,ACO,526.000000000,526.000000000,5,1
cubic_500.txt,4,1.131999969,HHO,444.000000000,444.000000000,5,1
cubic_500.txt,4,1.414000034,ACO,516.000000000,444.000000000,5,0
cubic_500.txt,4,2.065999985,ACO,517.000000000,444.000000000,5,0
cubic_500.txt,4,2.294999838,HHO,439.000000000,439.000000000,5,1
cubic_500.txt,4,3.559999943,ACO,458.000000000,439.000000000,5,0
cubic_500.txt,4,3.792999983,HHO,459.000000000,439.000000000,5,0
cubic_500.txt,4,5.313999891,ACO,451.000000000,439.000000000,5,0
cubic_500.txt,4,7.388000011,HHO,452.000000000,439.000000000,5,0
cubic_500.txt,4,8.626999855,ACO,448.000000000,439.000000000,5,0
cubic_500.txt,4,9.537999868,ACO,443.000000000,439.000000000,5,0
cubic_500.txt,4,11.149999857,HHO,441.000000000,439.000000000,5,0
cubic_500.txt,5,0.003999949,RVNS,571.000000000,571.000000000,1,1
cubic_500.txt,5,0.003999949,Tabu Search,543.000000000,543.000000000,2,1
cubic_500.txt,5,0.004999876,Tabu Search,541.000000000,541.000000000,3,1
cubic_500.txt,5,0.004999876,RVNS,570.000000000,541.000000000,4,0
cubic_500.txt,5,0.006999969,RVNS,540.000000000,540.000000000,5,1
cubic_500.txt,5,0.006999969,Tabu Search,539.000000000,539.000000000,5,1
cubic_500.txt,5,0.009000063,RVNS,537.000000000,537.000000000,5,1
cubic_500.txt,5,0.009000063,Tabu Search,542.000000000,537.000000000,5,0
cubic_500.txt,5,0.013000011,RVNS,538.000000000,537.000000000,5,0
cubic_500.txt,5,0.043999910,Tabu Search,536.000000000,536.000000000,5,1
cubic_500.txt,5,0.759000063,ACO,522.000000000,522.000000000,5,1
cubic_500.txt,5,1.165999889,HHO,437.000000000,437.000000000,5,1
cubic_500.txt,5,1.450999975,ACO,512.000000000,437.000000000,5,0
cubic_500.txt,5,2.115999937,ACO,514.000000000,437.000000000,5,0
cubic_500.txt,5,2.353999853,HHO,443.000000000,437.000000000,5,0
cubic_500.txt,5,2.773999929,ACO,450.000000000,437.000000000,5,0
cubic_500.txt,5,3.586999893,ACO,448.000000000,437.000000000,5,0
cubic_500.txt,5,4.418999910,ACO,455.000000000,437.000000000,5,0
cubic_500.txt,5,5.225999832,ACO,442.000000000,437.000000000,5,0
cubic_500.txt,5,6.057999849,ACO,447.000000000,437.000000000,5,0
cubic_500.txt,5,7.770999908,ACO,441.000000000,437.000000000,5,0
cubic_500.txt,5,8.572000027,ACO,439.000000000,437.000000000,5,0
cubic_500.txt,5,9.421000004,ACO,440.000000000,437.000000000,5,0
cubic_500.txt,5,11.121999979,HHO,438.000000000,437.000000000,5,0
cubic_500.txt,6,0.004000187,Tabu Search,552.000000000,552.000000000,1,1
cubic_500.txt,6,0.004000187,RVNS,540.000000000,540.000000000,2,1
cubic_500.txt,6,0.006000042,RVNS,549.000000000,540.000000000,3,0
cubic_500.txt,6,0.006000042,Tabu Search,538.000000000,538.000000000,4,1
cubic_500.txt,6,0.007000208,Tabu Search,537.000000000,537.000000000,5,1
cubic_500.txt,6,0.009000063,Tabu Search,539.000000000,537.000000000,5,0
cubic_500.txt,6,0.009999990,Tabu Search,543.000000000,537.000000000,5,0
cubic_500.txt,6,0.009999990,Tabu Search,542.000000000,537.000000000,5,0
cubic_500.txt,6,0.011000156,Tabu Search,541.000000000,537.000000000,5,0
cubic_500.txt,6,0.012000084,RVNS,536.000000000,536.000000000,5,1
cubic_500.txt,6,0.050000191,RVNS,535.000000000,535.000000000,5,1
cubic_500.txt,6,0.052000046,RVNS,534.000000000,534.000000000,5,1
cubic_500.txt,6,1.011000156,ACO,524.000000000,524.000000000,5,1
cubic_500.txt,6,1.492000103,HHO,447.000000000,447.000000000,5,1
cubic_500.txt,6,1.853000164,ACO,521.000000000,447.000000000,5,0
cubic_500.txt,6,2.605000019,ACO,519.000000000,447.000000000,5,0
cubic_500.txt,6,2.788000107,HHO,453.000000000,447.000000000,5,0
cubic_500.txt,6,3.451000214,ACO,520.000000000,447.000000000,5,0
cubic_500.txt,6,4.275000095,ACO,510.000000000,447.000000000,5,0
cubic_500.txt,6,4.381000042,HHO,452.000000000,447.000000000,5,0
cubic_500.txt,6,5.116000175,ACO,512.000000000,447.000000000,5,0
cubic_500.txt,6,6.099000216,HHO,456.000000000,447.000000000,5,0
cubic_500.txt,6,6.703999996,ACO,443.000000000,443.000000000,5,1
cubic_500.txt,6,7.958000183,HHO,435.000000000,435.000000000,5,1
cubic_500.txt,6,9.254000187,ACO,450.000000000,435.000000000,5,0
cubic_500.txt,6,10.099000216,ACO,448.000000000,435.000000000,5,0
cubic_500.txt,6,10.896000147,ACO,441.000000000,435.000000000,5,0
cubic_500.txt,6,11.703000069,ACO,444.000000000,435.000000000,5,0
cubic_500.txt,6,13.500000000,ACO,442.000000000,435.000000000,5,0
cubic_500.txt,7,0.003999949,RVNS,559.000000000,559.000000000,1,1
cubic_500.txt,7,0.003999949,Tabu Search,538.000000000,538.000000000,2,1
cubic_500.txt,7,0.006999969,Tabu Search,542.000000000,538.000000000,3,0
cubic_500.txt,7,0.006999969,RVNS,539.000000000,538.000000000,4,0
cubic_500.txt,7,0.011000156,Tabu Search,540.000000000,538.000000000,5,0
cubic_500.txt,7,0.011000156,RVNS,537.000000000,537.000000000,5,1
cubic_500.txt,7,0.013000011,RVNS,536.000000000,536.000000000,5,1
cubic_500.txt,7,0.843000174,ACO,524.000000000,524.000000000,5,1
cubic_500.txt,7,1.312999964,HHO,437.000000000,437.000000000,5,1
cubic_500.txt,7,1.568000078,ACO,519.000000000,437.000000000,5,0
cubic_500.txt,7,2.213000059,ACO,447.000000000,437.000000000,5,0
cubic_500.txt,7,2.528000116,HHO,450.000000000,437.000000000,5,0
cubic_500.txt,7,2.891999960,ACO,445.000000000,437.000000000,5,0
cubic_500.txt,7,3.789999962,ACO,451.000000000,437.000000000,5,0
cubic_500.txt,7,7.723000050,HHO,448.000000000,437.000000000,5,0
cubic_500.txt,7,9.667999983,HHO,434.000000000,434.000000000,5,1
cubic_500.txt,7,9.680000067,ACO,446.000000000,434.000000000,5,0
cubic_500.txt,7,15.368000031,ACO,441.000000000,434.000000000,5,0
cubic_500.txt,8,0.003000021,Tabu Search,570.000000000,570.000000000,1,1
cubic_500.txt,8,0.003000021,RVNS,572.000000000,570.000000000,2,0
cubic_500.txt,8,0.003999949,RVNS,569.000000000,569.000000000,3,1
cubic_500.txt,8,0.006000042,RVNS,571.000000000,569.000000000,4,0
cubic_500.txt,8,0.006999969,RVNS,573.000000000,569.000000000,5,0
cubic_500.txt,8,1.030999899,ACO,520.000000000,520.000000000,5,1
cubic_500.txt,8,1.500000000,HHO,449.000000000,449.000000000,5,1
cubic_500.txt,8,1.769999981,ACO,521.000000000,449.000000000,5,0
cubic_500.txt,8,2.611000061,ACO,516.000000000,449.000000000,5,0
cubic_500.txt,8,2.875000000,HHO,445.000000000,445.000000000,5,1
cubic_500.txt,8,3.511999846,ACO,512.000000000,445.000000000,5,0
cubic_500.txt,8,4.467999935,ACO,450.000000000,445.000000000,5,0
cubic_500.txt,8,4.667999983,HHO,451.000000000,445.000000000,5,0
cubic_500.txt,8,5.417000055,ACO,447.000000000,445.000000000,5,0
cubic_500.txt,8,6.422999859,ACO,444.000000000,444.000000000,5,1
cubic_500.txt,8,9.700000048,ACO,441.000000000,441.000000000,5,1
cubic_500.txt,8,11.784999847,ACO,442.000000000,441.000000000,5,0
cubic_500.txt,8,12.951999903,ACO,443.000000000,441.000000000,5,0
cubic_500.txt,8,15.873999834,ACO,429.000000000,429.000000000,5,1
cubic_500.txt,9,0.002000093,RVNS,554.000000000,554.000000000,1,1
cubic_500.txt,9,0.003000021,Tabu Search,548.000000000,548.000000000,2,1
cubic_500.txt,9,0.003000021,RVNS,552.000000000,548.000000000,3,0
cubic_500.txt,9,0.005000114,RVNS,555.000000000,548.000000000,4,0
cubic_500.txt,9,0.006000042,Tabu Search,551.000000000,548.000000000,5,0
cubic_500.txt,9,0.009000063,RVNS,549.000000000,548.000000000,5,0
cubic_500.txt,9,0.009000063,Tabu Search,547.000000000,547.000000000,5,1
cubic_500.txt,9,0.010999918,RVNS,546.000000000,546.000000000,5,1
cubic_500.txt,9,0.012000084,RVNS,550.000000000,546.000000000,5,0
cubic_500.txt,9,0.022000074,Tabu Search,545.000000000,545.000000000,5,1
cubic_500.txt,9,0.881999969,ACO,518.000000000,518.000000000,5,1
cubic_500.txt,9,1.309000015,HHO,447.000000000,447.000000000,5,1
cubic_500.txt,9,2.249000072,ACO,517.000000000,447.000000000,5,0
cubic_500.txt,9,2.503000021,HHO,446.000000000,446.000000000,5,1
cubic_500.txt,9,2.917999983,ACO,433.000000000,433.000000000,5,1
cubic_500.txt,9,3.766999960,ACO,457.000000000,433.000000000,5,0
cubic_500.txt,9,3.996000051,HHO,440.000000000,433.000000000,5,0
cubic_500.txt,9,4.641999960,ACO,456.000000000,433.000000000,5,0
cubic_500.txt,9,5.861000061,HHO,441.000000000,433.000000000,5,0
cubic_500.txt,9,6.467000008,ACO,439.000000000,433.000000000,5,0
cubic_500.txt,9,7.783999920,HHO,444.000000000,433.000000000,5,0
cubic_500.txt,9,9.069999933,ACO,438.000000000,433.000000000,5,0
cubic_500.txt,9,12.723999977,ACO,436.000000000,433.000000000,5,0
cubic_500.txt,10,0.001999855,RVNS,554.000000000,554.000000000,1,1
cubic_500.txt,10,0.003000021,Tabu Search,573.000000000,554.000000000,2,0
cubic_500.txt,10,0.004999876,RVNS,555.000000000,554.000000000,3,0
cubic_500.txt,10,0.006999969,RVNS,553.000000000,553.000000000,4,1
cubic_500.txt,10,0.008999825,RVNS,556.000000000,553.000000000,5,0
cubic_500.txt,10,0.008999825,Tabu Search,552.000000000,552.000000000,5,1
cubic_500.txt,10,0.013000011,Tabu Search,550.000000000,550.000000000,5,1
cubic_500.txt,10,0.017999887,Tabu Search,551.000000000,550.000000000,5,0
cubic_500.txt,10,0.039000034,Tabu Search,548.000000000,548.000000000,5,1
cubic_500.txt,10,0.040999889,RVNS,549.000000000,548.000000000,5,0
cubic_500.txt,10,0.767999887,ACO,516.000000000,516.000000000,5,1
cubic_500.txt,10,1.189999819,HHO,451.000000000,451.000000000,5,1
cubic_500.txt,10,1.532999992,ACO,517.000000000,451.000000000,5,0
cubic_500.txt,10,2.645999908,HHO,459.000000000,451.000000000,5,0
cubic_500.txt,10,3.033999920,ACO,449.000000000,449.000000000,5,1
cubic_500.txt,10,3.940999985,ACO,455.000000000,449.000000000,5,0
cubic_500.txt,10,4.236999989,HHO,450.000000000,449.000000000,5,0
cubic_500.txt,10,8.718999863,ACO,448.000000000,448.000000000,5,1
cubic_500.txt,10,10.243999958,HHO,444.000000000,444.000000000,5,1
cubic_500.txt,10,10.355000019,ACO,445.000000000,444.000000000,5,0
cubic_500.txt,10,11.189999819,ACO,446.000000000,444.000000000,5,0
cubic_500.txt,10,13.335000038,ACO,436.000000000,436.000000000,5,1
cubic_500.txt,10,15.085000038,ACO,427.000000000,427.000000000,5,1
cubic_600.txt,1,0.003999949,Tabu Search,669.000000000,669.000000000,1,1
cubic_600.txt,1,0.005000114,RVNS,651.000000000,651.000000000,2,1
cubic_600.txt,1,0.008000135,Tabu Search,649.000000000,649.000000000,3,1
cubic_600.txt,1,0.008000135,RVNS,671.000000000,649.000000000,4,0
cubic_600.txt,1,0.009999990,RVNS,670.000000000,649.000000000,5,0
cubic_600.txt,1,0.011000156,Tabu Search,650.000000000,649.000000000,5,0
cubic_600.txt,1,0.013000011,RVNS,648.000000000,648.000000000,5,1
cubic_600.txt,1,0.015000105,RVNS,647.000000000,647.000000000,5,1
cubic_600.txt,1,0.758000135,ACO,635.000000000,635.000000000,5,1
cubic_600.txt,1,1.387000084,HHO,541.000000000,541.000000000,5,1
cubic_600.txt,1,1.480999947,ACO,625.000000000,541.000000000,5,0
cubic_600.txt,1,2.151999950,ACO,617.000000000,541.000000000,5,0
cubic_600.txt,1,2.845999956,HHO,525.000000000,525.000000000,5,1
cubic_600.txt,1,2.911999941,ACO,520.000000000,520.000000000,5,1
cubic_600.txt,1,3.848999977,ACO,544.000000000,520.000000000,5,0
cubic_600.txt,1,4.720000029,ACO,532.000000000,520.000000000,5,0
cubic_600.txt,1,5.676000118,ACO,528.000000000,520.000000000,5,0
cubic_600.txt,1,6.851999998,HHO,533.000000000,520.000000000,5,0
cubic_600.txt,1,11.396000147,HHO,530.000000000,520.000000000,5,0
cubic_600.txt,1,14.125999928,ACO,522.000000000,520.000000000,5,0
cubic_600.txt,2,0.003000021,RVNS,690.000000000,690.000000000,1,1
cubic_600.txt,2,0.003000021,Tabu Search,672.000000000,672.000000000,2,1
cubic_600.txt,2,0.004999876,Tabu Search,673.000000000,672.000000000,3,0
cubic_600.txt,2,0.004999876,RVNS,692.000000000,672.000000000,4,0
cubic_600.txt,2,0.008999825,RVNS,669.000000000,669.000000000,5,1
cubic_600.txt,2,0.009999990,RVNS,670.000000000,669.000000000,5,0
cubic_600.txt,2,0.010999918,Tabu Search,671.000000000,669.000000000,5,0
cubic_600.txt,2,0.048999786,RVNS,668.000000000,668.000000000,5,1
cubic_600.txt,2,0.731999874,ACO,640.000000000,640.000000000,5,1
cubic_600.txt,2,1.395999908,HHO,525.000000000,525.000000000,5,1
cubic_600.txt,2,1.468999863,ACO,626.000000000,525.000000000,5,0
cubic_600.txt,2,2.175999880,ACO,532.000000000,525.000000000,5,0
cubic_600.txt,2,2.819000006,HHO,528.000000000,525.000000000,5,0
cubic_600.txt,2,2.836999893,ACO,535.000000000,525.000000000,5,0
cubic_600.txt,2,4.494999886,ACO,524.000000000,524.000000000,5,1
cubic_600.txt,2,4.569000006,HHO,521.000000000,521.000000000,5,1
cubic_600.txt,2,5.342000008,ACO,530.000000000,521.000000000,5,0
cubic_600.txt,2,6.636999846,HHO,527.000000000,521.000000000,5,0
cubic_600.txt,2,7.210999966,ACO,526.000000000,521.000000000,5,0
cubic_600.txt,2,8.142999887,ACO,518.000000000,518.000000000,5,1
cubic_600.txt,3,0.002000093,RVNS,664.000000000,664.000000000,1,1
cubic_600.txt,3,0.002000093,Tabu Search,670.000000000,664.000000000,2,0
cubic_600.txt,3,0.002000093,RVNS,665.000000000,664.000000000,3,0
cubic_600.txt,3,0.003000021,RVNS,666.000000000,664.000000000,4,0
cubic_600.txt,3,0.005000114,Tabu Search,667.000000000,664.000000000,5,0
cubic_600.txt,3,0.006000042,RVNS,668.000000000,664.000000000,5,0
cubic_600.txt,3,0.025000095,RVNS,663.000000000,663.000000000,5,1
cubic_600.txt,3,0.726000071,ACO,632.000000000,632.000000000,5,1
cubic_600.txt,3,1.311000109,HHO,519.000000000,519.000000000,5,1
cubic_600.txt,3,1.407000065,ACO,625.000000000,519.000000000,5,0
cubic_600.txt,3,2.081000090,ACO,624.000000000,519.000000000,5,0
cubic_600.txt,3,2.701000214,HHO,535.000000000,519.000000000,5,0
cubic_600.txt,3,3.567000151,ACO,619.000000000,519.000000000,5,0
cubic_600.txt,3,4.386000156,ACO,612.000000000,519.000000000,5,0
cubic_600.txt,3,4.487000227,HHO,523.000000000,519.000000000,5,0
cubic_600.txt,3,5.294000149,ACO,531.000000000,519.000000000,5,0
cubic_600.txt,3,6.131000042,ACO,533.000000000,519.000000000,5,0
cubic_600.txt,3,6.583000183,HHO,530.000000000,519.000000000,5,0
cubic_600.txt,3,7.941000223,ACO,529.000000000,519.000000000,5,0
cubic_600.txt,3,10.154000044,ACO,527.000000000,519.000000000,5,0
cubic_600.txt,3,11.548000097,HHO,526.000000000,519.000000000,5,0
cubic_600.txt,3,11.920000076,ACO,525.000000000,519.000000000,5,0
cubic_600.txt,3,12.735000134,ACO,516.000000000,516.000000000,5,1
cubic_600.txt,4,0.003999949,Tabu Search,697.000000000,697.000000000,1,1
cubic_600.txt,4,0.003999949,RVNS,638.000000000,638.000000000,2,1
cubic_600.txt,4,0.007999897,Tabu Search,639.000000000,638.000000000,3,0
cubic_600.txt,4,0.007999897,RVNS,698.000000000,638.000000000,4,0
cubic_600.txt,4,0.009999990,RVNS,637.000000000,637.000000000,5,1
cubic_600.txt,4,0.010999918,Tabu Search,636.000000000,636.000000000,5,1
cubic_600.txt,4,0.011999846,RVNS,695.000000000,636.000000000,5,0
cubic_600.txt,4,0.029000044,RVNS,635.000000000,635.000000000,5,1
cubic_600.txt,4,1.337999821,HHO,518.000000000,518.000000000,5,1
cubic_600.txt,4,1.460000038,ACO,629.000000000,518.000000000,5,0
cubic_600.txt,4,2.243000031,ACO,628.000000000,518.000000000,5,0
cubic_600.txt,4,2.974999905,ACO,627.000000000,518.000000000,5,0
cubic_600.txt,4,3.901000023,ACO,623.000000000,518.000000000,5,0
cubic_600.txt,4,4.717000008,ACO,526.000000000,518.000000000,5,0
cubic_600.txt,4,4.792999983,HHO,528.000000000,518.000000000,5,0
cubic_600.txt,4,5.530999899,ACO,523.000000000,518.000000000,5,0
cubic_600.txt,4,7.006000042,HHO,530.000000000,518.000000000,5,0
cubic_600.txt,4,9.774999857,HHO,524.000000000,518.000000000,5,0
cubic_600.txt,4,10.542999983,ACO,520.000000000,518.000000000,5,0
cubic_600.txt,5,0.001999855,Tabu Search,648.000000000,648.000000000,1,1
cubic_600.txt,5,0.003000021,RVNS,657.000000000,648.000000000,2,0
cubic_600.txt,5,0.003999949,Tabu Search,650.000000000,648.000000000,3,0
cubic_600.txt,5,0.006000042,RVNS,656.000000000,648.000000000,4,0
cubic_600.txt,5,0.006000042,Tabu Search,647.000000000,647.000000000,5,1
cubic_600.txt,5,0.007999897,Tabu Search,649.000000000,647.000000000,5,0
cubic_600.txt,5,0.016000032,Tabu Search,651.000000000,647.000000000,5,0
cubic_600.txt,5,0.019999981,Tabu Search,646.000000000,646.000000000,5,1
cubic_600.txt,5,0.743000031,ACO,622.000000000,622.000000000,5,1
cubic_600.txt,5,1.338000059,HHO,524.000000000,524.000000000,5,1
cubic_600.txt,5,1.404999971,ACO,621.000000000,524.000000000,5,0
cubic_600.txt,5,2.062000036,ACO,543.000000000,524.000000000,5,0
cubic_600.txt,5,2.717000008,ACO,537.000000000,524.000000000,5,0
cubic_600.txt,5,2.724999905,HHO,526.000000000,524.000000000,5,0
cubic_600.txt,5,3.526000023,ACO,539.000000000,524.000000000,5,0
cubic_600.txt,5,4.427000046,ACO,527.000000000,524.000000000,5,0
cubic_600.txt,5,4.585000038,HHO,530.000000000,524.000000000,5,0
cubic_600.txt,5,7.448999882,ACO,517.000000000,517.000000000,5,1
cubic_600.txt,5,9.417000055,HHO,519.000000000,517.000000000,5,0
cubic_600.txt,5,13.786999941,ACO,520.000000000,517.000000000,5,0
cubic_600.txt,5,15.353999853,ACO,521.000000000,517.000000000,5,0
cubic_600.txt,6,0.004000187,RVNS,682.000000000,682.000000000,1,1
cubic_600.txt,6,0.004000187,Tabu Search,683.000000000,682.000000000,2,0
cubic_600.txt,6,0.007000208,RVNS,679.000000000,679.000000000,3,1
cubic_600.txt,6,0.007000208,Tabu Search,684.000000000,679.000000000,4,0
cubic_600.txt,6,0.011000156,Tabu Search,678.000000000,678.000000000,5,1
cubic_600.txt,6,0.013000011,RVNS,681.000000000,678.000000000,5,0
cubic_600.txt,6,0.014000177,Tabu Search,680.000000000,678.000000000,5,0
cubic_600.txt,6,0.022000074,Tabu Search,677.000000000,677.000000000,5,1
cubic_600.txt,6,0.038000107,Tabu Search,676.000000000,676.000000000,5,1
cubic_600.txt,6,0.816000223,ACO,627.000000000,627.000000000,5,1
cubic_600.txt,6,1.485000134,HHO,531.000000000,531.000000000,5,1
cubic_600.txt,6,1.587000132,ACO,624.000000000,531.000000000,5,0
cubic_600.txt,6,2.240000010,ACO,523.000000000,523.000000000,5,1
cubic_600.txt,6,2.863000154,HHO,525.000000000,523.000000000,5,0
cubic_600.txt,6,4.616000175,ACO,538.000000000,523.000000000,5,0
cubic_600.txt,6,5.802000046,ACO,524.000000000,523.000000000,5,0
cubic_600.txt,6,6.849000216,ACO,528.000000000,523.000000000,5,0
cubic_600.txt,6,7.254000187,HHO,526.000000000,523.000000000,5,0
cubic_600.txt,6,9.494000196,HHO,518.000000000,518.000000000,5,1
cubic_600.txt,7,0.003000021,Tabu Search,670.000000000,670.000000000,1,1
cubic_600.txt,7,0.003000021,RVNS,674.000000000,670.000000000,2,0
cubic_600.txt,7,0.003999949,Tabu Search,675.000000000,670.000000000,3,0
cubic_600.txt,7,0.004999876,RVNS,672.000000000,670.000000000,4,0
cubic_600.txt,7,0.006999969,Tabu Search,669.000000000,669.000000000,5,1
cubic_600.txt,7,0.007999897,Tabu Search,671.000000000,669.000000000,5,0
cubic_600.txt,7,0.008999825,Tabu Search,668.000000000,668.000000000,5,1
cubic_600.txt,7,0.026999950,Tabu Search,667.000000000,667.000000000,5,1
cubic_600.txt,7,0.750999928,ACO,631.000000000,631.000000000,5,1
cubic_600.txt,7,1.422999859,HHO,535.000000000,535.000000000,5,1
cubic_600.txt,7,1.481999874,ACO,627.000000000,535.000000000,5,0
cubic_600.txt,7,2.143999815,ACO,628.000000000,535.000000000,5,0
cubic_600.txt,7,2.776999950,HHO,540.000000000,535.000000000,5,0
cubic_600.txt,7,2.799000025,ACO,623.000000000,535.000000000,5,0
cubic_600.txt,7,3.878999949,ACO,528.000000000,528.000000000,5,1
cubic_600.txt,7,5.008999825,ACO,530.000000000,528.000000000,5,0
cubic_600.txt,7,5.064999819,HHO,527.000000000,527.000000000,5,1
cubic_600.txt,7,6.176999807,ACO,518.000000000,518.000000000,5,1
cubic_600.txt,7,7.187000036,ACO,519.000000000,518.000000000,5,0
cubic_600.txt,7,8.136999846,ACO,529.000000000,518.000000000,5,0
cubic_600.txt,7,9.884999990,HHO,523.000000000,518.000000000,5,0
cubic_600.txt,7,10.987999916,ACO,525.000000000,518.000000000,5,0
cubic_600.txt,7,11.806999922,ACO,516.000000000,516.000000000,5,1
cubic_600.txt,7,12.641999960,ACO,521.000000000,516.000000000,5,0
cubic_600.txt,8,0.004000187,RVNS,672.000000000,672.000000000,1,1
cubic_600.txt,8,0.005000114,Tabu Search,675.000000000,672.000000000,2,0
cubic_600.txt,8,0.006999969,Tabu Search,670.000000000,670.000000000,3,1
cubic_600.txt,8,0.009000063,RVNS,669.000000000,669.000000000,4,1
cubic_600.txt,8,0.009999990,Tabu Search,676.000000000,669.000000000,5,0
cubic_600.txt,8,0.009999990,RVNS,674.000000000,669.000000000,5,0
cubic_600.txt,8,0.016000032,RVNS,671.000000000,669.000000000,5,0
cubic_600.txt,8,0.018000126,RVNS,673.000000000,669.000000000,5,0
cubic_600.txt,8,0.085000038,Tabu Search,668.000000000,668.000000000,5,1
cubic_600.txt,8,0.765000105,ACO,625.000000000,625.000000000,5,1
cubic_600.txt,8,1.383000135,HHO,528.000000000,528.000000000,5,1
cubic_600.txt,8,1.503000021,ACO,626.000000000,528.000000000,5,0
cubic_600.txt,8,3.179000139,ACO,531.000000000,528.000000000,5,0
cubic_600.txt,8,4.318000078,ACO,542.000000000,528.000000000,5,0
cubic_600.txt,8,5.233999968,HHO,526.000000000,526.000000000,5,1
cubic_600.txt,8,5.282000065,ACO,536.000000000,526.000000000,5,0
cubic_600.txt,8,6.146000147,ACO,532.000000000,526.000000000,5,0
cubic_600.txt,8,6.976999998,ACO,534.000000000,526.000000000,5,0
cubic_600.txt,8,7.821000099,ACO,523.000000000,523.000000000,5,1
cubic_600.txt,8,10.841000080,ACO,530.000000000,523.000000000,5,0
cubic_600.txt,8,12.085999966,HHO,527.000000000,523.000000000,5,0
cubic_600.txt,8,15.098000050,ACO,516.000000000,516.000000000,5,1
cubic_600.txt,8,15.788000107,ACO,514.000000000,514.000000000,5,1
cubic_600.txt,8,16.598999977,ACO,519.000000000,514.000000000,5,0
cubic_600.txt,9,0.003999949,Tabu Search,664.000000000,664.000000000,1,1
cubic_600.txt,9,0.003999949,RVNS,671.000000000,664.000000000,2,0
cubic_600.txt,9,0.006999969,RVNS,672.000000000,664.000000000,3,0
cubic_600.txt,9,0.006999969,Tabu Search,666.000000000,664.000000000,4,0
cubic_600.txt,9,0.009000063,Tabu Search,667.000000000,664.000000000,5,0
cubic_600.txt,9,0.009000063,RVNS,669.000000000,664.000000000,5,0
cubic_600.txt,9,0.009999990,RVNS,670.000000000,664.000000000,5,0
cubic_600.txt,9,0.010999918,Tabu Search,665.000000000,664.000000000,5,0
cubic_600.txt,9,0.012000084,RVNS,663.000000000,663.000000000,5,1
cubic_600.txt,9,0.032999992,RVNS,662.000000000,662.000000000,5,1
cubic_600.txt,9,0.046000004,Tabu Search,661.000000000,661.000000000,5,1
cubic_600.txt,9,1.178999901,ACO,632.000000000,632.000000000,5,1
cubic_600.txt,9,1.986000061,HHO,534.000000000,534.000000000,5,1
cubic_600.txt,9,2.230000019,ACO,627.000000000,534.000000000,5,0
cubic_600.txt,9,3.128000021,ACO,613.000000000,534.000000000,5,0
cubic_600.txt,9,4.085999966,HHO,532.000000000,532.000000000,5,1
cubic_600.txt,9,4.270999908,ACO,614.000000000,532.000000000,5,0
cubic_600.txt,9,5.415999889,ACO,615.000000000,532.000000000,5,0
cubic_600.txt,9,6.247999907,HHO,539.000000000,532.000000000,5,0
cubic_600.txt,9,6.322000027,ACO,612.000000000,532.000000000,5,0
cubic_600.txt,9,7.198999882,ACO,523.000000000,523.000000000,5,1
cubic_600.txt,9,8.115999937,ACO,540.000000000,523.000000000,5,0
cubic_600.txt,9,8.959000111,ACO,524.000000000,523.000000000,5,0
cubic_600.txt,9,13.979000092,ACO,521.000000000,521.000000000,5,1
cubic_600.txt,9,14.619999886,HHO,522.000000000,521.000000000,5,0
cubic_600.txt,9,16.032999992,ACO,526.000000000,521.000000000,5,0
cubic_600.txt,9,21.753999949,ACO,520.000000000,520.000000000,5,1
cubic_600.txt,10,0.003999949,RVNS,685.000000000,685.000000000,1,1
cubic_600.txt,10,0.003999949,Tabu Search,667.000000000,667.000000000,2,1
cubic_600.txt,10,0.006999969,RVNS,686.000000000,667.000000000,3,0
cubic_600.txt,10,0.006999969,Tabu Search,666.000000000,666.000000000,4,1
cubic_600.txt,10,0.007999897,RVNS,687.000000000,666.000000000,5,0
cubic_600.txt,10,0.010999918,Tabu Search,669.000000000,666.000000000,5,0
cubic_600.txt,10,0.015000105,Tabu Search,668.000000000,666.000000000,5,0
cubic_600.txt,10,0.029999971,Tabu Search,665.000000000,665.000000000,5,1
cubic_600.txt,10,0.045000076,Tabu Search,664.000000000,664.000000000,5,1
cubic_600.txt,10,0.046999931,Tabu Search,663.000000000,663.000000000,5,1
cubic_600.txt,10,0.979000092,ACO,637.000000000,637.000000000,5,1
cubic_600.txt,10,1.726000071,HHO,530.000000000,530.000000000,5,1
cubic_600.txt,10,1.826999903,ACO,628.000000000,530.000000000,5,0
cubic_600.txt,10,3.229000092,HHO,538.000000000,530.000000000,5,0
cubic_600.txt,10,3.296999931,ACO,528.000000000,528.000000000,5,1
cubic_600.txt,10,4.309000015,ACO,535.000000000,528.000000000,5,0
cubic_600.txt,10,5.239000082,ACO,532.000000000,528.000000000,5,0
cubic_600.txt,10,5.302999973,HHO,517.000000000,517.000000000,5,1
cubic_600.txt,10,7.612999916,ACO,534.000000000,517.000000000,5,0
cubic_600.txt,10,7.993999958,HHO,523.000000000,517.000000000,5,0
cubic_600.txt,10,9.996000051,ACO,524.000000000,517.000000000,5,0
cubic_600.txt,10,11.368999958,ACO,527.000000000,517.000000000,5,0
cubic_600.txt,10,15.069000006,HHO,521.000000000,517.000000000,5,0
cubic_600.txt,10,19.326999903,ACO,519.000000000,517.000000000,5,0
cubic_700.txt,1,0.008999825,Tabu Search,799.000000000,799.000000000,1,1
cubic_700.txt,1,0.009999990,RVNS,777.000000000,777.000000000,2,1
cubic_700.txt,1,0.013000011,RVNS,798.000000000,777.000000000,3,0
cubic_700.txt,1,0.013000011,Tabu Search,779.000000000,777.000000000,4,0
cubic_700.txt,1,0.015999794,RVNS,800.000000000,777.000000000,5,0
cubic_700.txt,1,0.015999794,Tabu Search,776.000000000,776.000000000,5,1
cubic_700.txt,1,0.018999815,RVNS,778.000000000,776.000000000,5,0
cubic_700.txt,1,0.020999908,RVNS,797.000000000,776.000000000,5,0
cubic_700.txt,1,0.023000002,Tabu Search,780.000000000,776.000000000,5,0
cubic_700.txt,1,0.034999847,RVNS,775.000000000,775.000000000,5,1
cubic_700.txt,1,0.062999964,RVNS,774.000000000,774.000000000,5,1
cubic_700.txt,1,0.102999926,Tabu Search,773.000000000,773.000000000,5,1
cubic_700.txt,1,1.167999983,ACO,742.000000000,742.000000000,5,1
cubic_700.txt,1,2.140999794,ACO,739.000000000,739.000000000,5,1
cubic_700.txt,1,2.155999899,HHO,634.000000000,634.000000000,5,1
cubic_700.txt,1,3.110999823,ACO,727.000000000,634.000000000,5,0
cubic_700.txt,1,4.323999882,ACO,726.000000000,634.000000000,5,0
cubic_700.txt,1,4.448999882,HHO,614.000000000,614.000000000,5,1
cubic_700.txt,1,5.219999790,ACO,728.000000000,614.000000000,5,0
cubic_700.txt,1,6.217000008,ACO,725.000000000,614.000000000,5,0
cubic_700.txt,1,6.812999964,HHO,621.000000000,614.000000000,5,0
cubic_700.txt,1,7.332999945,ACO,722.000000000,614.000000000,5,0
cubic_700.txt,1,8.194000006,ACO,617.000000000,614.000000000,5,0
cubic_700.txt,1,9.144999981,ACO,628.000000000,614.000000000,5,0
cubic_700.txt,1,9.263000011,HHO,622.000000000,614.000000000,5,0
cubic_700.txt,1,10.152999878,ACO,610.000000000,610.000000000,5,1
cubic_700.txt,1,11.245999813,ACO,607.000000000,607.000000000,5,1
cubic_700.txt,1,13.183999777,ACO,618.000000000,607.000000000,5,0
cubic_700.txt,1,16.043999910,ACO,608.000000000,607.000000000,5,0
cubic_700.txt,1,20.847999811,ACO,613.000000000,607.000000000,5,0
cubic_700.txt,1,22.452999830,ACO,599.000000000,599.000000000,5,1
cubic_700.txt,1,23.615000010,ACO,612.000000000,599.000000000,5,0
cubic_700.txt,1,24.625999928,ACO,606.000000000,599.000000000,5,0
cubic_700.txt,2,0.003000021,Tabu Search,776.000000000,776.000000000,1,1
cubic_700.txt,2,0.004000187,RVNS,772.000000000,772.000000000,2,1
cubic_700.txt,2,0.005000114,Tabu Search,779.000000000,772.000000000,3,0
cubic_700.txt,2,0.007000208,RVNS,771.000000000,771.000000000,4,1
cubic_700.txt,2,0.008000135,RVNS,775.000000000,771.000000000,5,0
cubic_700.txt,2,0.008000135,Tabu Search,769.000000000,769.000000000,5,1
cubic_700.txt,2,0.009999990,Tabu Search,773.000000000,769.000000000,5,0
cubic_700.txt,2,0.012000084,RVNS,768.000000000,768.000000000,5,1
cubic_700.txt,2,0.013000011,RVNS,770.000000000,768.000000000,5,0
cubic_700.txt,2,0.850000143,ACO,740.000000000,740.000000000,5,1
cubic_700.txt,2,1.601999998,ACO,737.000000000,737.000000000,5,1
cubic_700.txt,2,1.673000097,HHO,610.000000000,610.000000000,5,1
cubic_700.txt,2,2.348000050,ACO,735.000000000,610.000000000,5,0
cubic_700.txt,2,3.178000212,ACO,718.000000000,610.000000000,5,0
cubic_700.txt,2,3.466000080,HHO,606.000000000,606.000000000,5,1
cubic_700.txt,2,5.211000204,ACO,720.000000000,606.000000000,5,0
cubic_700.txt,2,6.364000082,HHO,608.000000000,606.000000000,5,0
cubic_700.txt,2,8.134000063,ACO,717.000000000,606.000000000,5,0
cubic_700.txt,2,9.421000004,ACO,607.000000000,606.000000000,5,0
cubic_700.txt,2,10.012000084,HHO,611.000000000,606.000000000,5,0
cubic_700.txt,2,10.709000111,ACO,603.000000000,603.000000000,5,1
cubic_700.txt,2,11.666000128,ACO,609.000000000,603.000000000,5,0
cubic_700.txt,2,14.555999994,ACO,604.000000000,603.000000000,5,0
cubic_700.txt,3,0.003999949,RVNS,773.000000000,773.000000000,1,1
cubic_700.txt,3,0.003999949,Tabu Search,795.000000000,773.000000000,2,0
cubic_700.txt,3,0.006000042,Tabu Search,775.000000000,773.000000000,3,0
cubic_700.txt,3,0.008000135,RVNS,792.000000000,773.000000000,4,0
cubic_700.txt,3,0.008000135,Tabu Search,774.000000000,773.000000000,5,0
cubic_700.txt,3,0.013000011,Tabu Search,771.000000000,771.000000000,5,1
cubic_700.txt,3,0.013000011,RVNS,770.000000000,770.000000000,5,1
cubic_700.txt,3,0.013999939,Tabu Search,772.000000000,770.000000000,5,0
cubic_700.txt,3,0.965000153,ACO,730.000000000,730.000000000,5,1
cubic_700.txt,3,1.855000019,ACO,735.000000000,730.000000000,5,0
cubic_700.txt,3,1.861000061,HHO,612.000000000,612.000000000,5,1
cubic_700.txt,3,2.661999941,ACO,731.000000000,612.000000000,5,0
cubic_700.txt,3,3.841000080,ACO,720.000000000,612.000000000,5,0
cubic_700.txt,3,4.108999968,HHO,617.000000000,612.000000000,5,0
cubic_700.txt,3,5.894999981,ACO,719.000000000,612.000000000,5,0
cubic_700.txt,3,6.480999947,HHO,621.000000000,612.000000000,5,0
cubic_700.txt,3,6.963000059,ACO,610.000000000,610.000000000,5,1
cubic_700.txt,3,8.223000050,ACO,625.000000000,610.000000000,5,0
cubic_700.txt,3,9.453999996,ACO,614.000000000,610.000000000,5,0
cubic_700.txt,3,9.703000069,HHO,616.000000000,610.000000000,5,0
cubic_700.txt,3,19.899000168,ACO,603.000000000,603.000000000,5,1
cubic_700.txt,4,0.001999855,RVNS,783.000000000,783.000000000,1,1
cubic_700.txt,4,0.003000021,Tabu Search,785.000000000,783.000000000,2,0
cubic_700.txt,4,0.003999949,RVNS,780.000000000,780.000000000,3,1
cubic_700.txt,4,0.004999876,Tabu Search,782.000000000,780.000000000,4,0
cubic_700.txt,4,0.006999969,Tabu Search,781.000000000,780.000000000,5,0
cubic_700.txt,4,0.011999846,RVNS,779.000000000,779.000000000,5,1
cubic_700.txt,4,0.751999855,ACO,733.000000000,733.000000000,5,1
cubic_700.txt,4,1.447000027,ACO,735.000000000,733.000000000,5,0
cubic_700.txt,4,1.454999924,HHO,628.000000000,628.000000000,5,1
cubic_700.txt,4,2.294999838,ACO,734.000000000,628.000000000,5,0
cubic_700.txt,4,3.309000015,ACO,634.000000000,628.000000000,5,0
cubic_700.txt,4,3.507999897,HHO,615.000000000,615.000000000,5,1
cubic_700.txt,4,4.429999828,ACO,616.000000000,615.000000000,5,0
cubic_700.txt,4,5.549999952,ACO,625.000000000,615.000000000,5,0
cubic_700.txt,4,6.210999966,HHO,624.000000000,615.000000000,5,0
cubic_700.txt,4,6.819000006,ACO,618.000000000,615.000000000,5,0
cubic_700.txt,4,7.997999907,ACO,619.000000000,615.000000000,5,0
cubic_700.txt,4,9.351999998,HHO,611.000000000,611.000000000,5,1
cubic_700.txt,4,14.662999868,HHO,617.000000000,611.000000000,5,0
cubic_700.txt,4,20.325000048,ACO,610.000000000,610.000000000,5,1
cubic_700.txt,4,23.963999987,ACO,613.000000000,610.000000000,5,0
cubic_700.txt,5,0.006000042,Tabu Search,772.000000000,772.000000000,1,1
cubic_700.txt,5,0.006000042,RVNS,811.000000000,772.000000000,2,0
cubic_700.txt,5,0.009000063,RVNS,771.000000000,771.000000000,3,1
cubic_700.txt,5,0.009999990,Tabu Search,775.000000000,771.000000000,4,0
cubic_700.txt,5,0.012000084,RVNS,774.000000000,771.000000000,5,0
cubic_700.txt,5,0.012000084,Tabu Search,770.000000000,770.000000000,5,1
cubic_700.txt,5,0.016999960,Tabu Search,773.000000000,770.000000000,5,0
cubic_700.txt,5,0.036000013,RVNS,769.000000000,769.000000000,5,1
cubic_700.txt,5,0.105999947,Tabu Search,768.000000000,768.000000000,5,1
cubic_700.txt,5,1.729000092,ACO,732.000000000,732.000000000,5,1
cubic_700.txt,5,3.033999920,ACO,729.000000000,729.000000000,5,1
cubic_700.txt,5,3.141999960,HHO,638.000000000,638.000000000,5,1
cubic_700.txt,5,4.450999975,ACO,723.000000000,638.000000000,5,0
cubic_700.txt,5,5.545000076,ACO,721.000000000,638.000000000,5,0
cubic_700.txt,5,5.756000042,HHO,622.000000000,622.000000000,5,1
cubic_700.txt,5,6.614000082,ACO,714.000000000,622.000000000,5,0
cubic_700.txt,5,7.776999950,ACO,712.000000000,622.000000000,5,0
cubic_700.txt,5,8.354000092,HHO,615.000000000,615.000000000,5,1
cubic_700.txt,5,8.819000006,ACO,710.000000000,615.000000000,5,0
cubic_700.txt,5,10.877000093,ACO,623.000000000,615.000000000,5,0
cubic_700.txt,5,11.190999985,HHO,634.000000000,615.000000000,5,0
cubic_700.txt,5,12.802000046,ACO,606.000000000,606.000000000,5,1
cubic_700.txt,5,14.440999985,ACO,621.000000000,606.000000000,5,0
cubic_700.txt,5,16.317000151,HHO,610.000000000,606.000000000,5,0
cubic_700.txt,5,18.982000113,ACO,618.000000000,606.000000000,5,0
cubic_700.txt,5,19.973999977,ACO,617.000000000,606.000000000,5,0
cubic_700.txt,5,24.052999973,ACO,611.000000000,606.000000000,5,0
cubic_700.txt,5,24.904000044,ACO,613.000000000,606.000000000,5,0
cubic_700.txt,5,25.888000011,ACO,614.000000000,606.000000000,5,0
cubic_700.txt,6,0.004000187,RVNS,782.000000000,782.000000000,1,1
cubic_700.txt,6,0.004000187,Tabu Search,756.000000000,756.000000000,2,1
cubic_700.txt,6,0.006999969,Tabu Search,753.000000000,753.000000000,3,1
cubic_700.txt,6,0.008000135,RVNS,777.000000000,753.000000000,4,0
cubic_700.txt,6,0.008000135,Tabu Search,754.000000000,753.000000000,5,0
cubic_700.txt,6,0.011000156,Tabu Search,752.000000000,752.000000000,5,1
cubic_700.txt,6,0.012000084,RVNS,750.000000000,750.000000000,5,1
cubic_700.txt,6,0.018000126,Tabu Search,751.000000000,750.000000000,5,0
cubic_700.txt,6,0.023000002,RVNS,749.000000000,749.000000000,5,1
cubic_700.txt,6,1.335000038,ACO,733.000000000,733.000000000,5,1
cubic_700.txt,6,2.355000019,ACO,736.000000000,733.000000000,5,0
cubic_700.txt,6,2.429000139,HHO,614.000000000,614.000000000,5,1
cubic_700.txt,6,4.200999975,ACO,722.000000000,614.000000000,5,0
cubic_700.txt,6,4.585999966,HHO,619.000000000,614.000000000,5,0
cubic_700.txt,6,5.992000103,ACO,721.000000000,614.000000000,5,0
cubic_700.txt,6,6.726999998,HHO,624.000000000,614.000000000,5,0
cubic_700.txt,6,7.083000183,ACO,625.000000000,614.000000000,5,0
cubic_700.txt,6,8.045000076,ACO,621.000000000,614.000000000,5,0
cubic_700.txt,6,9.721000195,ACO,618.000000000,614.000000000,5,0
cubic_700.txt,6,10.532000065,ACO,623.000000000,614.000000000,5,0
cubic_700.txt,6,11.475000143,ACO,608.000000000,608.000000000,5,1
cubic_700.txt,6,12.551000118,ACO,617.000000000,608.000000000,5,0
cubic_700.txt,6,17.058000088,ACO,616.000000000,608.000000000,5,0
cubic_700.txt,6,18.215000153,ACO,611.000000000,608.000000000,5,0
cubic_700.txt,6,19.309000015,ACO,615.000000000,608.000000000,5,0
cubic_700.txt,6,20.560000181,ACO,605.000000000,605.000000000,5,1
cubic_700.txt,7,0.005999804,RVNS,780.000000000,780.000000000,1,1
cubic_700.txt,7,0.005999804,Tabu Search,752.000000000,752.000000000,2,1
cubic_700.txt,7,0.008999825,Tabu Search,748.000000000,748.000000000,3,1
cubic_700.txt,7,0.008999825,RVNS,751.000000000,748.000000000,4,0
cubic_700.txt,7,0.013999939,Tabu Search,755.000000000,748.000000000,5,0
cubic_700.txt,7,0.013999939,RVNS,749.000000000,748.000000000,5,0
cubic_700.txt,7,0.016999960,Tabu Search,753.000000000,748.000000000,5,0
cubic_700.txt,7,0.016999960,RVNS,750.000000000,748.000000000,5,0
cubic_700.txt,7,0.041999817,Tabu Search,746.000000000,746.000000000,5,1
cubic_700.txt,7,0.076999903,Tabu Search,747.000000000,746.000000000,5,0
cubic_700.txt,7,1.399999857,ACO,744.000000000,744.000000000,5,1
cubic_700.txt,7,2.533999920,ACO,739.000000000,739.000000000,5,1
cubic_700.txt,7,2.774999857,HHO,635.000000000,635.000000000,5,1
cubic_700.txt,7,3.438999891,ACO,736.000000000,635.000000000,5,0
cubic_700.txt,7,4.269999981,ACO,733.000000000,635.000000000,5,0
cubic_700.txt,7,4.715999842,HHO,617.000000000,617.000000000,5,1
cubic_700.txt,7,5.069000006,ACO,732.000000000,617.000000000,5,0
cubic_700.txt,7,5.919999838,ACO,621.000000000,617.000000000,5,0
cubic_700.txt,7,6.777999878,ACO,630.000000000,617.000000000,5,0
cubic_700.txt,7,6.822999954,HHO,612.000000000,612.000000000,5,1
cubic_700.txt,7,7.827999830,ACO,611.000000000,611.000000000,5,1
cubic_700.txt,7,9.576999903,ACO,613.000000000,611.000000000,5,0
cubic_700.txt,7,12.158999920,ACO,615.000000000,611.000000000,5,0
cubic_700.txt,7,13.786000013,HHO,614.000000000,611.000000000,5,0
cubic_700.txt,7,17.440999985,ACO,604.000000000,604.000000000,5,1
cubic_700.txt,7,18.337999821,ACO,610.000000000,604.000000000,5,0
cubic_700.txt,7,20.066999912,ACO,607.000000000,604.000000000,5,0
cubic_700.txt,8,0.003000021,RVNS,800.000000000,800.000000000,1,1
cubic_700.txt,8,0.003999949,Tabu Search,797.000000000,797.000000000,2,1
cubic_700.txt,8,0.005000114,Tabu Search,795.000000000,795.000000000,3,1
cubic_700.txt,8,0.005000114,RVNS,798.000000000,795.000000000,4,0
cubic_700.txt,8,0.009999990,RVNS,799.000000000,795.000000000,5,0
cubic_700.txt,8,0.013000011,RVNS,796.000000000,795.000000000,5,0
cubic_700.txt,8,0.694000006,ACO,748.000000000,748.000000000,5,1
cubic_700.txt,8,1.565999985,ACO,735.000000000,735.000000000,5,1
cubic_700.txt,8,1.671999931,HHO,607.000000000,607.000000000,5,1
cubic_700.txt,8,2.358000040,ACO,728.000000000,607.000000000,5,0
cubic_700.txt,8,3.124000072,ACO,729.000000000,607.000000000,5,0
cubic_700.txt,8,3.538000107,HHO,610.000000000,607.000000000,5,0
cubic_700.txt,8,4.013000011,ACO,724.000000000,607.000000000,5,0
cubic_700.txt,8,4.802999973,ACO,717.000000000,607.000000000,5,0
cubic_700.txt,8,5.578999996,ACO,725.000000000,607.000000000,5,0
cubic_700.txt,8,7.562999964,ACO,619.000000000,607.000000000,5,0
cubic_700.txt,8,8.202000141,HHO,616.000000000,607.000000000,5,0
cubic_700.txt,8,8.824000120,ACO,615.000000000,607.000000000,5,0
cubic_700.txt,8,10.055999994,ACO,613.000000000,607.000000000,5,0
cubic_700.txt,8,11.980000019,HHO,608.000000000,607.000000000,5,0
cubic_700.txt,8,12.838000059,ACO,612.000000000,607.000000000,5,0
cubic_700.txt,8,15.623000145,ACO,604.000000000,604.000000000,5,1
cubic_700.txt,8,18.266999960,HHO,606.000000000,604.000000000,5,0
cubic_700.txt,8,19.647000074,ACO,600.000000000,600.000000000,5,1
cubic_700.txt,8,20.469000101,ACO,593.000000000,593.000000000,5,1
cubic_700.txt,8,21.189000130,ACO,592.000000000,592.000000000,5,1
cubic_700.txt,9,0.003000021,Tabu Search,800.000000000,800.000000000,1,1
cubic_700.txt,9,0.003000021,RVNS,789.000000000,789.000000000,2,1
cubic_700.txt,9,0.003000021,Tabu Search,798.000000000,789.000000000,3,0
cubic_700.txt,9,0.003999949,RVNS,788.000000000,788.000000000,4,1
cubic_700.txt,9,0.005000114,Tabu Search,790.000000000,788.000000000,5,0
cubic_700.txt,9,0.005000114,RVNS,799.000000000,788.000000000,5,0
cubic_700.txt,9,0.006000042,RVNS,787.000000000,787.000000000,5,1
cubic_700.txt,9,0.006999969,Tabu Search,784.000000000,784.000000000,5,1
cubic_700.txt,9,0.008000135,RVNS,785.000000000,784.000000000,5,0
cubic_700.txt,9,0.010999918,Tabu Search,786.000000000,784.000000000,5,0
cubic_700.txt,9,0.012000084,Tabu Search,783.000000000,783.000000000,5,1
cubic_700.txt,9,0.671000004,ACO,740.000000000,740.000000000,5,1
cubic_700.txt,9,1.401999950,ACO,741.000000000,740.000000000,5,0
cubic_700.txt,9,1.496000051,HHO,611.000000000,611.000000000,5,1
cubic_700.txt,9,2.118000031,ACO,735.000000000,611.000000000,5,0
cubic_700.txt,9,2.911999941,ACO,731.000000000,611.000000000,5,0
cubic_700.txt,9,3.279999971,HHO,619.000000000,611.000000000,5,0
cubic_700.txt,9,4.970999956,ACO,608.000000000,608.000000000,5,1
cubic_700.txt,9,5.819999933,HHO,636.000000000,608.000000000,5,0
cubic_700.txt,9,6.042000055,ACO,614.000000000,608.000000000,5,0
cubic_700.txt,9,7.029999971,ACO,618.000000000,608.000000000,5,0
cubic_700.txt,9,14.510999918,ACO,612.000000000,608.000000000,5,0
cubic_700.txt,9,18.569999933,ACO,602.000000000,602.000000000,5,1
cubic_700.txt,9,19.430000067,ACO,607.000000000,602.000000000,5,0
cubic_700.txt,10,0.001999855,RVNS,777.000000000,777.000000000,1,1
cubic_700.txt,10,0.003000021,Tabu Search,795.000000000,777.000000000,2,0
cubic_700.txt,10,0.003000021,RVNS,778.000000000,777.000000000,3,0
cubic_700.txt,10,0.004999876,RVNS,775.000000000,775.000000000,4,1
cubic_700.txt,10,0.006000042,Tabu Search,776.000000000,775.000000000,5,0
cubic_700.txt,10,0.013000011,RVNS,792.000000000,775.000000000,5,0
cubic_700.txt,10,0.013999939,RVNS,790.000000000,775.000000000,5,0
cubic_700.txt,10,0.014999866,RVNS,774.000000000,774.000000000,5,1
cubic_700.txt,10,0.672999859,ACO,748.000000000,748.000000000,5,1
cubic_700.txt,10,1.233000040,ACO,743.000000000,743.000000000,5,1
cubic_700.txt,10,1.369999886,HHO,634.000000000,634.000000000,5,1
cubic_700.txt,10,1.853999853,ACO,729.000000000,634.000000000,5,0
cubic_700.txt,10,2.445999861,ACO,726.000000000,634.000000000,5,0
cubic_700.txt,10,2.859999895,HHO,622.000000000,622.000000000,5,1
cubic_700.txt,10,3.872999907,ACO,727.000000000,622.000000000,5,0
cubic_700.txt,10,4.649999857,ACO,720.000000000,622.000000000,5,0
cubic_700.txt,10,4.883999825,HHO,620.000000000,620.000000000,5,1
cubic_700.txt,10,5.829999924,ACO,631.000000000,620.000000000,5,0
cubic_700.txt,10,7.109999895,ACO,607.000000000,607.000000000,5,1
cubic_700.txt,10,8.269000053,ACO,626.000000000,607.000000000,5,0
cubic_700.txt,10,10.753000021,ACO,625.000000000,607.000000000,5,0
cubic_700.txt,10,11.463999987,HHO,617.000000000,607.000000000,5,0
cubic_700.txt,10,11.721999884,ACO,621.000000000,607.000000000,5,0
cubic_700.txt,10,17.583999872,ACO,610.000000000,607.000000000,5,0
cubic_700.txt,10,19.453999996,ACO,615.000000000,607.000000000,5,0
cubic_800.txt,1,0.003999949,RVNS,913.000000000,913.000000000,1,1
cubic_800.txt,1,0.004999876,Tabu Search,902.000000000,902.000000000,2,1
cubic_800.txt,1,0.004999876,RVNS,908.000000000,902.000000000,3,0
cubic_800.txt,1,0.005999804,Tabu Search,900.000000000,900.000000000,4,1
cubic_800.txt,1,0.005999804,RVNS,910.000000000,900.000000000,5,0
cubic_800.txt,1,0.006999969,RVNS,907.000000000,900.000000000,5,0
cubic_800.txt,1,0.007999897,Tabu Search,899.000000000,899.000000000,5,1
cubic_800.txt,1,0.008999825,RVNS,901.000000000,899.000000000,5,0
cubic_800.txt,1,0.010999918,Tabu Search,897.000000000,897.000000000,5,1
cubic_800.txt,1,0.013000011,RVNS,898.000000000,897.000000000,5,0
cubic_800.txt,1,0.046000004,RVNS,896.000000000,896.000000000,5,1
cubic_800.txt,1,0.098999977,RVNS,895.000000000,895.000000000,5,1
cubic_800.txt,1,1.084999800,ACO,844.000000000,844.000000000,5,1
cubic_800.txt,1,2.304999828,HHO,730.000000000,730.000000000,5,1
cubic_800.txt,1,2.869999886,ACO,847.000000000,730.000000000,5,0
cubic_800.txt,1,3.839999914,ACO,836.000000000,730.000000000,5,0
cubic_800.txt,1,4.498999834,HHO,700.000000000,700.000000000,5,1
cubic_800.txt,1,4.759999990,ACO,834.000000000,700.000000000,5,0
cubic_800.txt,1,5.750999928,ACO,820.000000000,700.000000000,5,0
cubic_800.txt,1,7.008999825,ACO,822.000000000,700.000000000,5,0
cubic_800.txt,1,7.223999977,HHO,719.000000000,700.000000000,5,0
cubic_800.txt,1,10.010999918,ACO,708.000000000,700.000000000,5,0
cubic_800.txt,1,11.136999846,ACO,715.000000000,700.000000000,5,0
cubic_800.txt,1,11.350999832,HHO,712.000000000,700.000000000,5,0
cubic_800.txt,1,12.187000036,ACO,716.000000000,700.000000000,5,0
cubic_800.txt,1,17.911999941,ACO,695.000000000,695.000000000,5,1
cubic_800.txt,1,19.837999821,ACO,707.000000000,695.000000000,5,0
cubic_800.txt,1,24.314999819,ACO,709.000000000,695.000000000,5,0
cubic_800.txt,1,25.416999817,ACO,693.000000000,693.000000000,5,1
cubic_800.txt,2,0.006000042,RVNS,892.000000000,892.000000000,1,1
cubic_800.txt,2,0.006000042,Tabu Search,889.000000000,889.000000000,2,1
cubic_800.txt,2,0.009000063,Tabu Search,888.000000000,888.000000000,3,1
cubic_800.txt,2,0.010999918,Tabu Search,890.000000000,888.000000000,4,0
cubic_800.txt,2,0.013999939,Tabu Search,893.000000000,888.000000000,5,0
cubic_800.txt,2,0.013999939,RVNS,891.000000000,888.000000000,5,0
cubic_800.txt,2,0.023000002,RVNS,887.000000000,887.000000000,5,1
cubic_800.txt,2,0.043999910,RVNS,886.000000000,886.000000000,5,1
cubic_800.txt,2,0.924000025,ACO,847.000000000,847.000000000,5,1
cubic_800.txt,2,1.651999950,ACO,851.000000000,847.000000000,5,0
cubic_800.txt,2,1.887000084,HHO,715.000000000,715.000000000,5,1
cubic_800.txt,2,2.749000072,ACO,836.000000000,715.000000000,5,0
cubic_800.txt,2,5.647000074,HHO,707.000000000,707.000000000,5,1
cubic_800.txt,2,6.104000092,ACO,719.000000000,707.000000000,5,0
cubic_800.txt,2,7.990999937,ACO,718.000000000,707.000000000,5,0
cubic_800.txt,2,10.532999992,HHO,717.000000000,707.000000000,5,0
cubic_800.txt,2,11.388999939,ACO,708.000000000,707.000000000,5,0
cubic_800.txt,2,13.505000114,ACO,710.000000000,707.000000000,5,0
cubic_800.txt,2,14.213999987,HHO,713.000000000,707.000000000,5,0
cubic_800.txt,2,15.490000010,ACO,711.000000000,707.000000000,5,0
cubic_800.txt,2,19.075999975,ACO,700.000000000,700.000000000,5,1
cubic_800.txt,2,20.282999992,ACO,704.000000000,700.000000000,5,0
cubic_800.txt,2,21.364000082,ACO,706.000000000,700.000000000,5,0
cubic_800.txt,2,22.364000082,ACO,697.000000000,697.000000000,5,1
cubic_800.txt,2,23.219000101,ACO,699.000000000,697.000000000,5,0
cubic_800.txt,2,25.611999989,ACO,701.000000000,697.000000000,5,0
cubic_800.txt,3,0.003000021,Tabu Search,914.000000000,914.000000000,1,1
cubic_800.txt,3,0.003000021,RVNS,881.000000000,881.000000000,2,1
cubic_800.txt,3,0.003999949,Tabu Search,883.000000000,881.000000000,3,0
cubic_800.txt,3,0.005000114,RVNS,882.000000000,881.000000000,4,0
cubic_800.txt,3,0.006000042,RVNS,920.000000000,881.000000000,5,0
cubic_800.txt,3,0.009999990,Tabu Search,885.000000000,881.000000000,5,0
cubic_800.txt,3,0.010999918,RVNS,879.000000000,879.000000000,5,1
cubic_800.txt,3,0.012000084,RVNS,877.000000000,877.000000000,5,1
cubic_800.txt,3,0.013999939,Tabu Search,878.000000000,877.000000000,5,0
cubic_800.txt,3,0.013999939,RVNS,880.000000000,877.000000000,5,0
cubic_800.txt,3,0.052000046,RVNS,876.000000000,876.000000000,5,1
cubic_800.txt,3,0.827000141,ACO,853.000000000,853.000000000,5,1
cubic_800.txt,3,1.548000097,ACO,842.000000000,842.000000000,5,1
cubic_800.txt,3,1.779999971,HHO,703.000000000,703.000000000,5,1
cubic_800.txt,3,2.266000032,ACO,837.000000000,703.000000000,5,0
cubic_800.txt,3,3.670000076,HHO,714.000000000,703.000000000,5,0
cubic_800.txt,3,3.733999968,ACO,834.000000000,703.000000000,5,0
cubic_800.txt,3,4.430000067,ACO,704.000000000,703.000000000,5,0
cubic_800.txt,3,5.123000145,ACO,718.000000000,703.000000000,5,0
cubic_800.txt,3,5.588000059,HHO,727.000000000,703.000000000,5,0
cubic_800.txt,3,5.828000069,ACO,715.000000000,703.000000000,5,0
cubic_800.txt,3,8.345999956,ACO,712.000000000,703.000000000,5,0
cubic_800.txt,3,9.160000086,ACO,708.000000000,703.000000000,5,0
cubic_800.txt,3,10.579999924,ACO,709.000000000,703.000000000,5,0
cubic_800.txt,3,12.812999964,HHO,707.000000000,703.000000000,5,0
cubic_800.txt,3,14.229000092,ACO,706.000000000,703.000000000,5,0
cubic_800.txt,3,14.941999912,ACO,696.000000000,696.000000000,5,1
cubic_800.txt,3,17.068000078,ACO,700.000000000,696.000000000,5,0
cubic_800.txt,3,17.726000071,ACO,705.000000000,696.000000000,5,0
cubic_800.txt,4,0.004000187,RVNS,907.000000000,907.000000000,1,1
cubic_800.txt,4,0.004000187,Tabu Search,888.000000000,888.000000000,2,1
cubic_800.txt,4,0.006000042,RVNS,891.000000000,888.000000000,3,0
cubic_800.txt,4,0.007000208,Tabu Search,889.000000000,888.000000000,4,0
cubic_800.txt,4,0.007000208,RVNS,905.000000000,888.000000000,5,0
cubic_800.txt,4,0.008000135,Tabu Search,890.000000000,888.000000000,5,0
cubic_800.txt,4,0.009000063,RVNS,904.000000000,888.000000000,5,0
cubic_800.txt,4,0.011000156,Tabu Search,886.000000000,886.000000000,5,1
cubic_800.txt,4,0.013000011,RVNS,887.000000000,886.000000000,5,0
cubic_800.txt,4,0.964000225,ACO,844.000000000,844.000000000,5,1
cubic_800.txt,4,1.720000029,ACO,830.000000000,830.000000000,5,1
cubic_800.txt,4,1.933000088,HHO,716.000000000,716.000000000,5,1
cubic_800.txt,4,2.432000160,ACO,828.000000000,716.000000000,5,0
cubic_800.txt,4,3.120000124,ACO,826.000000000,716.000000000,5,0
cubic_800.txt,4,3.706000090,HHO,709.000000000,709.000000000,5,1
cubic_800.txt,4,4.714000225,ACO,718.000000000,709.000000000,5,0
cubic_800.txt,4,5.489000082,ACO,711.000000000,709.000000000,5,0
cubic_800.txt,4,6.275000095,ACO,703.000000000,703.000000000,5,1
cubic_800.txt,4,8.525000095,ACO,700.000000000,700.000000000,5,1
cubic_800.txt,4,9.227000237,ACO,714.000000000,700.000000000,5,0
cubic_800.txt,4,10.613000154,HHO,712.000000000,700.000000000,5,0
cubic_800.txt,4,12.896000147,ACO,691.000000000,691.000000000,5,1
cubic_800.txt,4,14.314000130,ACO,710.000000000,691.000000000,5,0
cubic_800.txt,4,15.024000168,ACO,701.000000000,691.000000000,5,0
cubic_800.txt,4,15.744000196,ACO,708.000000000,691.000000000,5,0
cubic_800.txt,4,16.428000212,ACO,693.000000000,691.000000000,5,0
cubic_800.txt,4,17.104000092,ACO,699.000000000,691.000000000,5,0
cubic_800.txt,5,0.003999949,Tabu Search,911.000000000,911.000000000,1,1
cubic_800.txt,5,0.005000114,RVNS,879.000000000,879.000000000,2,1
cubic_800.txt,5,0.006999969,RVNS,910.000000000,879.000000000,3,0
cubic_800.txt,5,0.008000135,Tabu Search,882.000000000,879.000000000,4,0
cubic_800.txt,5,0.009999990,RVNS,881.000000000,879.000000000,5,0
cubic_800.txt,5,0.009999990,Tabu Search,878.000000000,878.000000000,5,1
cubic_800.txt,5,0.012000084,Tabu Search,880.000000000,878.000000000,5,0
cubic_800.txt,5,0.023000002,RVNS,877.000000000,877.000000000,5,1
cubic_800.txt,5,0.035000086,Tabu Search,876.000000000,876.000000000,5,1
cubic_800.txt,5,0.949000120,ACO,851.000000000,851.000000000,5,1
cubic_800.txt,5,1.829999924,ACO,843.000000000,843.000000000,5,1
cubic_800.txt,5,2.143000126,HHO,714.000000000,714.000000000,5,1
cubic_800.txt,5,2.689000130,ACO,841.000000000,714.000000000,5,0
cubic_800.txt,5,3.451999903,ACO,708.000000000,708.000000000,5,1
cubic_800.txt,5,4.222000122,ACO,716.000000000,708.000000000,5,0
cubic_800.txt,5,4.232000113,HHO,715.000000000,708.000000000,5,0
cubic_800.txt,5,5.888000011,ACO,728.000000000,708.000000000,5,0
cubic_800.txt,5,6.512000084,HHO,724.000000000,708.000000000,5,0
cubic_800.txt,5,6.615000010,ACO,707.000000000,707.000000000,5,1
cubic_800.txt,5,7.299000025,ACO,711.000000000,707.000000000,5,0
cubic_800.txt,5,8.627000093,HHO,712.000000000,707.000000000,5,0
cubic_800.txt,5,10.220000029,ACO,700.000000000,700.000000000,5,1
cubic_800.txt,5,11.117000103,ACO,706.000000000,700.000000000,5,0
cubic_800.txt,5,12.625000000,ACO,709.000000000,700.000000000,5,0
cubic_800.txt,5,15.431999922,ACO,692.000000000,692.000000000,5,1
cubic_800.txt,5,16.016000032,HHO,705.000000000,692.000000000,5,0
cubic_800.txt,5,16.325000048,ACO,696.000000000,692.000000000,5,0
cubic_800.txt,5,17.999000072,ACO,693.000000000,692.000000000,5,0
cubic_800.txt,6,0.004000187,Tabu Search,883.000000000,883.000000000,1,1
cubic_800.txt,6,0.004000187,RVNS,894.000000000,883.000000000,2,0
cubic_800.txt,6,0.006999969,RVNS,896.000000000,883.000000000,3,0
cubic_800.txt,6,0.008000135,Tabu Search,886.000000000,883.000000000,4,0
cubic_800.txt,6,0.009999990,RVNS,885.000000000,883.000000000,5,0
cubic_800.txt,6,0.009999990,Tabu Search,884.000000000,883.000000000,5,0
cubic_800.txt,6,0.013000011,RVNS,887.000000000,883.000000000,5,0
cubic_800.txt,6,0.013000011,Tabu Search,882.000000000,882.000000000,5,1
cubic_800.txt,6,0.037000179,Tabu Search,881.000000000,881.000000000,5,1
cubic_800.txt,6,0.042999983,RVNS,880.000000000,880.000000000,5,1
cubic_800.txt,6,0.906000137,ACO,844.000000000,844.000000000,5,1
cubic_800.txt,6,1.621999979,ACO,837.000000000,837.000000000,5,1
cubic_800.txt,6,1.844000101,HHO,707.000000000,707.000000000,5,1
cubic_800.txt,6,2.390000105,ACO,843.000000000,707.000000000,5,0
cubic_800.txt,6,3.107000113,ACO,841.000000000,707.000000000,5,0
cubic_800.txt,6,3.740000010,HHO,701.000000000,701.000000000,5,1
cubic_800.txt,6,3.799000025,ACO,713.000000000,701.000000000,5,0
cubic_800.txt,6,4.528000116,ACO,704.000000000,701.000000000,5,0
cubic_800.txt,6,5.230000019,ACO,719.000000000,701.000000000,5,0
cubic_800.txt,6,5.672000170,HHO,716.000000000,701.000000000,5,0
cubic_800.txt,6,6.611999989,ACO,705.000000000,701.000000000,5,0
cubic_800.txt,6,7.322000027,ACO,703.000000000,701.000000000,5,0
cubic_800.txt,6,7.822000027,HHO,697.000000000,697.000000000,5,1
cubic_800.txt,6,9.613000154,ACO,693.000000000,693.000000000,5,1
cubic_800.txt,6,14.271000147,ACO,702.000000000,693.000000000,5,0
cubic_800.txt,6,16.472000122,ACO,696.000000000,693.000000000,5,0
cubic_800.txt,7,0.003000021,Tabu Search,894.000000000,894.000000000,1,1
cubic_800.txt,7,0.005000114,RVNS,898.000000000,894.000000000,2,0
cubic_800.txt,7,0.006000042,RVNS,890.000000000,890.000000000,3,1
cubic_800.txt,7,0.006000042,Tabu Search,892.000000000,890.000000000,4,0
cubic_800.txt,7,0.008000135,Tabu Search,896.000000000,890.000000000,5,0
cubic_800.txt,7,0.008000135,RVNS,895.000000000,890.000000000,5,0
cubic_800.txt,7,0.010999918,Tabu Search,893.000000000,890.000000000,5,0
cubic_800.txt,7,0.012000084,Tabu Search,891.000000000,890.000000000,5,0
cubic_800.txt,7,0.042000055,RVNS,889.000000000,889.000000000,5,1
cubic_800.txt,7,0.851999998,ACO,844.000000000,844.000000000,5,1
cubic_800.txt,7,1.694000006,ACO,846.000000000,844.000000000,5,0
cubic_800.txt,7,1.911999941,HHO,723.000000000,723.000000000,5,1
cubic_800.txt,7,2.500999928,ACO,842.000000000,723.000000000,5,0
cubic_800.txt,7,3.279000044,ACO,841.000000000,723.000000000,5,0
cubic_800.txt,7,4.012000084,HHO,700.000000000,700.000000000,5,1
cubic_800.txt,7,4.121999979,ACO,832.000000000,700.000000000,5,0
cubic_800.txt,7,4.837000132,ACO,821.000000000,700.000000000,5,0
cubic_800.txt,7,5.548000097,ACO,722.000000000,700.000000000,5,0
cubic_800.txt,7,5.964999914,HHO,711.000000000,700.000000000,5,0
cubic_800.txt,7,6.378000021,ACO,707.000000000,700.000000000,5,0
cubic_800.txt,7,7.240999937,ACO,718.000000000,700.000000000,5,0
cubic_800.txt,7,7.972000122,ACO,716.000000000,700.000000000,5,0
cubic_800.txt,7,8.397000074,HHO,706.000000000,700.000000000,5,0
cubic_800.txt,7,8.677000046,ACO,713.000000000,700.000000000,5,0
cubic_800.txt,7,11.141999960,ACO,699.000000000,699.000000000,5,1
cubic_800.txt,7,12.759999990,ACO,697.000000000,697.000000000,5,1
cubic_800.txt,7,17.760999918,ACO,701.000000000,697.000000000,5,0
cubic_800.txt,8,0.002000093,Tabu Search,881.000000000,881.000000000,1,1
cubic_800.txt,8,0.003000021,RVNS,892.000000000,881.000000000,2,0
cubic_800.txt,8,0.003000021,Tabu Search,880.000000000,880.000000000,3,1
cubic_800.txt,8,0.003999949,Tabu Search,883.000000000,880.000000000,4,0
cubic_800.txt,8,0.004999876,RVNS,889.000000000,880.000000000,5,0
cubic_800.txt,8,0.004999876,Tabu Search,879.000000000,879.000000000,5,1
cubic_800.txt,8,0.006000042,Tabu Search,878.000000000,878.000000000,5,1
cubic_800.txt,8,0.006999969,Tabu Search,882.000000000,878.000000000,5,0
cubic_800.txt,8,0.012000084,Tabu Search,877.000000000,877.000000000,5,1
cubic_800.txt,8,0.066999912,RVNS,876.000000000,876.000000000,5,1
cubic_800.txt,8,0.940000057,ACO,846.000000000,846.000000000,5,1
cubic_800.txt,8,1.766999960,ACO,849.000000000,846.000000000,5,0
cubic_800.txt,8,2.000000000,HHO,714.000000000,714.000000000,5,1
cubic_800.txt,8,3.434000015,ACO,830.000000000,714.000000000,5,0
cubic_800.txt,8,4.184999943,HHO,720.000000000,714.000000000,5,0
cubic_800.txt,8,4.283999920,ACO,825.000000000,714.000000000,5,0
cubic_800.txt,8,5.039999962,ACO,728.000000000,714.000000000,5,0
cubic_800.txt,8,5.950000048,ACO,709.000000000,709.000000000,5,1
cubic_800.txt,8,6.454999924,HHO,716.000000000,709.000000000,5,0
cubic_800.txt,8,6.746999979,ACO,703.000000000,703.000000000,5,1
cubic_800.txt,8,7.526999950,ACO,711.000000000,703.000000000,5,0
cubic_800.txt,8,8.957000017,HHO,715.000000000,703.000000000,5,0
cubic_800.txt,8,10.720000029,ACO,696.000000000,696.000000000,5,1
cubic_800.txt,8,11.549000025,ACO,697.000000000,696.000000000,5,0
cubic_800.txt,8,11.585999966,HHO,705.000000000,696.000000000,5,0
cubic_800.txt,8,12.283999920,ACO,695.000000000,695.000000000,5,1
cubic_800.txt,8,12.984999895,ACO,698.000000000,695.000000000,5,0
cubic_800.txt,8,13.694999933,ACO,691.000000000,691.000000000,5,1
cubic_800.txt,8,15.908999920,ACO,694.000000000,691.000000000,5,0
cubic_800.txt,8,16.586999893,ACO,692.000000000,691.000000000,5,0
cubic_800.txt,9,0.004999876,RVNS,879.000000000,879.000000000,1,1
cubic_800.txt,9,0.004999876,Tabu Search,897.000000000,879.000000000,2,0
cubic_800.txt,9,0.007999897,RVNS,899.000000000,879.000000000,3,0
cubic_800.txt,9,0.008999825,RVNS,882.000000000,879.000000000,4,0
cubic_800.txt,9,0.009999990,Tabu Search,878.000000000,878.000000000,5,1
cubic_800.txt,9,0.010999918,RVNS,898.000000000,878.000000000,5,0
cubic_800.txt,9,0.013999939,Tabu Search,881.000000000,878.000000000,5,0
cubic_800.txt,9,0.013999939,RVNS,880.000000000,878.000000000,5,0
cubic_800.txt,9,0.016000032,Tabu Search,875.000000000,875.000000000,5,1
cubic_800.txt,9,0.016000032,RVNS,877.000000000,875.000000000,5,0
cubic_800.txt,9,0.017999887,RVNS,876.000000000,875.000000000,5,0
cubic_800.txt,9,0.082000017,Tabu Search,874.000000000,874.000000000,5,1
cubic_800.txt,9,1.230999947,ACO,852.000000000,852.000000000,5,1
cubic_800.txt,9,2.391999960,ACO,846.000000000,846.000000000,5,1
cubic_800.txt,9,2.620999813,HHO,702.000000000,702.000000000,5,1
cubic_800.txt,9,3.388000011,ACO,844.000000000,702.000000000,5,0
cubic_800.txt,9,4.669999838,ACO,834.000000000,702.000000000,5,0
cubic_800.txt,9,5.477999926,HHO,701.000000000,701.000000000,5,1
cubic_800.txt,9,5.873999834,ACO,832.000000000,701.000000000,5,0
cubic_800.txt,9,6.826999903,ACO,827.000000000,701.000000000,5,0
cubic_800.txt,9,8.060999870,HHO,700.000000000,700.000000000,5,1
cubic_800.txt,9,8.879999876,ACO,825.000000000,700.000000000,5,0
cubic_800.txt,9,9.737999916,ACO,696.000000000,696.000000000,5,1
cubic_800.txt,9,10.848999977,ACO,705.000000000,696.000000000,5,0
cubic_800.txt,9,14.676999807,ACO,698.000000000,696.000000000,5,0
cubic_800.txt,9,18.172999859,ACO,690.000000000,690.000000000,5,1
cubic_800.txt,9,20.026000023,ACO,693.000000000,690.000000000,5,0
cubic_800.txt,9,21.506999969,HHO,697.000000000,690.000000000,5,0
cubic_800.txt,10,0.002000093,RVNS,882.000000000,882.000000000,1,1
cubic_800.txt,10,0.003000021,Tabu Search,915.000000000,882.000000000,2,0
cubic_800.txt,10,0.003000021,RVNS,884.000000000,882.000000000,3,0
cubic_800.txt,10,0.004999876,RVNS,883.000000000,882.000000000,4,0
cubic_800.txt,10,0.006000042,Tabu Search,881.000000000,881.000000000,5,1
cubic_800.txt,10,0.009999990,RVNS,880.000000000,880.000000000,5,1
cubic_800.txt,10,0.013000011,RVNS,879.000000000,879.000000000,5,1
cubic_800.txt,10,0.076999903,Tabu Search,877.000000000,877.000000000,5,1
cubic_800.txt,10,0.882999897,ACO,854.000000000,854.000000000,5,1
cubic_800.txt,10,1.802999973,ACO,844.000000000,844.000000000,5,1
cubic_800.txt,10,2.019000053,HHO,722.000000000,722.000000000,5,1
cubic_800.txt,10,2.631000042,ACO,837.000000000,722.000000000,5,0
cubic_800.txt,10,3.530999899,ACO,835.000000000,722.000000000,5,0
cubic_800.txt,10,4.106999874,HHO,718.000000000,718.000000000,5,1
cubic_800.txt,10,4.394000053,ACO,708.000000000,708.000000000,5,1
cubic_800.txt,10,5.470000029,ACO,703.000000000,703.000000000,5,1
cubic_800.txt,10,7.106999874,ACO,724.000000000,703.000000000,5,0
cubic_800.txt,10,7.372999907,HHO,716.000000000,703.000000000,5,0
cubic_800.txt,10,8.315000057,ACO,706.000000000,703.000000000,5,0
cubic_800.txt,10,9.325000048,ACO,709.000000000,703.000000000,5,0
cubic_800.txt,10,10.296999931,ACO,713.000000000,703.000000000,5,0
cubic_800.txt,10,18.723000050,ACO,701.000000000,701.000000000,5,1
cubic_800.txt,10,19.591000080,ACO,702.000000000,701.000000000,5,0
cubic_800.txt,10,19.813999891,HHO,705.000000000,701.000000000,5,0
cubic_900.txt,1,0.003999949,Tabu Search,1018.000000000,1018.000000000,1,1
cubic_900.txt,1,0.003999949,RVNS,978.000000000,978.000000000,2,1
cubic_900.txt,1,0.006000042,Tabu Search,980.000000000,978.000000000,3,0
cubic_900.txt,1,0.006000042,RVNS,1021.000000000,978.000000000,4,0
cubic_900.txt,1,0.006999969,Tabu Search,979.000000000,978.000000000,5,0
cubic_900.txt,1,0.009000063,Tabu Search,981.000000000,978.000000000,5,0
cubic_900.txt,1,0.010999918,Tabu Search,977.000000000,977.000000000,5,1
cubic_900.txt,1,0.018000126,Tabu Search,976.000000000,976.000000000,5,1
cubic_900.txt,1,0.817000151,ACO,950.000000000,950.000000000,5,1
cubic_900.txt,1,1.513000011,ACO,948.000000000,948.000000000,5,1
cubic_900.txt,1,1.934000015,HHO,801.000000000,801.000000000,5,1
cubic_900.txt,1,2.253999949,ACO,947.000000000,801.000000000,5,0
cubic_900.txt,1,3.990999937,ACO,949.000000000,801.000000000,5,0
cubic_900.txt,1,4.327000141,HHO,814.000000000,801.000000000,5,0
cubic_900.txt,1,5.009000063,ACO,935.000000000,801.000000000,5,0
cubic_900.txt,1,6.025000095,ACO,936.000000000,801.000000000,5,0
cubic_900.txt,1,7.197000027,ACO,794.000000000,794.000000000,5,1
cubic_900.txt,1,7.342000008,HHO,809.000000000,794.000000000,5,0
cubic_900.txt,1,8.210999966,ACO,807.000000000,794.000000000,5,0
cubic_900.txt,1,9.197999954,ACO,811.000000000,794.000000000,5,0
cubic_900.txt,1,10.217999935,ACO,804.000000000,794.000000000,5,0
cubic_900.txt,1,13.407000065,ACO,803.000000000,794.000000000,5,0
cubic_900.txt,1,14.555000067,ACO,795.000000000,794.000000000,5,0
cubic_900.txt,1,20.327000141,ACO,787.000000000,787.000000000,5,1
cubic_900.txt,1,22.453999996,ACO,802.000000000,787.000000000,5,0
cubic_900.txt,1,23.476999998,ACO,790.000000000,787.000000000,5,0
cubic_900.txt,1,24.651000023,ACO,800.000000000,787.000000000,5,0
cubic_900.txt,2,0.003999949,RVNS,993.000000000,993.000000000,1,1
cubic_900.txt,2,0.003999949,Tabu Search,1026.000000000,993.000000000,2,0
cubic_900.txt,2,0.005000114,RVNS,992.000000000,992.000000000,3,1
cubic_900.txt,2,0.006000042,Tabu Search,991.000000000,991.000000000,4,1
cubic_900.txt,2,0.006999969,RVNS,996.000000000,991.000000000,5,0
cubic_900.txt,2,0.009000063,Tabu Search,998.000000000,991.000000000,5,0
cubic_900.txt,2,0.009999990,RVNS,994.000000000,991.000000000,5,0
cubic_900.txt,2,0.015000105,RVNS,995.000000000,991.000000000,5,0
cubic_900.txt,2,0.065999985,Tabu Search,990.000000000,990.000000000,5,1
cubic_900.txt,2,0.963999987,ACO,960.000000000,960.000000000,5,1
cubic_900.txt,2,1.687000036,ACO,939.000000000,939.000000000,5,1
cubic_900.txt,2,1.990999937,HHO,797.000000000,797.000000000,5,1
cubic_900.txt,2,2.427999973,ACO,942.000000000,797.000000000,5,0
cubic_900.txt,2,3.281000137,ACO,948.000000000,797.000000000,5,0
cubic_900.txt,2,4.337000132,HHO,792.000000000,792.000000000,5,1
cubic_900.txt,2,4.361000061,ACO,934.000000000,792.000000000,5,0
cubic_900.txt,2,5.543999910,ACO,807.000000000,792.000000000,5,0
cubic_900.txt,2,6.887000084,ACO,795.000000000,792.000000000,5,0
cubic_900.txt,2,7.769000053,HHO,791.000000000,791.000000000,5,1
cubic_900.txt,2,9.020999908,ACO,803.000000000,791.000000000,5,0
cubic_900.txt,2,9.976000071,ACO,793.000000000,791.000000000,5,0
cubic_900.txt,2,14.128000021,ACO,783.000000000,783.000000000,5,1
cubic_900.txt,2,16.016000032,ACO,785.000000000,783.000000000,5,0
cubic_900.txt,2,18.283999920,ACO,789.000000000,783.000000000,5,0
cubic_900.txt,2,24.138000011,ACO,786.000000000,783.000000000,5,0
cubic_900.txt,3,0.003999949,RVNS,1009.000000000,1009.000000000,1,1
cubic_900.txt,3,0.003999949,Tabu Search,1016.000000000,1009.000000000,2,0
cubic_900.txt,3,0.006000042,Tabu Search,1007.000000000,1007.000000000,3,1
cubic_900.txt,3,0.006000042,RVNS,1020.000000000,1007.000000000,4,0
cubic_900.txt,3,0.007999897,RVNS,1006.000000000,1006.000000000,5,1
cubic_900.txt,3,0.007999897,Tabu Search,1003.000000000,1003.000000000,5,1
cubic_900.txt,3,0.009999990,Tabu Search,1005.000000000,1003.000000000,5,0
cubic_900.txt,3,0.010999918,Tabu Search,1004.000000000,1003.000000000,5,0
cubic_900.txt,3,0.019000053,Tabu Search,1002.000000000,1002.000000000,5,1
cubic_900.txt,3,1.000000000,ACO,958.000000000,958.000000000,5,1
cubic_900.txt,3,1.829999924,ACO,948.000000000,948.000000000,5,1
cubic_900.txt,3,2.197999954,HHO,815.000000000,815.000000000,5,1
cubic_900.txt,3,2.596999884,ACO,949.000000000,815.000000000,5,0
cubic_900.txt,3,3.486000061,ACO,938.000000000,815.000000000,5,0
cubic_900.txt,3,4.517999887,ACO,936.000000000,815.000000000,5,0
cubic_900.txt,3,4.680000067,HHO,817.000000000,815.000000000,5,0
cubic_900.txt,3,5.497999907,ACO,807.000000000,807.000000000,5,1
cubic_900.txt,3,6.352999926,ACO,797.000000000,797.000000000,5,1
cubic_900.txt,3,7.450999975,ACO,826.000000000,797.000000000,5,0
cubic_900.txt,3,7.468999863,HHO,818.000000000,797.000000000,5,0
cubic_900.txt,3,9.557999849,ACO,812.000000000,797.000000000,5,0
cubic_900.txt,3,10.825000048,HHO,816.000000000,797.000000000,5,0
cubic_900.txt,3,12.471999884,ACO,803.000000000,797.000000000,5,0
cubic_900.txt,3,13.326999903,ACO,800.000000000,797.000000000,5,0
cubic_900.txt,3,15.171999931,ACO,788.000000000,788.000000000,5,1
cubic_900.txt,3,17.871999979,ACO,793.000000000,788.000000000,5,0
cubic_900.txt,3,19.588000059,ACO,789.000000000,788.000000000,5,0
cubic_900.txt,3,20.606999874,ACO,799.000000000,788.000000000,5,0
cubic_900.txt,3,22.036999941,ACO,794.000000000,788.000000000,5,0
cubic_900.txt,3,23.619999886,ACO,784.000000000,784.000000000,5,1
cubic_900.txt,3,25.217999935,ACO,792.000000000,784.000000000,5,0
cubic_900.txt,4,0.007999897,Tabu Search,1035.000000000,1035.000000000,1,1
cubic_900.txt,4,0.008999825,RVNS,991.000000000,991.000000000,2,1
cubic_900.txt,4,0.011999846,RVNS,1036.000000000,991.000000000,3,0
cubic_900.txt,4,0.011999846,Tabu Search,994.000000000,991.000000000,4,0
cubic_900.txt,4,0.015999794,RVNS,995.000000000,991.000000000,5,0
cubic_900.txt,4,0.015999794,Tabu Search,992.000000000,991.000000000,5,0
cubic_900.txt,4,0.020999908,RVNS,993.000000000,991.000000000,5,0
cubic_900.txt,4,0.023999929,RVNS,990.000000000,990.000000000,5,1
cubic_900.txt,4,0.055999994,RVNS,989.000000000,989.000000000,5,1
cubic_900.txt,4,1.976999998,ACO,957.000000000,957.000000000,5,1
cubic_900.txt,4,2.958999872,ACO,945.000000000,945.000000000,5,1
cubic_900.txt,4,3.480999947,HHO,792.000000000,792.000000000,5,1
cubic_900.txt,4,4.001999855,ACO,943.000000000,792.000000000,5,0
cubic_900.txt,4,5.005999804,ACO,786.000000000,786.000000000,5,1
cubic_900.txt,4,6.026999950,HHO,793.000000000,786.000000000,5,0
cubic_900.txt,4,6.117999792,ACO,782.000000000,782.000000000,5,1
cubic_900.txt,4,7.410999775,ACO,798.000000000,782.000000000,5,0
cubic_900.txt,4,8.357999802,ACO,785.000000000,782.000000000,5,0
cubic_900.txt,4,11.995999813,HHO,784.000000000,782.000000000,5,0
cubic_900.txt,4,13.281999826,ACO,790.000000000,782.000000000,5,0
cubic_900.txt,4,15.945999861,ACO,788.000000000,782.000000000,5,0
cubic_900.txt,4,19.621999979,ACO,780.000000000,780.000000000,5,1
cubic_900.txt,4,27.376999855,ACO,781.000000000,780.000000000,5,0
cubic_900.txt,5,0.004999876,RVNS,1019.000000000,1019.000000000,1,1
cubic_900.txt,5,0.004999876,Tabu Search,1026.000000000,1019.000000000,2,0
cubic_900.txt,5,0.006999969,Tabu Search,1020.000000000,1019.000000000,3,0
cubic_900.txt,5,0.006999969,RVNS,1016.000000000,1016.000000000,4,1
cubic_900.txt,5,0.009999990,Tabu Search,1018.000000000,1016.000000000,5,0
cubic_900.txt,5,0.010999918,Tabu Search,1022.000000000,1016.000000000,5,0
cubic_900.txt,5,0.012999773,Tabu Search,1021.000000000,1016.000000000,5,0
cubic_900.txt,5,0.023999929,Tabu Search,1015.000000000,1015.000000000,5,1
cubic_900.txt,5,0.025999784,Tabu Search,1017.000000000,1015.000000000,5,0
cubic_900.txt,5,1.073999882,ACO,963.000000000,963.000000000,5,1
cubic_900.txt,5,1.840999842,ACO,956.000000000,956.000000000,5,1
cubic_900.txt,5,2.216999769,HHO,795.000000000,795.000000000,5,1
cubic_900.txt,5,2.592999935,ACO,959.000000000,795.000000000,5,0
cubic_900.txt,5,3.470999956,ACO,933.000000000,795.000000000,5,0
cubic_900.txt,5,4.368999958,ACO,936.000000000,795.000000000,5,0
cubic_900.txt,5,4.582999945,HHO,812.000000000,795.000000000,5,0
cubic_900.txt,5,5.241999865,ACO,938.000000000,795.000000000,5,0
cubic_900.txt,5,6.085999966,ACO,820.000000000,795.000000000,5,0
cubic_900.txt,5,6.936999798,ACO,811.000000000,795.000000000,5,0
cubic_900.txt,5,7.791999817,ACO,823.000000000,795.000000000,5,0
cubic_900.txt,5,8.639999866,ACO,800.000000000,795.000000000,5,0
cubic_900.txt,5,9.536999941,ACO,798.000000000,795.000000000,5,0
cubic_900.txt,5,10.421999931,ACO,801.000000000,795.000000000,5,0
cubic_900.txt,5,11.435999870,ACO,807.000000000,795.000000000,5,0
cubic_900.txt,5,14.430999994,ACO,804.000000000,795.000000000,5,0
cubic_900.txt,5,15.560999870,ACO,794.000000000,794.000000000,5,1
cubic_900.txt,5,21.155999899,ACO,799.000000000,794.000000000,5,0
cubic_900.txt,5,22.101999998,ACO,797.000000000,794.000000000,5,0
cubic_900.txt,6,0.004999876,RVNS,1018.000000000,1018.000000000,1,1
cubic_900.txt,6,0.004999876,Tabu Search,1032.000000000,1018.000000000,2,0
cubic_900.txt,6,0.007999897,RVNS,1034.000000000,1018.000000000,3,0
cubic_900.txt,6,0.007999897,Tabu Search,1016.000000000,1016.000000000,4,1
cubic_900.txt,6,0.009999990,Tabu Search,1013.000000000,1013.000000000,5,1
cubic_900.txt,6,0.010999918,Tabu Search,1014.000000000,1013.000000000,5,0
cubic_900.txt,6,0.016000032,Tabu Search,1015.000000000,1013.000000000,5,0
cubic_900.txt,6,0.020999908,Tabu Search,1017.000000000,1013.000000000,5,0
cubic_900.txt,6,0.803999901,ACO,956.000000000,956.000000000,5,1
cubic_900.txt,6,1.506999969,ACO,962.000000000,956.000000000,5,0
cubic_900.txt,6,1.852999926,HHO,806.000000000,806.000000000,5,1
cubic_900.txt,6,2.181999922,ACO,950.000000000,806.000000000,5,0
cubic_900.txt,6,2.862999916,ACO,941.000000000,806.000000000,5,0
cubic_900.txt,6,3.796999931,ACO,809.000000000,806.000000000,5,0
cubic_900.txt,6,3.930000067,HHO,818.000000000,806.000000000,5,0
cubic_900.txt,6,4.785000086,ACO,798.000000000,798.000000000,5,1
cubic_900.txt,6,5.759999990,ACO,807.000000000,798.000000000,5,0
cubic_900.txt,6,6.614000082,HHO,802.000000000,798.000000000,5,0
cubic_900.txt,6,6.677000046,ACO,803.000000000,798.000000000,5,0
cubic_900.txt,6,8.799000025,ACO,801.000000000,798.000000000,5,0
cubic_900.txt,6,11.453000069,ACO,792.000000000,792.000000000,5,1
cubic_900.txt,6,13.223000050,ACO,790.000000000,790.000000000,5,1
cubic_900.txt,6,15.036999941,ACO,796.000000000,790.000000000,5,0
cubic_900.txt,6,15.932999849,ACO,797.000000000,790.000000000,5,0
cubic_900.txt,6,18.889999866,ACO,784.000000000,784.000000000,5,1
cubic_900.txt,6,21.391999960,ACO,793.000000000,784.000000000,5,0
cubic_900.txt,7,0.003000021,RVNS,995.000000000,995.000000000,1,1
cubic_900.txt,7,0.003000021,Tabu Search,991.000000000,991.000000000,2,1
cubic_900.txt,7,0.003999949,RVNS,1000.000000000,991.000000000,3,0
cubic_900.txt,7,0.006000042,RVNS,999.000000000,991.000000000,4,0
cubic_900.txt,7,0.006999969,Tabu Search,996.000000000,991.000000000,5,0
cubic_900.txt,7,0.008000135,Tabu Search,989.000000000,989.000000000,5,1
cubic_900.txt,7,0.009999990,Tabu Search,993.000000000,989.000000000,5,0
cubic_900.txt,7,0.011000156,Tabu Search,994.000000000,989.000000000,5,0
cubic_900.txt,7,0.012000084,RVNS,992.000000000,989.000000000,5,0
cubic_900.txt,7,0.013999939,Tabu Search,990.000000000,989.000000000,5,0
cubic_900.txt,7,0.021000147,Tabu Search,987.000000000,987.000000000,5,1
cubic_900.txt,7,0.023000002,RVNS,988.000000000,987.000000000,5,0
cubic_900.txt,7,0.029999971,Tabu Search,986.000000000,986.000000000,5,1
cubic_900.txt,7,0.985000134,ACO,956.000000000,956.000000000,5,1
cubic_900.txt,7,1.860000134,ACO,955.000000000,955.000000000,5,1
cubic_900.txt,7,2.197999954,HHO,810.000000000,810.000000000,5,1
cubic_900.txt,7,2.571000099,ACO,949.000000000,810.000000000,5,0
cubic_900.txt,7,3.371999979,ACO,947.000000000,810.000000000,5,0
cubic_900.txt,7,4.255000114,ACO,941.000000000,810.000000000,5,0
cubic_900.txt,7,4.322000027,HHO,802.000000000,802.000000000,5,1
cubic_900.txt,7,5.131999969,ACO,792.000000000,792.000000000,5,1
cubic_900.txt,7,6.029000044,ACO,791.000000000,791.000000000,5,1
cubic_900.txt,7,6.914000034,ACO,807.000000000,791.000000000,5,0
cubic_900.txt,7,7.776999950,ACO,799.000000000,791.000000000,5,0
cubic_900.txt,7,8.638000011,ACO,785.000000000,785.000000000,5,1
cubic_900.txt,7,9.496999979,ACO,794.000000000,785.000000000,5,0
cubic_900.txt,7,10.398000002,ACO,781.000000000,781.000000000,5,1
cubic_900.txt,7,17.236000061,ACO,787.000000000,781.000000000,5,0
cubic_900.txt,8,0.004000187,Tabu Search,995.000000000,995.000000000,1,1
cubic_900.txt,8,0.004000187,RVNS,990.000000000,990.000000000,2,1
cubic_900.txt,8,0.006999969,Tabu Search,989.000000000,989.000000000,3,1
cubic_900.txt,8,0.006999969,RVNS,991.000000000,989.000000000,4,0
cubic_900.txt,8,0.009999990,Tabu Search,987.000000000,987.000000000,5,1
cubic_900.txt,8,0.013000011,Tabu Search,984.000000000,984.000000000,5,1
cubic_900.txt,8,0.016000032,RVNS,985.000000000,984.000000000,5,0
cubic_900.txt,8,0.017000198,Tabu Search,988.000000000,984.000000000,5,0
cubic_900.txt,8,0.029999971,Tabu Search,986.000000000,984.000000000,5,0
cubic_900.txt,8,0.800000191,ACO,956.000000000,956.000000000,5,1
cubic_900.txt,8,1.491000175,ACO,948.000000000,948.000000000,5,1
cubic_900.txt,8,1.815999985,HHO,798.000000000,798.000000000,5,1
cubic_900.txt,8,2.182000160,ACO,943.000000000,798.000000000,5,0
cubic_900.txt,8,2.854000092,ACO,942.000000000,798.000000000,5,0
cubic_900.txt,8,3.813000202,ACO,941.000000000,798.000000000,5,0
cubic_900.txt,8,3.956000090,HHO,789.000000000,789.000000000,5,1
cubic_900.txt,8,4.726000071,ACO,778.000000000,778.000000000,5,1
cubic_900.txt,8,5.621999979,ACO,794.000000000,778.000000000,5,0
cubic_900.txt,8,6.720000029,HHO,801.000000000,778.000000000,5,0
cubic_900.txt,8,8.926000118,ACO,790.000000000,778.000000000,5,0
cubic_900.txt,8,11.571000099,ACO,796.000000000,778.000000000,5,0
cubic_900.txt,8,12.512000084,ACO,793.000000000,778.000000000,5,0
cubic_900.txt,8,12.965000153,HHO,785.000000000,778.000000000,5,0
cubic_900.txt,8,14.330000162,ACO,781.000000000,778.000000000,5,0
cubic_900.txt,8,15.194000006,ACO,786.000000000,778.000000000,5,0
cubic_900.txt,8,15.975000143,HHO,777.000000000,777.000000000,5,1
cubic_900.txt,8,22.742000103,HHO,779.000000000,777.000000000,5,0
cubic_900.txt,9,0.003000021,RVNS,987.000000000,987.000000000,1,1
cubic_900.txt,9,0.003999949,Tabu Search,1002.000000000,987.000000000,2,0
cubic_900.txt,9,0.005000114,RVNS,985.000000000,985.000000000,3,1
cubic_900.txt,9,0.005000114,Tabu Search,982.000000000,982.000000000,4,1
cubic_900.txt,9,0.008000135,Tabu Search,984.000000000,982.000000000,5,0
cubic_900.txt,9,0.008000135,RVNS,983.000000000,982.000000000,5,0
cubic_900.txt,9,0.009000063,Tabu Search,986.000000000,982.000000000,5,0
cubic_900.txt,9,0.011000156,Tabu Search,981.000000000,981.000000000,5,1
cubic_900.txt,9,0.023000002,Tabu Search,978.000000000,978.000000000,5,1
cubic_900.txt,9,0.026000023,RVNS,980.000000000,978.000000000,5,0
cubic_900.txt,9,0.871000051,ACO,959.000000000,959.000000000,5,1
cubic_900.txt,9,1.572000027,ACO,957.000000000,957.000000000,5,1
cubic_900.txt,9,1.842000008,HHO,801.000000000,801.000000000,5,1
cubic_900.txt,9,2.256999969,ACO,947.000000000,801.000000000,5,0
cubic_900.txt,9,2.965000153,ACO,942.000000000,801.000000000,5,0
cubic_900.txt,9,3.883000135,ACO,792.000000000,792.000000000,5,1
cubic_900.txt,9,3.901999950,HHO,789.000000000,789.000000000,5,1
cubic_900.txt,9,4.756999969,ACO,795.000000000,789.000000000,5,0
cubic_900.txt,9,5.664000034,ACO,794.000000000,789.000000000,5,0
cubic_900.txt,9,10.269000053,ACO,791.000000000,789.000000000,5,0
cubic_900.txt,9,13.335999966,ACO,783.000000000,783.000000000,5,1
cubic_900.txt,9,18.114000082,ACO,793.000000000,783.000000000,5,0
cubic_900.txt,9,19.051000118,ACO,786.000000000,783.000000000,5,0
cubic_900.txt,9,20.944000006,ACO,775.000000000,775.000000000,5,1
cubic_900.txt,10,0.003999949,Tabu Search,987.000000000,987.000000000,1,1
cubic_900.txt,10,0.004999876,RVNS,997.000000000,987.000000000,2,0
cubic_900.txt,10,0.007999897,Tabu Search,984.000000000,984.000000000,3,1
cubic_900.txt,10,0.010999918,Tabu Search,990.000000000,984.000000000,4,0
cubic_900.txt,10,0.011999846,RVNS,996.000000000,984.000000000,5,0
cubic_900.txt,10,0.013999939,Tabu Search,988.000000000,984.000000000,5,0
cubic_900.txt,10,0.019000053,RVNS,985.000000000,984.000000000,5,0
cubic_900.txt,10,0.020999908,Tabu Search,989.000000000,984.000000000,5,0
cubic_900.txt,10,0.027999878,Tabu Search,986.000000000,984.000000000,5,0
cubic_900.txt,10,0.036000013,RVNS,983.000000000,983.000000000,5,1
cubic_900.txt,10,0.871000051,ACO,936.000000000,936.000000000,5,1
cubic_900.txt,10,1.878999949,HHO,814.000000000,814.000000000,5,1
cubic_900.txt,10,2.389999866,ACO,939.000000000,814.000000000,5,0
cubic_900.txt,10,3.190999985,ACO,942.000000000,814.000000000,5,0
cubic_900.txt,10,4.349999905,ACO,937.000000000,814.000000000,5,0
cubic_900.txt,10,4.365000010,HHO,818.000000000,814.000000000,5,0
cubic_900.txt,10,6.369999886,ACO,820.000000000,814.000000000,5,0
cubic_900.txt,10,7.128999949,HHO,815.000000000,814.000000000,5,0
cubic_900.txt,10,7.259999990,ACO,823.000000000,814.000000000,5,0
cubic_900.txt,10,9.078000069,ACO,804.000000000,804.000000000,5,1
cubic_900.txt,10,10.029000044,HHO,796.000000000,796.000000000,5,1
cubic_900.txt,10,10.951999903,ACO,817.000000000,796.000000000,5,0
cubic_900.txt,10,11.848999977,ACO,786.000000000,786.000000000,5,1
cubic_900.txt,10,12.750999928,ACO,798.000000000,786.000000000,5,0
cubic_900.txt,10,13.708999872,ACO,803.000000000,786.000000000,5,0
cubic_900.txt,10,14.611999989,ACO,792.000000000,786.000000000,5,0
cubic_900.txt,10,15.677000046,ACO,794.000000000,786.000000000,5,0
cubic_900.txt,10,16.646999836,ACO,785.000000000,785.000000000,5,1
cubic_900.txt,10,18.526000023,ACO,780.000000000,780.000000000,5,1
cubic_900.txt,10,20.632999897,ACO,784.000000000,780.000000000,5,0
cubic_900.txt,10,23.493000031,ACO,791.000000000,780.000000000,5,0
